{"elements":[{"type":"way","id":71502895,"bounds":{"minlat":26.8347856,"minlon":58.269144,"maxlat":27.2804915,"maxlon":58.8082362},"nodes":[3320491001,12558303724,12558303723,12558303722,12558303721,12558303720,12558303719,12558303718,12558303717,12558303716,12558303715,12558303714,12558303713,12558303712,12558303711,12558303710,12558303709,12558303708,12558303707,12558303706,12558303705,2518841567,2518841566,2518841565,2518841564,2518841563,2518841562,2518841561,2518841560,2518841559,2518841558,2518841557,2518841556,2518841555,2518841554,2518841553,2518841552,2518841551,2518841550,2518841549,13185468609,12558291392,2518841548,8973369732,8973369711,8973369710,2518841547,2518841546,2518841545,8973358612,8973358611,2518841544,2518841543,2518841542,2518841541,2518841540,2518841539,2518841538,2518841537,8973369434,2518841536,12558291391,12558291381,2518841535,12558291375,2518841534,2518841533,2518841532,2518841531,2518841530,12558086495,2518841529,2518841528,2518841527,2518841526,2518841525,2518841524,2518841523,2518841522,6899475267,2518841521,2518841520,2518841519,2518841518,2518841517,2518841516,2518841515,2518841514,2518841513,2518841512,2518841511,2518841510,2518841509,2518841508,2518841507,2518841506,2518841505,2518841503,2518841501,2518841499,2518841497,2518841494,2518841492,2518841489,2518841488,2518841485,2518841483,2518841481,2518841479,2518841477,2518841475,2518841473,2518841471,2518841469,2518841467,2518841465,2518841463,2518841461,2518841460,2518841459,2518841458,2518841457,2518841456,2518841455,2518841454,2518841453,2518841452,2518841451,2518841450,2518841449,2518841448,2518841447,2518841446,2518841445,2518841444,2518841443,2518841442,2518841441,2518841440,2518841439,2518841438,2518841437,2518841436,2518841435,2518778392,2518778391,2518778390,2518778389,2518778388,2518778387,2518778386,2518778384,2518778382,2518778380,2518778379,2518778377,2518778374,2518778372,2518778371,2518778369,2518778367,2518778365,2518778363,2518778360,2518778358,2518778356,2518778354,2518778351,7924191186,7924188081,2518778349,2518778341,2518778339,2518778337,2518778335,2518778333,2518778331,2518778328,2518778325,2518778322,2518778319,2518778317,2518778314,2518778312,2518778310,8227747032,2518778308,8973292697,2518778306,2518778304,2518778302,8973292690,2518778300,2518778298,2518778296,2518778294,2518778291,2518778289,2518778287,8973292670,2518778285,2518778283,2518778281,2518778278,8973300745,2518778276,2518778274,2518778272,2518778270,2518778268,8973300733,2518778266,2518778264,2518778262,2518778260,2518778258,8227747004,2518778256,2518778254,2518778252,2518778250,2518778248,2518778246,2518778244,2518778242,850577777,13185468398,8227736483,8973287366,850577778,8227746997,8227746935,8227747007,8227736498,8227746951,8227736495,8227746948,850577780,8227736465,8227746987,8227736507,850577781,8973287008,8227776264,850577783,8227776267,8227776283,850577784,8227776298,8227784451,850577786,8227784427,8973286980,8973286979,8227776281,8227776230,850577787,13185468366,13185468365,8227776237,8227776259,850577789,8227784425,8227776238,8227776244,8973289826,850577790,8227776272,8227776268,8227776299,850577792,5252372911,8227776226,8973286903,8233988502],"geometry":[{"lat":26.8347856,"lon":58.8047485},{"lat":26.8372021,"lon":58.8046649},{"lat":26.8375746,"lon":58.8044804},{"lat":26.8380425,"lon":58.8039755},{"lat":26.8392727,"lon":58.8026938},{"lat":26.8400611,"lon":58.8022374},{"lat":26.8410055,"lon":58.8020724},{"lat":26.8430327,"lon":58.8020918},{"lat":26.8450773,"lon":58.8022374},{"lat":26.8454238,"lon":58.8024219},{"lat":26.845701,"lon":58.8026452},{"lat":26.8460995,"lon":58.8032375},{"lat":26.846654,"lon":58.8037813},{"lat":26.8474077,"lon":58.8044415},{"lat":26.8484992,"lon":58.8043541},{"lat":26.8490623,"lon":58.8044707},{"lat":26.8508988,"lon":58.8055679},{"lat":26.8513233,"lon":58.8056261},{"lat":26.8518258,"lon":58.8057426},{"lat":26.8523542,"lon":58.8061699},{"lat":26.8545112,"lon":58.8077331},{"lat":26.8552518,"lon":58.8079756},{"lat":26.8559152,"lon":58.8080277},{"lat":26.8562327,"lon":58.8080421},{"lat":26.8577013,"lon":58.808229},{"lat":26.8579867,"lon":58.8082362},{"lat":26.858163,"lon":58.8082074},{"lat":26.8583137,"lon":58.8081283},{"lat":26.8584997,"lon":58.8079666},{"lat":26.8586472,"lon":58.8077402},{"lat":26.8590352,"lon":58.8069818},{"lat":26.8604043,"lon":58.8046024},{"lat":26.8613695,"lon":58.8029347},{"lat":26.8638159,"lon":58.7992722},{"lat":26.8660667,"lon":58.7959008},{"lat":26.8665124,"lon":58.7951856},{"lat":26.8667272,"lon":58.7947543},{"lat":26.8670311,"lon":58.7940623},{"lat":26.8702017,"lon":58.7869302},{"lat":26.8785274,"lon":58.7680894},{"lat":26.8791331,"lon":58.7667494},{"lat":26.8853174,"lon":58.7530663},{"lat":26.8857298,"lon":58.7521537},{"lat":26.8858391,"lon":58.751912},{"lat":26.8864047,"lon":58.7506621},{"lat":26.8864592,"lon":58.7505416},{"lat":26.8900224,"lon":58.7425381},{"lat":26.8920656,"lon":58.7379995},{"lat":26.8951183,"lon":58.7304172},{"lat":26.8952883,"lon":58.729985},{"lat":26.8958085,"lon":58.7286628},{"lat":26.8972725,"lon":58.7249417},{"lat":26.8985959,"lon":58.7216325},{"lat":26.9005484,"lon":58.7167501},{"lat":26.9022509,"lon":58.7124444},{"lat":26.9028975,"lon":58.710775},{"lat":26.9031094,"lon":58.7102814},{"lat":26.9033105,"lon":58.7098702},{"lat":26.9037207,"lon":58.709136},{"lat":26.9043177,"lon":58.7082157},{"lat":26.904763,"lon":58.7074099},{"lat":26.9050644,"lon":58.7069029},{"lat":26.9053035,"lon":58.7065007},{"lat":26.9056447,"lon":58.7059269},{"lat":26.9059377,"lon":58.7054363},{"lat":26.9061794,"lon":58.7050315},{"lat":26.9075091,"lon":58.7028192},{"lat":26.9078153,"lon":58.7022661},{"lat":26.9080293,"lon":58.7018042},{"lat":26.908238,"lon":58.7011812},{"lat":26.9085991,"lon":58.6999238},{"lat":26.9091079,"lon":58.6981522},{"lat":26.9102191,"lon":58.6943626},{"lat":26.9107893,"lon":58.692349},{"lat":26.9112036,"lon":58.6909134},{"lat":26.911355,"lon":58.6905381},{"lat":26.9114586,"lon":58.6903355},{"lat":26.9116737,"lon":58.6900436},{"lat":26.9126777,"lon":58.6887699},{"lat":26.9144445,"lon":58.6865769},{"lat":26.9147215,"lon":58.686233},{"lat":26.9149639,"lon":58.6859411},{"lat":26.915093,"lon":58.6858386},{"lat":26.9152381,"lon":58.6857562},{"lat":26.9153772,"lon":58.6857071},{"lat":26.9155838,"lon":58.6856693},{"lat":26.9164104,"lon":58.6855333},{"lat":26.918906,"lon":58.6850977},{"lat":26.9197621,"lon":58.6849448},{"lat":26.9199722,"lon":58.6848896},{"lat":26.9202025,"lon":58.6847768},{"lat":26.920388,"lon":58.684654},{"lat":26.920718,"lon":58.6843581},{"lat":26.9216737,"lon":58.6834433},{"lat":26.9237328,"lon":58.6815095},{"lat":26.926834,"lon":58.6785533},{"lat":26.9310958,"lon":58.6745212},{"lat":26.9319582,"lon":58.6736933},{"lat":26.9322146,"lon":58.6734187},{"lat":26.9325099,"lon":58.6730658},{"lat":26.9337219,"lon":58.6715581},{"lat":26.9370314,"lon":58.6674394},{"lat":26.9383272,"lon":58.6658265},{"lat":26.9389099,"lon":58.6651079},{"lat":26.9392708,"lon":58.6645942},{"lat":26.9400978,"lon":58.6634233},{"lat":26.9413297,"lon":58.6616976},{"lat":26.9418791,"lon":58.6609192},{"lat":26.9421393,"lon":58.6605397},{"lat":26.9422376,"lon":58.6603321},{"lat":26.9423475,"lon":58.6600499},{"lat":26.9434797,"lon":58.6566657},{"lat":26.9443876,"lon":58.6539589},{"lat":26.94497,"lon":58.652192},{"lat":26.9451134,"lon":58.65176},{"lat":26.9451933,"lon":58.6515969},{"lat":26.9452916,"lon":58.6514361},{"lat":26.9456091,"lon":58.6509972},{"lat":26.9497454,"lon":58.6454148},{"lat":26.9535291,"lon":58.6401616},{"lat":26.953998,"lon":58.6395109},{"lat":26.9542474,"lon":58.6391217},{"lat":26.9545889,"lon":58.6385288},{"lat":26.9549466,"lon":58.6378264},{"lat":26.9551879,"lon":58.6374494},{"lat":26.9555158,"lon":58.6370206},{"lat":26.9558302,"lon":58.6366983},{"lat":26.9578153,"lon":58.6349087},{"lat":26.9640823,"lon":58.6292451},{"lat":26.9646863,"lon":58.6287096},{"lat":26.9649749,"lon":58.6284645},{"lat":26.9651744,"lon":58.6283496},{"lat":26.9653982,"lon":58.628283},{"lat":26.9656328,