{"elements":[{"type":"way","id":1116294039,"bounds":{"minlat":27.629344,"minlon":56.7360091,"maxlat":27.6487015,"maxlon":56.8116811},"nodes":[13257098441,13257098440,13257098439,13257098438,13257098437,13257098436,13257098435,13257098434,13257098433,13257098432,13257098431,13257098430,13257098442,13257098429,13257098428,13257098427,13257106123,13257098426,13257098425,13257098424,13257098423,13257098422,13257098421,13257098420,13257098419,13257098418,13257098417,13257098416,13257098415,13257098414,13257098413,13257098412,13257098411,13257098410,13257098409,13257098408,13257098407,13257098406,13257098405,13257098404,13257098403,13257098402,13257098401,13257098400,13257098399,13257098398,13257098397,13257098396,13257098395,13257098394,13257098393,13257098392,13257098391,13257098390,13257098389,13257098388,13257098387,13257098386,13257098385,13257098384,13257098383,13257098382,13257098381,13257098380,13257098379,13257098378,13257098377,13257098376,13257098375,13257098374,13257098344,13257098343,13257098342,13257098341,13257098340,13257098345,13257098339,13257098338,13257098337,13257098336,13257098335,13257098334,13257098333,13257098332,13257098331,13257098330,13257098329,13257098328,13257098327,13257098326,13257098325,13257098324,13257098323,13257098322,13257098321,13257098320,13257098319,13257098318,13257098317,13257098316,13257098315,13257098314,13257098313,13257098312,13257098311,13257098310,13257098309,10209834665,10209834666,10209834667,10209834668,10209834669,10209834670,10209834671,10209834672,10209834673,10209834674,10209834675,10209834676,10209834677,10209834678,10209834679,10209834680,10209834681,10209834682,10209834683,10209834684,10209834685,10209834686,10209834687,10209834688,10209834689,10209834690,10209834691,10209834692,10209834693,10209834694,10209834695,10209834696,10209834697,10209834698,10209834699,10209834700,10209834701,10209834702,10209834703,10209834704,10209834705,10209834706,10209834707,10209834708,10209834709,10209834710,10209834711,10209834712,10209834713,10209834714,10209834715,10209834716,10209849017,10209849018,10209849019,10209849020,10209849021,10209849022,10209849023,10209849024,10209849025,10209849026,10209849027,10209849028,10209849029,10209849030,10209849031,10209849032,10209849033,10209849034,10209849035,10209849036,10209849037,10209849038,10209849039,10209849040,10209849041,10209849042,10209849043,10209849044,10209849045,10209849046,10209849047,10209849048,10209849049,10209849050,10209849051,10209849052,10209849053,10209849054,10209849055,10209849056,10209849057,10209849058,10209849059,10209849060,10209849061,10209849062,10209849063,10209849064,10209849065,10209849066,10209849067,10209849068,10209849069,10209849070,10209849071,13677698325,10209747861],"geometry":[{"lat":27.648685,"lon":56.7360091},{"lat":27.6487015,"lon":56.7363465},{"lat":27.6485989,"lon":56.7372568},{"lat":27.6484678,"lon":56.7380702},{"lat":27.6483805,"lon":56.7383907},{"lat":27.6483096,"lon":56.7387234},{"lat":27.6482441,"lon":56.7389576},{"lat":27.6481567,"lon":56.7391671},{"lat":27.6480257,"lon":56.7394629},{"lat":27.6479111,"lon":56.7397278},{"lat":27.6477037,"lon":56.7401037},{"lat":27.6475235,"lon":56.7405905},{"lat":27.6474427,"lon":56.7407755},{"lat":27.6473161,"lon":56.741065},{"lat":27.6471196,"lon":56.7414532},{"lat":27.6470541,"lon":56.7416812},{"lat":27.6470819,"lon":56.7418311},{"lat":27.6471032,"lon":56.7419462},{"lat":27.6472724,"lon":56.742396},{"lat":27.6473543,"lon":56.7426425},{"lat":27.6473379,"lon":56.7427719},{"lat":27.6472888,"lon":56.7428582},{"lat":27.6472069,"lon":56.7429321},{"lat":27.6470268,"lon":56.7429506},{"lat":27.6466556,"lon":56.7430122},{"lat":27.6463281,"lon":56.7431355},{"lat":27.6460497,"lon":56.7433696},{"lat":27.6457495,"lon":56.7436654},{"lat":27.6454438,"lon":56.7439242},{"lat":27.6453183,"lon":56.7441646},{"lat":27.6452309,"lon":56.7447253},{"lat":27.6451436,"lon":56.7451628},{"lat":27.645089,"lon":56.7457236},{"lat":27.6449744,"lon":56.7460317},{"lat":27.6447888,"lon":56.7463275},{"lat":27.6445868,"lon":56.7465616},{"lat":27.6445486,"lon":56.7467773},{"lat":27.6445977,"lon":56.7470114},{"lat":27.6446851,"lon":56.747338},{"lat":27.6448379,"lon":56.747868},{"lat":27.645018,"lon":56.7484411},{"lat":27.6451272,"lon":56.7488601},{"lat":27.6451272,"lon":56.7490265},{"lat":27.6450344,"lon":56.7495749},{"lat":27.6449089,"lon":56.7502527},{"lat":27.6447178,"lon":56.7509121},{"lat":27.644434,"lon":56.7515591},{"lat":27.6441665,"lon":56.7523293},{"lat":27.644041,"lon":56.7527052},{"lat":27.6439099,"lon":56.753038},{"lat":27.6438608,"lon":56.7533214},{"lat":27.6437899,"lon":56.7535063},{"lat":27.6437134,"lon":56.7538637},{"lat":27.6435442,"lon":56.7541163},{"lat":27.6433149,"lon":56.7543752},{"lat":27.6428946,"lon":56.7547695},{"lat":27.6427582,"lon":56.7549359},{"lat":27.642709,"lon":56.7551023},{"lat":27.6427472,"lon":56.7554782},{"lat":27.6427472,"lon":56.7558109},{"lat":27.6425835,"lon":56.7561868},{"lat":27.6424088,"lon":56.7567969},{"lat":27.642376,"lon":56.7571173},{"lat":27.6421904,"lon":56.7578383},{"lat":27.6421359,"lon":56.7584237},{"lat":27.6421795,"lon":56.7587934},{"lat":27.6420649,"lon":56.7590337},{"lat":27.6416773,"lon":56.759465},{"lat":27.6410004,"lon":56.7601182},{"lat":27.6405473,"lon":56.7604756},{"lat":27.6400779,"lon":56.76087},{"lat":27.6397558,"lon":56.7610056},{"lat":27.6395211,"lon":56.7610549},{"lat":27.6389533,"lon":56.7612521},{"lat":27.6386313,"lon":56.7614246},{"lat":27.6385724,"lon":56.761479},{"lat":27.6384511,"lon":56.761591},{"lat":27.6381345,"lon":56.7616772},{"lat":27.6380035,"lon":56.7615848},{"lat":27.6377578,"lon":56.7614554},{"lat":27.6375286,"lon":56.7614308},{"lat":27.6373921,"lon":56.7615355},{"lat":27.6372993,"lon":56.7617204},{"lat":27.6372829,"lon":56.7620223},{"lat":27.6375231,"lon":56.7626632},{"lat":27.6379434,"lon":56.7636368},{"lat":27.6380526,"lon":56.764062},{"lat":27.6380854,"lon":56.7644933},{"lat":27.6380854,"lon":56.7651773},{"lat":27.6381236,"lon":56.7656395},{"lat":27.6381673,"lon":56.7659661},{"lat":27.6381946,"lon":56.7663235},{"lat":27.6382273,"lon":56.766724},{"lat":27.6383856,"lon":56.7669951},{"lat":27.6385821,"lon":56.7672971},{"lat":27.6389643,"lon":56.7677346},{"lat":27.6393464,"lon":56.768092},{"lat":27.6395429,"lon":56.7683508},{"lat":27.6396193,"lon":56.7685233},{"lat":27.6396685,"lon":56.7687513},{"lat":27.6396193,"lon":56.7689485},{"lat":27.6393791,"lon":56.7695401},{"lat":27.6391335,"lon":56.7701871},{"lat":27.6388114,"lon":56.7710251},{"lat":27.6386531,"lon":56.7714811},{"lat":27.6385166,"lon":56.7717523},{"lat":27.6382764,"lon":56.7721282},{"lat":27.6381207,"lon":56.7724834},{"lat":27.6377846,"lon":56.7729667},{"lat":27.6372518,"lon":56.7730966},{"lat":27.6363394,"lon":56.7739978},{"lat":27.6356699,"lon":56.77483},{"lat":27.6353264,"lon":56.7750125},{"lat":27.6349324,"lon":56.7747844},{"lat":27.6345586,"lon":56.774602},{"lat":27.6332793,"lon":56.7748031},{"lat":27.6321844,"lon":56.775959},{"lat":27.6318207,"lon":56.775959},{"lat":27.6316288,"lon":56.7758678},{"lat":27.631356,"lon":56.7756283},{"lat":27.6309418,"lon":56.7757195},{"lat":27.6306387,"lon":56.7756853},{"lat":27.6301718,"lon":56.7769124},{"lat":27.6297011,"lon":56.7772788},{"lat":27.6293602,"lon":56.7779934},{"lat":27.629344,"lon":56.7784331},{"lat":27.6298075,"lon":56.7788522},{"lat":27.630144,"lon":56.7796214},{"lat":27.6305753,"lon":56.7800887},{"lat":27.6306357,"lon":56.7803321},{"lat":27.630489,"lon":56.7805463},{"lat":27.6300318,"lon":56.7807313},{"lat":27.6297213,"lon":56.7810429},{"lat":27.6301021,"lon":56.7814594},{"lat":27.6304453,"lon":56.7819136},{"lat":27.6308713,"lon":56.7820872},{"lat":27.6312736,"lon":56.7826882},{"lat":27.6314393,"lon":56.783129},{"lat":27.631399,"lon":56.7833587},{"lat":27.6309019,"lon":56.7841274},{"lat":27.6306514,"lon":56.7843395},{"lat":27.6306553,"lon":56.7844764},{"lat":27.6307845,"lon":56.7846664},{"lat":27.6310272,"lon":56.7856207},{"lat":27.6310074,"lon":56.7865567},{"lat":27.6311179,"lon":56.786989},{"lat":27.6311252,