{"elements":[{"type":"way","id":308106895,"bounds":{"minlat":27.3867228,"minlon":57.5786617,"maxlat":27.468938,"maxlon":57.8664552},"nodes":[3133917721,3133917725,3133917728,3133917729,7954759239,3133917731,7954759238,3133917732,7954759237,3133917736,7954759236,3133917738,3133917743,7954759235,7954759234,3133917750,3133917760,7954759233,7954759232,3133917768,7954759231,3133917772,3133917775,3133917782,3133917785,7954759230,3133917779,3133917776,3133917774,7954759229,3133917770,3133917763,3133917755,3133917749,7954762191,3133917742,3133917744,3133917748,7954695163,3133917752,3133917756,3133917764,7954762190,3133917767,3133917769,3133917771,3133917780,3133917783,7954762189,3133917781,7954762188,3133917773,3133917766,3133917761,3133917758,3133917759,7954762187,3133917757,3133917754,3133917753,3133917746,3133917741,3133917737,7954743366,3133917734,3133917730,3133917726,7954743365,3133917722,3133917720,3133917711,3133917710,3133917706,3133917703,3133917702,3133917695,3133917690,3133917675,8565502925,13185501144,3133917667,3133917660,3133917650,3133917643,3133917640,3133917639,3133917631,3133917612,3133917596,3133917588,3133917584,3133917573,3133917565,3133917541,3133917419,3133917416,3133917414,3133917412,3133917401,3133917398,3133917396,3133917390,3133917388,3133917387,3133917384,3133917383,3133917382,3133917381,3133917379,3133917380,3133917385,3133917386,3133917389,3133917392,3133917395,3133917399,3133917402,3133917405,3133917407,3133917408,3133917410,3133917409,3133917406,3133917404,3133917400,3133917394,3133917376,3133917374,3133917371,3133917367,3133917364,3133917355,3133917350,3133917313,3133917304,3133917303,3133917310,3133917314,3133917320,3133917327,3133917321,3133917315,3133917317,3133917316,3133917319,3133917344,3133917346,3133917347,3133917348,3133917340,3133917345,3133917351,3133917349,3133917343,3133917334,3133917328,3133917326,3133917324,3133917336,3133917337,3133917338,3133917333,3133917318,3133917312,10822081515,3133917299,8565495189,3133917272,3133917266,3133917264,3133917265,3133917269,3133917286,3133917292,3133917291,3133917281,3133917279,3133917276,3133917274,3133917275,3133917283,3133917282,3133917280,3133917273,3133917270,3133917268,3133917271,3133917285,3133917288,3133917287,3133917284,3133917289,3133917294,3133917297,3133917335,3133917342,3133917366,3133917368,3133917370,3133917373,3133917375,12504066976,3133917397,3133917417,3133917418,3133917420,3133917421,3133917422,3133917424,3133917425,3133917532,3133917549,3133917555,3133917561,3133917568,3133917593,3133917625,3133917626,8565495183,12504066960,3133917635,3133917652,3133917699,12504064911,12504064908,12504064909,3133917739,3133917790,3133917807,3133917818,3133917934,12504016167,3133917946,3133917967,3133918009,3133918130,3133918137,3133918152,3133918186,3133918199,3133918218],"geometry":[{"lat":27.4306689,"lon":57.5786617},{"lat":27.4313865,"lon":57.5809302},{"lat":27.4318348,"lon":57.5823538},{"lat":27.4320526,"lon":57.5830954},{"lat":27.4321859,"lon":57.5836439},{"lat":27.4322822,"lon":57.5841624},{"lat":27.4324061,"lon":57.5847825},{"lat":27.4325668,"lon":57.5854477},{"lat":27.4326347,"lon":57.5857025},{"lat":27.4326966,"lon":57.5858903},{"lat":27.432793,"lon":57.5860405},{"lat":27.4329537,"lon":57.5862256},{"lat":27.4332489,"lon":57.58653},{"lat":27.4333857,"lon":57.5866909},{"lat":27.4335071,"lon":57.5868814},{"lat":27.4335964,"lon":57.5870785},{"lat":27.4338357,"lon":57.5876163},{"lat":27.4340606,"lon":57.5881889},{"lat":27.4342082,"lon":57.588657},{"lat":27.4343046,"lon":57.5890969},{"lat":27.434382,"lon":57.589636},{"lat":27.4344653,"lon":57.5904058},{"lat":27.4345784,"lon":57.5915498},{"lat":27.4346617,"lon":57.5926454},{"lat":27.4346879,"lon":57.5935507},{"lat":27.4346748,"lon":57.5940992},{"lat":27.434607,"lon":57.5954135},{"lat":27.4345867,"lon":57.5963308},{"lat":27.4345558,"lon":57.5968404},{"lat":27.4344998,"lon":57.5972508},{"lat":27.4343873,"lon":57.5979237},{"lat":27.4341249,"lon":57.5995588},{"lat":27.4338273,"lon":57.601254},{"lat":27.4335369,"lon":57.603389},{"lat":27.4333072,"lon":57.6051901},{"lat":27.4332917,"lon":57.6054785},{"lat":27.4333167,"lon":57.6058406},{"lat":27.4334762,"lon":57.6065715},{"lat":27.4336414,"lon":57.6072376},{"lat":27.4336666,"lon":57.6073377},{"lat":27.4339261,"lon":57.6082572},{"lat":27.4340571,"lon":57.6088433},{"lat":27.4341356,"lon":57.6094656},{"lat":27.4341797,"lon":57.6100771},{"lat":27.4343642,"lon":57.6119117},{"lat":27.4344415,"lon":57.6123275},{"lat":27.4345665,"lon":57.6128693},{"lat":27.4346189,"lon":57.613222},{"lat":27.434632,"lon":57.6135291},{"lat":27.4346153,"lon":57.6138979},{"lat":27.4345534,"lon":57.6144209},{"lat":27.4344189,"lon":57.6151572},{"lat":27.4342201,"lon":57.616623},{"lat":27.4339868,"lon":57.6183142},{"lat":27.4339368,"lon":57.6188399},{"lat":27.4339071,"lon":57.6195453},{"lat":27.4339249,"lon":57.6203097},{"lat":27.4338916,"lon":57.6209776},{"lat":27.4338333,"lon":57.6215932},{"lat":27.4337047,"lon":57.6222624},{"lat":27.4334643,"lon":57.6232427},{"lat":27.4332203,"lon":57.6241292},{"lat":27.4329191,"lon":57.6250894},{"lat":27.4326561,"lon":57.6257238},{"lat":27.4325037,"lon":57.6259933},{"lat":27.4323204,"lon":57.6262414},{"lat":27.4320693,"lon":57.626515},{"lat":27.4313194,"lon":57.6272473},{"lat":27.4310361,"lon":57.6276281},{"lat":27.4306353,"lon":57.6282831},{"lat":27.4294684,"lon":57.6303801},{"lat":27.4292077,"lon":57.6309206},{"lat":27.4289635,"lon":57.6315246},{"lat":27.4287994,"lon":57.6320431},{"lat":27.4285899,"lon":57.6328571},{"lat":27.4283102,"lon":57.6337959},{"lat":27.4279829,"lon":57.6344772},{"lat":27.4268707,"lon":57.6365287},{"lat":27.4267881,"lon":57.6366761},{"lat":27.4265656,"lon":57.6370728},{"lat":27.4256529,"lon":57.6387005},{"lat":27.4244434,"lon":57.6408677},{"lat":27.4229037,"lon":57.6434628},{"lat":27.4212937,"lon":57.6464252},{"lat":27.4210213,"lon":57.646881},{"lat":27.4207117,"lon":57.6472717},{"lat":27.4180448,"lon":57.6504573},{"lat":27.415766,"lon":57.6532198},{"lat":27.4135821,"lon":57.6558474},{"lat":27.4125872,"lon":57.657131},{"lat":27.4121496,"lon":57.6575961},{"lat":27.410878,"lon":57.658596},{"lat":27.4082027,"lon":57.660712},{"lat":27.4063076,"lon":57.6622142},{"lat":27.4044869,"lon":57.6636512},{"lat":27.4033762,"lon":57.6645116},{"lat":27.4028065,"lon":57.6651069},{"lat":27.4021624,"lon":57.6660138},{"lat":27.4003746,"lon":57.6689204},{"lat":27.3997759,"lon":57.6700133},{"lat":27.3991565,"lon":57.6714876},{"lat":27.3981119,"lon":57.6742965},{"lat":27.397827,"lon":57.6750872},{"lat":27.3977197,"lon":57.6754034},{"lat":27.3975256,"lon":57.6763335},{"lat":27.3974389,"lon":57.6770172},{"lat":27.3973728,"lon":57.6783287},{"lat":27.3973522,"lon":57.6791844},{"lat":27.3972861,"lon":57.680561},{"lat":27.3973357,"lon":57.6818724},{"lat":27.397538,"lon":57.6852674},{"lat":27.3976123,"lon":57.6860766},{"lat":27.397955,"lon":57.6870021},{"lat":27.3984464,"lon":57.6876578},{"lat":27.398979,"lon":57.6881555},{"lat":27.4000566,"lon":57.6893786},{"lat":27.4004035,"lon":57.6899227},{"lat":27.4006925,"lon":57.6905459},{"lat":27.401126,"lon":57.6929549},{"lat":27.4013325,"lon":57.6942432},{"lat":27.401415,"lon":57.694857},{"lat":27.4013944,"lon":57.6955267},{"lat":27.4010145,"lon":57.6973591},{"lat":27.400676,"lon":57.6986845},{"lat":27.4002342,"lon":57.6994705},{"lat":27.3987354,"lon":57.7008936},{"lat":27.3964933,"lon":57.702912},{"lat":27.3957295,"lon":57.7033584},{"lat":27.3951349,"lon":57.703684},{"lat":27.3945362,"lon":57.7042513},{"lat":27.3938259,"lon":57.7048048},{"lat":27.3925129,"lon":57.7056884},{"lat":27.3918026,"lon":57.7062651},{"lat":27.3902005,"lon":57.7086369},{"lat":27.3898371,"lon":57.709288},{"lat":27.3897958,"lon":57.7098926},{"lat":27.3899321,"lon":57.7105344},{"lat":27.3903739,"lon":57.7115203},{"lat":27.3906671,"lon":57.7123388},{"lat":27.3907662,"lon":57.7128085},{"lat":27.3906725,"lon":57.7136843},{"lat":27.3904827,"lon":57.7147563},{"lat":27.3905032,"lon":57.7164992},{"lat":27.3904944,"lon":57.7182849},{"lat":27.3905324,