{"elements":[{"type":"way","id":359388500,"bounds":{"minlat":26.6545477,"minlon":57.6724333,"maxlat":26.6839583,"maxlon":57.6989994},"nodes":[3641150798,3641150797,3641150794,3641150793,3641150790,3641150789,3641150785,3641150783,3641150782,3641150779,3641150777,3641150776,3641150774,3641150772,3641150770,3641150768,3641150766,3641150765,3641150764,3641150763,3641150762,3641150761,3641150760,3641150759,3641150758,3641150757,3641150756,3641150755,3641150754,3641150753,3641150752,3641150751,3641150750,3641150749,3641150748,3641150747,3641150746,3641150745,3641150744,3641150743,3641150742,3641150738,3641150735,3641150736,3641150740,3641150741,3641150739,3641150737,3641150734,3641150733,3641150732,3641150731,3641150730,3641150729,3641150728,3641150727,3641150726,3641150725,3641150724,3641150723,3641150719,3641150716,3641150713,3641150712,3641150711,3641150709,3641150706,3641150703,3641150702,3641150704,3641150707,3641150715,3641150718,3641150721,3641150722,3641150720,3641150717,3641150714,3641150710,3641150708,3641150705,3641150701,3641150700,3641150699,3641150698,3641150697,3641150696,3641150695,3641150694,3641150693,3641150692,3641150691,3641150690,3641150689,3641150688,3641150687,3641150686,3641150685,3641150684,3641150683,3641150682,3641150681,3641150680,3641150672,3641150669,3641150667,3641150668,3641150671,3641150675,3641150677,3641150678,3641150679,3641150676,3641150674,3641150673,3641150670,3641150666,3641150665,3641150664,3641150663,3641150662,3641150661,3641150660,3641150659,3641150658,3641150657,3641150656,3641150655,3641150654,3641150653,3641150652,3641150651,3641150650,3641150649,3641150648,3641150647,3641150646,3641150645,3641150644,3641150643,3641150642,3641150641,3641150640,3641150639,3641150638,3641150636,3641150637,3641150635,3641150634,3641150633,3641150632,3641150631,3641150630,3641150629,3641150628,3641150627,3641150626,3641150625,3641150624,3641150623,3641150622,3641150621,3641150620,3641150619,3641150618,3641150617,3641150616,3641150615,3641150614,3641150613,3641150612,3641150611,3641150610,3641150609,3641150608,3641150607,3641150606,3641150605,3641150604,3641150603,3641150600,3641150599,3641150602,3641150601,3641150598,3641150597,3641150596,3641150595,3641150594,3641150593,3641150192,3641150183,3641150181,3641150178,3641150177,3641150179,3641150182,3641150185,3641150187,3641150190,3641150191,3641150189,3641150188,3641150186,3641150184,3641150180,3641150176,3641150175,3641150174,3641150173,3641150172,3641150171,3641150170,3641150169,3641150168,3641150167,3641150166,3641150165,3641150164,3641150163,3641150162,3641150161,3641150160,3641150159,3641150158,3641150154,3641150521,3641150519,3641150518,3641150523,3641150156,3641150157,3641150155,3641150522,3641150520,3641150517,3641150516,3641150515,3641150514,3641150513,3641150512,3641150511,3641150510,3641150502,3641150498,3641150494,3641150292,3641150288,3641150290,3641150493,3641150496,3641150499,3641150501,3641150504,3641150508,3641150509,3641150507,3641150506,3641150505,3641150503,3641150500,3641150497,3641150495,3641150289,3641150287,3641150286,3641150284,3641150279,3641150272,3641150271,3641150270,3641150267,3641150264,3641150265,3641150268,3641150269,3641150266,3641150263,3641150262,3641150260,3641150258,3641150257,3641150255,3641150254,3641150252,3641150250,3641150249,3641150246,3641150243,3641150241,3641150239,3641150234,3641150228,3641150225,3641150367,3641150366,3641150365,3641150362,3641150359,3641150357,3641150355,3641150354,3641150353,3641150352,3641150350,3641150349,3641150347,3641150346,3641150345,3641150344,3641150342,3641150341,3641150334,3641150329,3641150327],"geometry":[{"lat":26.6839583,"lon":57.6724333},{"lat":26.6838558,"lon":57.6725083},{"lat":26.6837502,"lon":57.6726529},{"lat":26.6836985,"lon":57.672702},{"lat":26.6836108,"lon":57.672741},{"lat":26.683422,"lon":57.6727888},{"lat":26.6832354,"lon":57.6728391},{"lat":26.6830387,"lon":57.6729423},{"lat":26.6829004,"lon":57.6729901},{"lat":26.6825868,"lon":57.6730555},{"lat":26.6821046,"lon":57.6730693},{"lat":26.6818517,"lon":57.6731171},{"lat":26.6817,"lon":57.6731863},{"lat":26.6815786,"lon":57.6732241},{"lat":26.6814729,"lon":57.6732857},{"lat":26.6813065,"lon":57.6734128},{"lat":26.681166,"lon":57.6736115},{"lat":26.6810255,"lon":57.6737688},{"lat":26.6809457,"lon":57.6738392},{"lat":26.6808221,"lon":57.6739072},{"lat":26.6806355,"lon":57.6739537},{"lat":26.6805759,"lon":57.6739927},{"lat":26.6805062,"lon":57.6740443},{"lat":26.6804354,"lon":57.674121},{"lat":26.6799521,"lon":57.6743676},{"lat":26.6795969,"lon":57.674594},{"lat":26.6793664,"lon":57.6746997},{"lat":26.6793237,"lon":57.67475},{"lat":26.6792574,"lon":57.6749299},{"lat":26.6792012,"lon":57.675018},{"lat":26.6791034,"lon":57.6750947},{"lat":26.6789798,"lon":57.6751689},{"lat":26.6788865,"lon":57.6751953},{"lat":26.6786942,"lon":57.6751777},{"lat":26.6786212,"lon":57.6751916},{"lat":26.6785447,"lon":57.6752293},{"lat":26.6784874,"lon":57.6753048},{"lat":26.6784402,"lon":57.6754105},{"lat":26.6783683,"lon":57.6754947},{"lat":26.6782884,"lon":57.6755312},{"lat":26.6781693,"lon":57.6755413},{"lat":26.6781322,"lon":57.6755589},{"lat":26.6781086,"lon":57.6756042},{"lat":26.6781131,"lon":57.675647},{"lat":26.6781592,"lon":57.6758243},{"lat":26.6781648,"lon":57.6759162},{"lat":26.6781569,"lon":57.6759879},{"lat":26.6781176,"lon":57.6760495},{"lat":26.6780434,"lon":57.6760986},{"lat":26.6779647,"lon":57.6760998},{"lat":26.6778354,"lon":57.6760822},{"lat":26.6777466,"lon":57.6760772},{"lat":26.677641,"lon":57.6761036},{"lat":26.6774049,"lon":57.6761917},{"lat":26.6772442,"lon":57.6762734},{"lat":26.6771509,"lon":57.6763452},{"lat":26.6770767,"lon":57.6764345},{"lat":26.6770014,"lon":57.6765653},{"lat":26.6769328,"lon":57.6766773},{"lat":26.676844,"lon":57.6767477},{"lat":26.6767428,"lon":57.6767829},{"lat":26.6766091,"lon":57.6767968},{"lat":26.6765158,"lon":57.6767955},{"lat":26.6764798,"lon":57.6768194},{"lat":26.6764517,"lon":57.6768609},{"lat":26.6763966,"lon":57.6768861},{"lat":26.6763292,"lon":57.6769087},{"lat":26.6763056,"lon":57.6769377},{"lat":26.6762921,"lon":57.676993},{"lat":26.6763067,"lon":57.6770421},{"lat":26.676355,"lon":57.6771096},{"lat":26.6765792,"lon":57.677332},{"lat":26.6767334,"lon":57.6774477},{"lat":26.6767843,"lon":57.6775402},{"lat":26.6767938,"lon":57.6776202},{"lat":26.6767668,"lon":57.6776878},{"lat":26.6766809,"lon":57.6777394},{"lat":26.6765585,"lon":57.6777643},{"lat":26.6764456,"lon":57.677775},{"lat":26.6763678,"lon":57.6777964},{"lat":26.6763121,"lon":57.6778355},{"lat":26.6761468,"lon":57.6780063},{"lat":26.6759862,"lon":57.6781486},{"lat":26.675929,"lon":57.6781824},{"lat":26.6757955,"lon":57.6782162},{"lat":26.6755777,"lon":57.6783194},{"lat":26.675123,"lon":57.6784955},{"lat":26.6750928,"lon":57.6785026},{"lat":26.6750562,"lon":57.678508},{"lat":26.6747669,"lon":57.6784831},{"lat":26.6746731,"lon":57.6784422},{"lat":26.6744569,"lon":57.6783265},{"lat":26.6742852,"lon":57.6782678},{"lat":26.6741724,"lon":57.6782518},{"lat":26.6740261,"lon":57.6782749},{"lat":26.6739021,"lon":57.6783087},{"lat":26.6737622,"lon":57.6784173},{"lat":26.6734236,"lon":57.6787321},{"lat":26.673112,"lon":57.6790399},{"lat":26.6729387,"lon":57.6791805},{"lat":26.6727098,"lon":57.6792801},{"lat":26.6725921,"lon":57.6793121},{"lat":26.6724618,"lon":57.679289},{"lat":26.6722647,"lon":57.6791538},{"lat":26.6721279,"lon":57.6789883},{"lat":26.672093,"lon":57.678846},{"lat":26.6721248,"lon":57.6787624},{"lat":26.6721947,"lon":57.6787144},{"lat":26.6723251,"lon":57.6786556},{"lat":26.6723712,"lon":57.6786129},{"lat":26.6723966,"lon":57.6785169},{"lat":26.6723982,"lon":57.678476},{"lat":26.67236,"lon":57.6783657},{"lat":26.6722901,"lon":57.6782482},{"lat":26.6722726,"lon":57.678218},{"lat":26.6721724,"lon":57.6781255},{"lat":26.6720246,"lon":57.6780081},{"lat":26.6718974,"lon":57.6779565},{"lat":26.671721,"lon":57.6779422},{"lat":26.6714364,"lon":57.6779974},{"lat":26.6712917,"lon":57.6779956},{"lat":26.6712122,"lon":57.678017},{"lat":26.6709865,