{"elements":[{"type":"way","id":359375056,"bounds":{"minlat":26.3288009,"minlon":57.6834108,"maxlat":26.4114048,"maxlon":57.7458455},"nodes":[3641016403,3641016402,3641016401,3641016400,3641016399,3641016398,3641016397,3641016396,3641016395,3641016394,3641016393,3641015592,3641015591,3641015590,3641015589,3641015588,3641015587,3641015586,3641015585,3641015584,3641015583,3641015582,3641015581,3641015580,3641015579,3641015578,3641015577,3641015576,3641015575,3641015574,3641015573,3641015572,3641015571,3641015570,3641015569,3641015568,3641015567,3641015566,3641015565,3641015564,3641015563,3641015562,3641015561,3641015560,3641015559,3641015558,3641015557,3641015556,3641015555,3641015554,3641015553,3641016326,3641016325,3641016324,3641016323,3641016314,3641016308,3641016307,3641016305,3641016302,3641016303,3641016304,3641016306,3641016309,3641016310,3641016312,3641016315,3641016318,3641016321,3641016322,3641016320,3641016319,3641016317,3641016316,3641016313,3641016311,3641016301,3641016300,3641016299,3641016298,3641016297,3641016296,3641016295,3641016294,3641016293,3641013092,3641013091,3641013090,3641013089,3641013088,3641013087,3641013086,3641013085,3641013084,3641013083,3641013082,3641013081,3641013080,3641013079,3641013078,3641013077,3641013076,3641013075,3641013074,3641013073,3641013070,3641013066,3641013065,3641013068,3641013072,3641013071,3641013069,3641013067,3641013064,3641013063,3641013062,3641013061,3641013060,3641013059,3641013058,3641013057,3641013056,3641013055,3641013054,3641013050,3641013052,3641013053,3641013051,3641013049,3641013048,3641013047,3641013046,3641013045,3641013044,3641013043,3641013042,3641013041,3641013040,3641013039,3641013038,3641013037,3641013036,3641013035,3641013034,3641013033,3641013032,3641013031,3641013030,3641013029,3641013028,3641013027,3641544497,3641544493,3641541890,3641541889,3641541891,3641544495,3641544496,3641544494,3641541892,3641541883,3641541881,3641541882,3641541884,3641541887,3641541888,3641541886,3641541885,3641541880,3641541879,3641541878,3641541877,3641541876,3641541875,3641541874,3641541873,3641541872,3641541871,3641541870,3641541869,3641541868,3641541867,3641541866,3641541865,3641541864,3641541863,3641541862,3641541861,3641541860,3641541859,3641541858,3641541857,3641541856,3641541855,3641541854,3641541853,3641541852,3641541851,3641541850,3641541849,3641541848,3641541847,3641541846,3641541845,3641541844,3641541843,3641541842,3641541841,3641541840,3641541839,3641541838,3641541837,3641541836,3641541835,3641541834,3641541833,3641541832,3641541831,3641541830,3641541829,3641541828,3641541827,3641541826,3641541825,3641541824,3641541823,3641541822,3641541821,3641541820,3641541819,3641541818,3641541817,3641541816,3641541815,3641541814,3641541813,3641541812,3641541811,3641541810,3641541809,3641541808,3641541807,3641541806,3641541805,3641541804,3641541803,3641541802,3641544051,3641544050,3641544049,3641544048,3641544047,3641544046,3641544045,3641544044,3641544043,3641544042,3641544041,3641544040,3641544039,3641544034,3641544031,3641544030,3641544029,3641544032,3641544037,3641544036,3641544035,3641544033,3641544028,3641544027,3641544026,3641544025,3641544024,3641544023,3641544022],"geometry":[{"lat":26.4114048,"lon":57.7295202},{"lat":26.4113098,"lon":57.7296878},{"lat":26.4111995,"lon":57.7297836},{"lat":26.4110126,"lon":57.7298486},{"lat":26.4102835,"lon":57.7300641},{"lat":26.4098607,"lon":57.7302522},{"lat":26.409349,"lon":57.7305327},{"lat":26.4079979,"lon":57.7315623},{"lat":26.4071952,"lon":57.732072},{"lat":26.4068797,"lon":57.7321815},{"lat":26.4066039,"lon":57.7321918},{"lat":26.4064293,"lon":57.7321336},{"lat":26.4062669,"lon":57.732007},{"lat":26.4059789,"lon":57.7317436},{"lat":26.4057369,"lon":57.7316102},{"lat":26.405504,"lon":57.7315692},{"lat":26.4052405,"lon":57.7316205},{"lat":26.404735,"lon":57.7317915},{"lat":26.4027864,"lon":57.7321302},{"lat":26.4023758,"lon":57.7321541},{"lat":26.401999,"lon":57.732096},{"lat":26.4017937,"lon":57.7319968},{"lat":26.4015976,"lon":57.7318428},{"lat":26.4014475,"lon":57.7316684},{"lat":26.4012943,"lon":57.7315966},{"lat":26.4011472,"lon":57.7316273},{"lat":26.4008285,"lon":57.731665},{"lat":26.4004884,"lon":57.7316273},{"lat":26.4001545,"lon":57.7315008},{"lat":26.3998358,"lon":57.7312682},{"lat":26.3994344,"lon":57.7308577},{"lat":26.3991372,"lon":57.7305738},{"lat":26.3989871,"lon":57.7304985},{"lat":26.3988033,"lon":57.730478},{"lat":26.3985918,"lon":57.7305225},{"lat":26.3978994,"lon":57.7307037},{"lat":26.3974551,"lon":57.7309227},{"lat":26.3970384,"lon":57.7312476},{"lat":26.3967749,"lon":57.7313879},{"lat":26.3962509,"lon":57.7315316},{"lat":26.3958618,"lon":57.7316137},{"lat":26.3956902,"lon":57.7315931},{"lat":26.3954972,"lon":57.7314905},{"lat":26.394483,"lon":57.7309808},{"lat":26.3942041,"lon":57.7309056},{"lat":26.3939682,"lon":57.7308885},{"lat":26.3937108,"lon":57.7309535},{"lat":26.3924484,"lon":57.7312066},{"lat":26.3921205,"lon":57.7312305},{"lat":26.3917528,"lon":57.7311792},{"lat":26.389204,"lon":57.7301537},{"lat":26.3871672,"lon":57.7294377},{"lat":26.3870276,"lon":57.7294004},{"lat":26.3868361,"lon":57.7293918},{"lat":26.3864852,"lon":57.7294893},{"lat":26.3859964,"lon":57.7296313},{"lat":26.3854081,"lon":57.7297441},{"lat":26.385284,"lon":57.7298108},{"lat":26.3852028,"lon":57.7299066},{"lat":26.3851568,"lon":57.7300486},{"lat":26.3851629,"lon":57.7302196},{"lat":26.3851675,"lon":57.7302607},{"lat":26.385215,"lon":57.7304009},{"lat":26.3855919,"lon":57.731174},{"lat":26.3856594,"lon":57.7312817},{"lat":26.3857896,"lon":57.7314066},{"lat":26.3860102,"lon":57.7316307},{"lat":26.3861834,"lon":57.7319231},{"lat":26.3863029,"lon":57.7322036},{"lat":26.3863259,"lon":57.732414},{"lat":26.3862967,"lon":57.7326107},{"lat":26.3862171,"lon":57.7327099},{"lat":26.3861328,"lon":57.7327492},{"lat":26.3860256,"lon":57.7327544},{"lat":26.3859076,"lon":57.7327219},{"lat":26.3857069,"lon":57.732609},{"lat":26.3846849,"lon":57.732113},{"lat":26.3844367,"lon":57.7320257},{"lat":26.3842406,"lon":57.7320001},{"lat":26.3839969,"lon":57.7320292},{"lat":26.3837993,"lon":57.7320428},{"lat":26.3835511,"lon":57.7320138},{"lat":26.3832508,"lon":57.731959},{"lat":26.3831021,"lon":57.7319693},{"lat":26.3824724,"lon":57.7321472},{"lat":26.3823238,"lon":57.7322259},{"lat":26.3818258,"lon":57.7327372},{"lat":26.3816757,"lon":57.7328159},{"lat":26.381478,"lon":57.7328758},{"lat":26.380882,"lon":57.7329681},{"lat":26.3805663,"lon":57.7329647},{"lat":26.3796684,"lon":57.7327851},{"lat":26.3795152,"lon":57.73278},{"lat":26.3793359,"lon":57.7328707},{"lat":26.3791965,"lon":57.7329989},{"lat":26.3789866,"lon":57.7333444},{"lat":26.3786924,"lon":57.733642},{"lat":26.37832,"lon":57.7338798},{"lat":26.377986,"lon":57.733967},{"lat":26.3776688,"lon":57.7339174},{"lat":26.3772275,"lon":57.73376},{"lat":26.3770053,"lon":57.7337327},{"lat":26.376797,"lon":57.7338113},{"lat":26.37623,"lon":57.7341534},{"lat":26.3759619,"lon":57.7343638},{"lat":26.3757596,"lon":57.7346357},{"lat":26.3756493,"lon":57.7348649},{"lat":26.3756477,"lon":57.7350907},{"lat":26.3757305,"lon":57.7357731},{"lat":26.3757856,"lon":57.7361306},{"lat":26.3757718,"lon":57.7362623},{"lat":26.3757458,"lon":57.7363837},{"lat":26.3756998,"lon":57.7364555},{"lat":26.3756263,"lon":57.7365034},{"lat":26.3755114,"lon":57.7365034},{"lat":26.3752172,"lon":57.7363837},{"lat":26.3750072,"lon":57.7362811},{"lat":26.3746165,"lon":57.7362007},{"lat":26.3745874,"lon":57.7361922},{"lat":26.3742763,"lon":57.7361665},{"lat":26.3741032,"lon":57.7361887},{"lat":26.3739806,"lon":57.7362589},{"lat":26.3738197,"lon":57.7363837},{"lat":26.3737048,"lon":57.7365359},{"lat":26.373668,"lon":57.7367224},{"lat":26.3736787,"lon":57.7369259},{"lat":26.3737017,"lon":57.7371671},{"lat":26.3736726,"lon":57.7373637},{"lat":26.3735852,"lon":57.7375365},{"lat":26.3734826,"lon":57.7376425},{"lat":26.3733661,"lon":57.7376938},{"lat":26.3730413,"lon":57.7377588},{"lat":26.3729294,"lon":57.7377451},{"lat":26.3724774,"lon":57.73761},{"lat":26.3724344,