{"elements":[{"type":"way","id":71503609,"bounds":{"minlat":28.2991385,"minlon":56.3469533,"maxlat":28.4402542,"maxlon":56.4344953},"nodes":[13655703008,7236384622,850590527,7236384621,7236384620,7236384619,7236384618,7236384609,7236384608,7236384607,7236384617,7236384606,7236384605,7236384616,7236384604,7236384603,7236384615,7236384612,7236384614,7236384601,7236384602,7236384613,7236384600,850590528,7236384599,7236384598,7236384611,7236384597,7236384596,7236384610,7236384595,7236384594,7236384593,850590532,7236384592,7236384591,7236384589,7236384590,7236384588,7236384587,7236384586,7236384585,7236380584,7236380583,7236380574,7236380582,7236380576,7236380581,7236380577,7236380580,7236380575,7236380579,7236380578,850590533,7236380573,7236380572,7236380571,7236380570,7236380569,7236380568,7236380567,7236380566,7236380565,7236380562,7236380563,7236380564,850590535,7236380561,7236380559,7236380560,7236380549,7236380558,7236380550,7236380557,7236380556,7236380551,7236380555,7236380548,7236380547,12574470332,7236380546,7236380545,7236380554,7236380553,12574470326,7236380544,7236380543,7236380542,7236380534,7236380539,7236380538,7236380536,7236380540,7236380535,7236380537,850590536,7236380541,7236380552,7236380533,7236380532,7236380531,7236380530,7236380529,7236380528,7236380527,7236380526,850590538,7238502301,7238502300,7238502298,7238502299,13185583055,7238502297,7238502296,7238502295,7238502294,7238502293,7238502292,7238502291,850590539,7238502289,7238502290,13195617860,7238502285,7238502288,7238502286,7238502287,7238502284,7238502283,850590541,7238502282,7238502281,7238502280,7238502279,7238502277,7238502278,7238502276,7238502275,7238502274,7238502273,7238502272,7238502271,7238502270,7238502268,7238502269,7238502267,7238502266,7238502265,850590543,7238502264,7238502262,7238502263,7238502261,7238502260,7238502259,12574444800,7238502258,7238502257,7238502256,7238502255,7238502254,7238502253,12574444794,7238502252,7238502250,7238502251,7238502246,7238502249,7238502248,7238502247,7238502245,7238502241,7238502244,7238502242,7238502243,7238502240,7238502239,7238502238,7238502237,7238502236,7238502235,7238502234,7238502233,12612580254,7238502232,7238502231,7238502230,7238502229,7238502228,7238502227,7238502226,7238502225,12574444767,7238502224,7238502223,7238502222,7238502221,7238502220,7238502219,7238502218,7238502217,850590544,7238502216,7238502215,7238502213,7238502214,7238502212,7238502211,7238502210,7238502209,7238502208,12574444761,7238502207,7238502206,7238502205,7238502204,7238502203,7238502202,7238502201,7238502200,7238502199,7238502198,7238502197,7238502196,7238502195,7238502194,7238502193,7238502192,7238502191,7238502190,7238502189,7238502188,7238502187,7238502186,7238502185,7238488584,7238488583,850590546,7238488582,7238488581,7238488580,7238488579,7238488578,7238488577,7238488576,7238488575,7238488574,7238488573,7238488572,7238488571,7238488570,7238488569,7238488568,7238488567,7238488566,7238488565,7238488564,7238488563,7238488562,7238488561,7238488560,7238488559,7238488558,7238488556,7238488557,7238488553,7238488554,7238488552,850590547,7238488551,7238488550,7238488548,7238488549,7238488547,7238488546,7238488545,7238488544,7238488543,7238488542,7238488541,7238488540,7238488539,7238488538,7238488537,7238488536,7238488535,7238488534,7238488533,7238488532,7238488531,7238488530,7238488529,7238488528,7238488527,7238488526,7238488525,7238488524,7238488523,7238488522,7238488521,7238488520,7238488519,7238488518,7238488517,7238488555,7238488516,7238488515,7238488514,7238488513,7238488512,7238488511,7238488510,7238488509,7238488508,7238488507,7238488506,7238488505],"geometry":[{"lat":28.2991385,"lon":56.4288273},{"lat":28.2999696,"lon":56.4289349},{"lat":28.3020856,"lon":56.4292287},{"lat":28.3045038,"lon":56.4295479},{"lat":28.307372,"lon":56.4299218},{"lat":28.310161,"lon":56.430294},{"lat":28.3142438,"lon":56.4308165},{"lat":28.3155432,"lon":56.4309822},{"lat":28.3176499,"lon":56.4313584},{"lat":28.3190281,"lon":56.4315933},{"lat":28.3198983,"lon":56.4317908},{"lat":28.3214366,"lon":56.4322245},{"lat":28.3226826,"lon":56.4326059},{"lat":28.3233289,"lon":56.4328115},{"lat":28.3241455,"lon":56.4330553},{"lat":28.3251508,"lon":56.4333563},{"lat":28.3260732,"lon":56.4336284},{"lat":28.3275793,"lon":56.4340616},{"lat":28.32862,"lon":56.4343357},{"lat":28.3291937,"lon":56.4344647},{"lat":28.3296454,"lon":56.4344953},{"lat":28.3305358,"lon":56.4344257},{"lat":28.3316036,"lon":56.4342889},{"lat":28.3323827,"lon":56.4341746},{"lat":28.3329162,"lon":56.4341044},{"lat":28.3335084,"lon":56.4340018},{"lat":28.3339046,"lon":56.4339418},{"lat":28.3343015,"lon":56.4338389},{"lat":28.3346776,"lon":56.4336517},{"lat":28.3349787,"lon":56.4334643},{"lat":28.3360248,"lon":56.4327828},{"lat":28.3368945,"lon":56.4322336},{"lat":28.337332,"lon":56.4319789},{"lat":28.3380794,"lon":56.4314952},{"lat":28.3387502,"lon":56.4310729},{"lat":28.3394135,"lon":56.4306708},{"lat":28.3405001,"lon":56.4299756},{"lat":28.3408532,"lon":56.4297677},{"lat":28.34157,"lon":56.4293391},{"lat":28.3424211,"lon":56.4287924},{"lat":28.3431011,"lon":56.4283643},{"lat":28.3438739,"lon":56.4278714},{"lat":28.3446168,"lon":56.4274265},{"lat":28.3451835,"lon":56.4270653},{"lat":28.3454671,"lon":56.4268917},{"lat":28.3456442,"lon":56.4267754},{"lat":28.3457977,"lon":56.4266669},{"lat":28.3459766,"lon":56.4265019},{"lat":28.3461166,"lon":56.4263192},{"lat":28.3462324,"lon":56.4261029},{"lat":28.3463096,"lon":56.4258808},{"lat":28.3463573,"lon":56.4256088},{"lat":28.3463707,"lon":56.4253601},{"lat":28.3463347,"lon":56.4240225},{"lat":28.3462917,"lon":56.4229667},{"lat":28.3462861,"lon":56.4221369},{"lat":28.3463632,"lon":56.4212233},{"lat":28.346452,"lon":56.4205841},{"lat":28.3465647,"lon":56.4200303},{"lat":28.3469785,"lon":56.4187759},{"lat":28.3474331,"lon":56.4174796},{"lat":28.3477882,"lon":56.4164783},{"lat":28.3479583,"lon":56.4160729},{"lat":28.3481302,"lon":56.415757},{"lat":28.3483875,"lon":56.4153553},{"lat":28.3487921,"lon":56.4147639},{"lat":28.3491757,"lon":56.4142915},{"lat":28.3498786,"lon":56.413539},{"lat":28.3504165,"lon":56.4130274},{"lat":28.350885,"lon":56.4125598},{"lat":28.3511627,"lon":56.4122758},{"lat":28.351293,"lon":56.4121539},{"lat":28.3513635,"lon":56.4120638},{"lat":28.3514417,"lon":56.4119075},{"lat":28.3514785,"lon":56.4117549},{"lat":28.3514905,"lon":56.4115523},{"lat":28.3514976,"lon":56.4112857},{"lat":28.351509,"lon":56.4105008},{"lat":28.3514958,"lon":56.4099376},{"lat":28.3514645,"lon":56.4097125},{"lat":28.3514503,"lon":56.4096099},{"lat":28.351276,"lon":56.4089264},{"lat":28.3511304,"lon":56.4083902},{"lat":28.3510381,"lon":56.4081313},{"lat":28.3509765,"lon":56.4080307},{"lat":28.3509422,"lon":56.4079748},{"lat":28.3507232,"lon":56.4077783},{"lat":28.3504859,"lon":56.4075547},{"lat":28.3503737,"lon":56.4074123},{"lat":28.3502712,"lon":56.4072207},{"lat":28.3502121,"lon":56.4070379},{"lat":28.3502273,"lon":56.4068364},{"lat":28.3503047,"lon":56.406598},{"lat":28.3504407,"lon":56.4063474},{"lat":28.350592,"lon":56.4060874},{"lat":28.3507737,"lon":56.4057835},{"lat":28.3512957,"lon":56.4049056},{"lat":28.3517605,"lon":56.4041254},{"lat":28.3520878,"lon":56.4036229},{"lat":28.3524073,"lon":56.4032248},{"lat":28.3527917,"lon":56.4027962},{"lat":28.3531832,"lon":56.4024205},{"lat":28.3534975,"lon":56.4021617},{"lat":28.3538381,"lon":56.4020069},{"lat":28.3541184,"lon":56.4019001},{"lat":28.3544781,"lon":56.4017173},{"lat":28.3553235,"lon":56.401048},{"lat":28.3559724,"lon":56.4005491},{"lat":28.356876,"lon":56.3998548},{"lat":28.3578213,"lon":56.3991134},{"lat":28.3598655,"lon":56.3974716},{"lat":28.3599349,"lon":56.3974175},{"lat":28.3608759,"lon":56.3966842},{"lat":28.361511,"lon":56.3961926},{"lat":28.362419,"lon":56.3954934},{"lat":28.3631011,"lon":56.3949589},{"lat":28.3637093,"lon":56.3944825},{"lat":28.3646666,"lon":56.3937534},{"lat":28.365725,"lon":56.3929136},{"lat":28.3668723,"lon":56.3920265},{"lat":28.3687957,"lon":56.3905145},{"lat":28.3720151,