{"elements":[{"type":"way","id":836878550,"bounds":{"minlat":27.448508,"minlon":56.327352,"maxlat":27.5584246,"maxlon":56.4685921},"nodes":[6798299080,6798299079,6798299078,6798299077,6798299076,6798299075,6798299074,6798299073,6798299072,6798299071,6798299070,6798299069,6798299068,6798299067,6798299066,6798299065,6798299064,6798299063,6798299062,6798299061,6798299060,6798299059,6798299058,6798299057,6798299056,6798299055,6798299054,6798299053,6798299052,6798299051,6798322396,6798299050,6798299049,6798322400,6798299048,6798299047,6798299046,6798299045,6798299044,6798299043,3729519836,3729519835,3729519834,3729519833,3729519832,3729519831,3729519830,6403363047,3729519829,3729519828,3729519827,3729519826,3729519825,6403363048,3729519724,3729519723,3729519722,3729519721,3729519720,3729519719,3729519718,3729519717,3729519716,3729519715,3729519714,3729519713,3729519712,3729519711,3729519710,3729519709,3729519708,3729519707,3729519706,3729519705,3729519704,3729519703,3729519702,3729519701,3729519700,3729519699,12543688930,3729519698,12543688931,3729519693,3729519694,3729519692,3729519691,3729519690,3729519689,3729519688,3729519687,3729519686,3729519685,3729519684,12542575984,3729519683,3729519682,3729519681,3729519680,3729519679,3729519678,3729519677,3729519676,9017593585,3729519675,3729519674,3729519673,3729519672,3729519671,3729519670,3729519669,3729519668,3729519667,3729519666,3729519665,3729519664,3729519663,3729519662,3729519661,3729519660,3729519659,3729519658,3729519657,3729519656,3729519655,3729519654,3729519653,3729519652,3729519651,9017593599,3729519650,3729519649,8971286120,8971286121,3729519648,3729519647,3729519646,3729519645,3729519644,3729519643,3729519642,3729519641,3729519640,3729519639,3729519638,3729519637,3729519636,3729519635,3729519634,3729519633,3729519632,3729519631,3729519630,3729519629,3729519628,3729519627,3729519626,8971286112,8971286113,8971286114,8971286115,8971286116,8971286117,8971286118,8971286119,3729519517,3729519516,3729519515,3729519514,3729519513,3729519512,3729519511,3729519510,3729519509,3729519508,3729519507,3729519506,3729519505,3729519504,3729519503,3729519502,3729519501,3729519500,3729519499,3729519498,3729519497,3729519496,3729519495,3729519494,3729519493,3729519492,3729519491,3729519490,3729519489,3729519488,3729519487,3729519486,3729519485,3729519484,3729519483,3729519482,3729519481,3729519480,3729519479,3729519478,3729519477,3729519476,3729519475,3729519474,3729519473,3729519472,3729519471,3729519470,3729519469,3729519468,3729519467,3729519466,3729519465,3729519464,3729519463,3729519462,3729519461,3729519460,8971286065,3729519459,3729519458,3729519457,3729519456,3729519455,3729519454,3729519453,3729519452,3729519451,3729519450,9017593661,9017593648,9017593662,3729519449,3729519448,9017593689,3729519447,10802862094,3729519446,10802862037,3729519445,3729519444,3729519443,3729519442,3729519441,3729519440,3729519439,3729519438,3729519437,3729519436,3729519435,3729519434,3729519433,3729519432,3729519431,3729519430,3729519429,3729519428,3729519427,8006537391,3729519426,3729519425],"geometry":[{"lat":27.5584246,"lon":56.4306801},{"lat":27.5580516,"lon":56.4308624},{"lat":27.5575729,"lon":56.4312481},{"lat":27.5572745,"lon":56.4315777},{"lat":27.5569823,"lon":56.4316268},{"lat":27.556659,"lon":56.4319564},{"lat":27.5561182,"lon":56.4323561},{"lat":27.5558633,"lon":56.4325384},{"lat":27.5552229,"lon":56.4350909},{"lat":27.5549867,"lon":56.4355537},{"lat":27.5546012,"lon":56.4361638},{"lat":27.5542966,"lon":56.4366266},{"lat":27.5542095,"lon":56.4370614},{"lat":27.5542282,"lon":56.4372928},{"lat":27.5543401,"lon":56.4376084},{"lat":27.5543898,"lon":56.4378819},{"lat":27.5543961,"lon":56.4383307},{"lat":27.5545266,"lon":56.4389968},{"lat":27.5545391,"lon":56.4392773},{"lat":27.5543525,"lon":56.4395929},{"lat":27.5541163,"lon":56.4403292},{"lat":27.5537433,"lon":56.4417878},{"lat":27.5536562,"lon":56.4420753},{"lat":27.5533951,"lon":56.4427415},{"lat":27.5533267,"lon":56.4431973},{"lat":27.5531589,"lon":56.4442562},{"lat":27.5531837,"lon":56.4445717},{"lat":27.5533081,"lon":56.4448733},{"lat":27.5533702,"lon":56.4450906},{"lat":27.5532956,"lon":56.4461776},{"lat":27.5532812,"lon":56.4462309},{"lat":27.5531402,"lon":56.4467526},{"lat":27.5527734,"lon":56.4472224},{"lat":27.5523512,"lon":56.4476202},{"lat":27.5522449,"lon":56.4477203},{"lat":27.5508772,"lon":56.4491859},{"lat":27.5502244,"lon":56.4496347},{"lat":27.5487446,"lon":56.4500695},{"lat":27.5485022,"lon":56.4500835},{"lat":27.5482597,"lon":56.4500344},{"lat":27.5479538,"lon":56.4498281},{"lat":27.5474013,"lon":56.4495023},{"lat":27.5466609,"lon":56.449084},{"lat":27.5464475,"lon":56.4489708},{"lat":27.5461713,"lon":56.4491123},{"lat":27.5457822,"lon":56.4494663},{"lat":27.5450291,"lon":56.4502024},{"lat":27.5442348,"lon":56.4512667},{"lat":27.5439537,"lon":56.4516069},{"lat":27.5432719,"lon":56.4522559},{"lat":27.5431289,"lon":56.4523803},{"lat":27.5427697,"lon":56.4528214},{"lat":27.5425759,"lon":56.4531153},{"lat":27.5423834,"lon":56.4535972},{"lat":27.5418659,"lon":56.4550016},{"lat":27.5416776,"lon":56.4558651},{"lat":27.5413638,"lon":56.4565305},{"lat":27.5409245,"lon":56.4571251},{"lat":27.5405354,"lon":56.4571109},{"lat":27.5402466,"lon":56.4569835},{"lat":27.5399203,"lon":56.4567145},{"lat":27.5397069,"lon":56.456488},{"lat":27.5392675,"lon":56.4564031},{"lat":27.5387278,"lon":56.4566013},{"lat":27.5382257,"lon":56.457026},{"lat":27.5374097,"lon":56.4577055},{"lat":27.537121,"lon":56.4579179},{"lat":27.5367821,"lon":56.4579886},{"lat":27.5363678,"lon":56.4579886},{"lat":27.5361795,"lon":56.4581302},{"lat":27.535941,"lon":56.4584558},{"lat":27.5358029,"lon":56.4590079},{"lat":27.535464,"lon":56.4594043},{"lat":27.5352129,"lon":56.459645},{"lat":27.5344974,"lon":56.4598715},{"lat":27.5341961,"lon":56.4602113},{"lat":27.5341459,"lon":56.4606218},{"lat":27.5340706,"lon":56.4611173},{"lat":27.5338697,"lon":56.461542},{"lat":27.5335559,"lon":56.4618044},{"lat":27.5328435,"lon":56.4621097},{"lat":27.5327148,"lon":56.4621649},{"lat":27.5326676,"lon":56.4621788},{"lat":27.5316603,"lon":56.4624763},{"lat":27.5314858,"lon":56.4625281},{"lat":27.5309253,"lon":56.462755},{"lat":27.5306309,"lon":56.4630001},{"lat":27.529476,"lon":56.4647273},{"lat":27.5283838,"lon":56.4664402},{"lat":27.5273543,"lon":56.4681107},{"lat":27.5269777,"lon":56.4684647},{"lat":27.5266136,"lon":56.4685921},{"lat":27.5258855,"lon":56.4685213},{"lat":27.5250103,"lon":56.4682865},{"lat":27.5247996,"lon":56.4682478},{"lat":27.5243718,"lon":56.4681691},{"lat":27.5205373,"lon":56.4678984},{"lat":27.5194952,"lon":56.4678701},{"lat":27.5157412,"lon":56.467686},{"lat":27.5149376,"lon":56.4676153},{"lat":27.5141784,"lon":56.4674301},{"lat":27.5137078,"lon":56.4673236},{"lat":27.5133431,"lon":56.4672755},{"lat":27.5130348,"lon":56.4672612},{"lat":27.5108947,"lon":56.4671622},{"lat":27.5072911,"lon":56.4669782},{"lat":27.5045035,"lon":56.4668649},{"lat":27.5016154,"lon":56.4667517},{"lat":27.5010252,"lon":56.4666809},{"lat":27.5007741,"lon":56.4665535},{"lat":27.4987649,"lon":56.4648547},{"lat":27.4983003,"lon":56.4644583},{"lat":27.4977855,"lon":56.4642035},{"lat":27.4971953,"lon":56.464161},{"lat":27.4961153,"lon":56.4643875},{"lat":27.4939177,"lon":56.4649538},{"lat":27.4932396,"lon":56.4650812},{"lat":27.4928754,"lon":56.4650812},{"lat":27.4892461,"lon":56.463708},{"lat":27.4889949,"lon":56.4635664},{"lat":27.4887437,"lon":56.4633399},{"lat":27.4884423,"lon":56.4630285},{"lat":27.4881032,"lon":56.4626179},{"lat":27.4877265,"lon":56.4621224},{"lat":27.4875883,"lon":56.4617119},{"lat":27.4872869,"lon":56.4601829},{"lat":27.4867971,"lon":56.4578329},{"lat":27.4867469,"lon":56.456573},{"lat":27.4866339,"lon":56.4551998},{"lat":27.4866103,"lon":56.4549743},{"lat":27.4865836,"lon":56.4547184},{"lat":27.4864455,"lon":56.4543928},{"lat":27.4863876,"lon":56.454349},{"lat":27.4862588,"lon":56.4542867},{"lat":27.4828787,"lon":56.4532603},{"lat":27.4824517,"lon":56.4530196},{"lat":27.4820247,