{"elements":[{"type":"way","id":359151389,"bounds":{"minlat":26.9222928,"minlon":57.9313865,"maxlat":26.9903399,"maxlon":57.9659047},"nodes":[3639167438,3639167436,3639167434,3639167432,6728925847,3639167430,3639167429,3639167427,3639167426,3639167424,3639167423,3639167421,3639167420,3639167419,3639167417,3639167416,3639167415,3639167414,3639167413,6728914613,3639167412,3639167410,3639167409,3639167407,3639167405,3639167404,3639167403,3639167402,3639167401,3639167400,3639167399,3639167397,3639167396,3639167395,3639167394,3639167393,3639165191,3639165190,3639165189,3639165188,3639165187,3639165186,3639165185,3639165184,3639165183,3639165182,3639165180,3639165179,3639165177,3639165176,3639165175,3639165174,3639165173,3639165171,3639165170,3639165167,3639165165,3639165164,3639165162,3639165161,3639165160,3639165159,3639165158,3639165157,3639165156,3639165155,3639165154,3639165153,3639165152,3639165151,3639165150,3639165149,3639165148,3639165146,3639372390,3639372389,3639372388,3639372387,3639372386,3639372385,3639372383,3639372381,3639372379,3639372378,3639372377,3639372375,3639372374,3639372373,3639372372,3639372371,3639372370,3639372369,3639372367,3639372365,3639372364,3639372362,3639372360,3639372359,3639372355,3639372353,3639372349,3639372348,3639372350,3639372352,3639372358,3639372357,3639372356,3639372354,3639372351,3639372347,3639372346,3639372345,3639372344,3639372343,3639372341,3639372342,3639372340,3639372339,3639372338,3639372337,3639372336,3639372335,3639372334,3639372333,3639372332,3639372331,3639372326,3639372323,3639372321,3639372322,3639372324,3639372328,3639372330,3639372329,3639372327,3639372325,3639372320,3639372319,3639372318,3639372317,3639372316,3639372315,3639372314,3639372313,3639372312,3639372311,3639372309,3639372308,3639372307,3639372306,3639372305,3639372304,3639372303,3639372302,3639372301,3639372300,3639372299,3639372298,3639372297,3639372296,3639372295,3639372293,3639372292,3639372290,3639372289,3639372288,3639372282,3639372280,3639372278,3639372277,3639372275,3639372272,3639372269,3639372267,3639372264,3639372263,3639372265,3639372271,3639372274,3639372283,3639372285,3639372287,3639372286,3639372284,3639372281,3639372279,3639372276,3639372273,3639372270,3639372268,3639372266,3639372262,3639372261,3639372260,3639372259,3639372258,3639372257,3639372255,3639372253,3639372252,3639372251,3639372250,3639372249,3639372247,3639372246,3639372245,3639372244,3639372242,3639372241,3639372239,3639372238,3639372237,3639372236,3639372234,3639372233,3639372232,3639372231,3639372230,3639372228,3639372224,3639372223,6728993780,3639372222,3639372220,3639372219,3639372218,3639372217,3639372215,3639372213,3639372210,3639372209,3639372207,3639372206,3639372204,3639372202,3639372200,3639372198,3639372197,3639372195,3639372194,6728993779,3639370492,6728993775,6728993774,3639370477,3639370475,3639370474,3639370471,6728993770,3639370462,3639370460,3639372100],"geometry":[{"lat":26.9903399,"lon":57.9659047},{"lat":26.9893514,"lon":57.9641469},{"lat":26.9881915,"lon":57.9619911},{"lat":26.9872033,"lon":57.9602356},{"lat":26.9869908,"lon":57.9599586},{"lat":26.9866585,"lon":57.9595254},{"lat":26.9863681,"lon":57.9592512},{"lat":26.9861297,"lon":57.9590983},{"lat":26.9858553,"lon":57.9589455},{"lat":26.9854948,"lon":57.9586848},{"lat":26.9848278,"lon":57.9580936},{"lat":26.9841488,"lon":57.9575677},{"lat":26.9837923,"lon":57.9573654},{"lat":26.9834417,"lon":57.9571991},{"lat":26.9826486,"lon":57.9568102},{"lat":26.9823621,"lon":57.9566798},{"lat":26.9822119,"lon":57.9565315},{"lat":26.9820797,"lon":57.9563292},{"lat":26.9819736,"lon":57.9560617},{"lat":26.9818505,"lon":57.955789},{"lat":26.9814287,"lon":57.9548547},{"lat":26.9811703,"lon":57.9543962},{"lat":26.9809039,"lon":57.9540119},{"lat":26.9800487,"lon":57.9528004},{"lat":26.9794477,"lon":57.9520204},{"lat":26.9792735,"lon":57.9515956},{"lat":26.9790892,"lon":57.9510135},{"lat":26.9787647,"lon":57.9491929},{"lat":26.9786025,"lon":57.9485321},{"lat":26.9784542,"lon":57.9476757},{"lat":26.9782479,"lon":57.9467721},{"lat":26.9778273,"lon":57.945183},{"lat":26.9773205,"lon":57.9436524},{"lat":26.9767897,"lon":57.9422071},{"lat":26.9765233,"lon":57.9414429},{"lat":26.9761847,"lon":57.9396538},{"lat":26.9758762,"lon":57.9378647},{"lat":26.9756419,"lon":57.9362541},{"lat":26.9755217,"lon":57.9357236},{"lat":26.9754656,"lon":57.9355708},{"lat":26.9751892,"lon":57.9352336},{"lat":26.975061,"lon":57.9351123},{"lat":26.9747957,"lon":57.9349435},{"lat":26.9745011,"lon":57.9348449},{"lat":26.9739317,"lon":57.9346256},{"lat":26.9737107,"lon":57.934508},{"lat":26.9731696,"lon":57.934187},{"lat":26.9720761,"lon":57.9336816},{"lat":26.9710364,"lon":57.9332079},{"lat":26.9706483,"lon":57.933084},{"lat":26.9704472,"lon":57.9330522},{"lat":26.9702262,"lon":57.933084},{"lat":26.9698381,"lon":57.9332556},{"lat":26.9685916,"lon":57.9337483},{"lat":26.9681128,"lon":57.9338182},{"lat":26.9671921,"lon":57.9339231},{"lat":26.9663875,"lon":57.9341202},{"lat":26.9657727,"lon":57.9341329},{"lat":26.9652712,"lon":57.9342315},{"lat":26.9649794,"lon":57.9342791},{"lat":26.9647613,"lon":57.9342346},{"lat":26.9645828,"lon":57.9341584},{"lat":26.9644695,"lon":57.9340026},{"lat":26.964393,"lon":57.9337928},{"lat":26.964325,"lon":57.9333891},{"lat":26.964291,"lon":57.9326612},{"lat":26.9642513,"lon":57.9322956},{"lat":26.9641692,"lon":57.931981},{"lat":26.964053,"lon":57.931803},{"lat":26.9638235,"lon":57.9315868},{"lat":26.9635884,"lon":57.9314438},{"lat":26.9633929,"lon":57.9313865},{"lat":26.9630019,"lon":57.931431},{"lat":26.9626704,"lon":57.9315073},{"lat":26.9622159,"lon":57.9316397},{"lat":26.9616102,"lon":57.9319002},{"lat":26.9610893,"lon":57.932206},{"lat":26.9604672,"lon":57.9325211},{"lat":26.9600453,"lon":57.9326842},{"lat":26.9592861,"lon":57.932845},{"lat":26.95842,"lon":57.9330965},{"lat":26.9576811,"lon":57.9332233},{"lat":26.9572571,"lon":57.9333547},{"lat":26.9568715,"lon":57.9334204},{"lat":26.956401,"lon":57.9333434},{"lat":26.956072,"lon":57.9332437},{"lat":26.9557449,"lon":57.9332528},{"lat":26.9551372,"lon":57.9333139},{"lat":26.9548262,"lon":57.9333003},{"lat":26.9544043,"lon":57.9331712},{"lat":26.9541539,"lon":57.9330919},{"lat":26.9539156,"lon":57.933135},{"lat":26.9537279,"lon":57.9332414},{"lat":26.9533846,"lon":57.9335789},{"lat":26.9531908,"lon":57.9337126},{"lat":26.9529869,"lon":57.9337239},{"lat":26.9526255,"lon":57.9336786},{"lat":26.9523751,"lon":57.9336582},{"lat":26.9521934,"lon":57.9336945},{"lat":26.9521187,"lon":57.9337352},{"lat":26.952046,"lon":57.9338304},{"lat":26.9520339,"lon":57.9339255},{"lat":26.9520561,"lon":57.9340365},{"lat":26.9521147,"lon":57.9341588},{"lat":26.9523166,"lon":57.9351192},{"lat":26.9522944,"lon":57.9352913},{"lat":26.952262,"lon":57.9354363},{"lat":26.9521914,"lon":57.9356017},{"lat":26.9520702,"lon":57.9357466},{"lat":26.9515554,"lon":57.9363016},{"lat":26.951414,"lon":57.9365303},{"lat":26.9512707,"lon":57.9368701},{"lat":26.9512061,"lon":57.9371578},{"lat":26.9511354,"lon":57.9376674},{"lat":26.951093,"lon":57.9380502},{"lat":26.9511051,"lon":57.9382858},{"lat":26.9510506,"lon":57.9387161},{"lat":26.9508951,"lon":57.9393255},{"lat":26.9508305,"lon":57.9394546},{"lat":26.9507316,"lon":57.9395656},{"lat":26.950564,"lon":57.9396562},{"lat":26.9503015,"lon":57.9397332},{"lat":26.950037,"lon":57.9397943},{"lat":26.9498311,"lon":57.9397603},{"lat":26.9496069,"lon":57.939638},{"lat":26.9495645,"lon":57.9396063},{"lat":26.9494151,"lon":57.9394659},{"lat":26.9492778,"lon":57.9392484},{"lat":26.9491991,"lon":57.9390604},{"lat":26.9492072,"lon":57.9387388},{"lat":26.9493303,"lon":57.9382609},{"lat":26.9495302,"lon":57.9375768},{"lat":26.9495645,"lon":57.9373526},{"lat":26.9495464,"lon":57.9371442},{"lat":26.9494636,"lon":57.9369992},{"lat":26.9493404,"lon":57.9368701},{"lat":26.9490254,"lon":57.9367365},{"lat":26.9488801,"lon":57.9367161},{"lat":26.9487731,"lon":57.936741},{"lat":26.9486257,"lon":57.9368474},{"lat":26.9483692,"lon":57.9371396},{"lat":26.9483329,