{"elements":[{"type":"way","id":1135621149,"bounds":{"minlat":26.6386214,"minlon":57.9205386,"maxlat":26.6821241,"maxlon":57.9779969},"nodes":[10586040660,10586059400,10586070543,10586070615,10586070769,10586070762,10586070776,10586070558,10586070720,10586070544,10586070796,10586070732,10586070755,10586070440,10586059396,10586059388,10586070536,10586070464,10586070446,10586070626,10586070658,10586070456,10586070651,10586070604,10586070593,10586070627,10586070522,10586070552,10586070594,10586070505,10586070765,10586070483,10586070504,10586070579,10586059378,10586070786,10586070551,10586059385,10586070682,10586070413,10586059372,10586070510,10586070676,10586070713,10586070547,10586070666,10586070410,10586070642,10586070746,10586070667,10586070758,10586059391,10586070545,10586070602,10586070735,10586070520,10586070717,10586070760,10586070613,10586070721,10586070541,10586070608,10586070478,10586070781,10586070753,10586070795,10586070731,10586070763,10586070503,10586070729,10586070750,10586070742,10586070687,10586070647,10586070680,10586059373,10586070706,10586070637,10586070679,10586070635,10586070533,10586070479,10586070471,10586070634,10586070598,10586070569,10586070553,10586059397,10586070480,10586070576,10586070577,10586070774,10586070492,10586070497,10586070535,10586070487,10586070663,10586070528,10586070714,10586070406,10586070656,10586059381,10586070620,10586070686,10586070674,10586070414,10586070490,10586070768,10586070506,10586070681,10586070429,10586070580,10586070648,10586070722,10586070756,10586070791,10586070476,10586070712,10586070514,10586070797,10586070595,10586070437,10586070777,10586070628,10586070630,10586070650,10586070424,10586070724,10586070672,10586070707,10586070472,10586070518,10586070431,10586070600,10586059374,10586070418,10586070416,10586070509,10586070573,10586070532,10586070653,10586059384,10586070423,10586070557,10586070495,10586070617,10586070668,10586070599,10586059380,10586070636,10586070512,10586070652,10586070597,10586070498,10586070432,10586070475,10586070526,10586070470,10586070455,10586070448,10586059376,10586070784,10586070629,10586070422,10586070738,10586070511,10586070715,10586070657,10586070782,10586070622,10586070530,10586070743,10586070556,10586070444,10586070612,10586059395,10586070764,10586070435,10586070521,10586070734,10586070485,10586070688,10586070425,10586070677,10586070452,10586059402,10586070793,10586070439,10586070646,10586070466,10586070502,10586070434,10586070496,10586070565,10586070524,10586070748,10586070575,10586070538,10586070493,10586070584,10586070571,10586070564,10586070549,10586070405,10586070638,10586070678,10586070484,10586070567,10586070415,10586059387,10586070461,10586070727,10586070589,10586070516,10586070477,10586070465,10586070438,10586070719,10586070711,10586070639,10586070523,10586070800,10586070749,10586070705,10586070605,10586070770,10586070581,10586070412,10586070570,10586070801,10586070572,10586070789,10586070704,10586070659,10586070726,10586070560,10586070757,10586070474,10586070555,10586070699,10586070459,10586070644,10586070566,10586070698,10586070693,10586070623,10586070550,10586059398,10586070624,10586070539,10586070745,10586070625,10586070561,10586070537,10586070494,10586070783,10586070513,10586070778,10586070583,10586070546,10586059392,10586059383,10586070427,10586070411,10586070654,10586070454,10586070468,10586070420,10586070586,10586070633,10586070675,10586070701,10586070606,10586070559,10586070590,10586070690,10586070607,10586070703,10586070752,10586070609,10586070716,10586070540,10586070792,10586070740,10586070751,10586059382,10586070453,10586070771,10586059379,10586070683,10586070421,10586070419,10586070736,10586070780,10586070692,10586070409,10586070645,10586070517,10586070669,10586070531,10586059401,10586070695,10586070417,10586070767,10586070486,10586070733,10586070481,10586059399],"geometry":[{"lat":26.6805254,"lon":57.9205386},{"lat":26.6806968,"lon":57.9207475},{"lat":26.6807097,"lon":57.9208835},{"lat":26.6807147,"lon":57.92106},{"lat":26.6807736,"lon":57.921355},{"lat":26.6807324,"lon":57.9215921},{"lat":26.6805978,"lon":57.9221393},{"lat":26.6805095,"lon":57.922376},{"lat":26.6802881,"lon":57.9228411},{"lat":26.6801613,"lon":57.9230838},{"lat":26.679855,"lon":57.923346},{"lat":26.6793741,"lon":57.9236584},{"lat":26.6792233,"lon":57.9237677},{"lat":26.6791569,"lon":57.9238728},{"lat":26.6791284,"lon":57.9240166},{"lat":26.6790932,"lon":57.9241963},{"lat":26.6789822,"lon":57.9243781},{"lat":26.6787373,"lon":57.9246579},{"lat":26.6785187,"lon":57.9248723},{"lat":26.6783268,"lon":57.9249659},{"lat":26.6782336,"lon":57.9250653},{"lat":26.6782531,"lon":57.9251378},{"lat":26.6783418,"lon":57.9252777},{"lat":26.6784813,"lon":57.9253746},{"lat":26.6785215,"lon":57.9254634},{"lat":26.6785229,"lon":57.9255437},{"lat":26.6784822,"lon":57.9256344},{"lat":26.6784449,"lon":57.9256914},{"lat":26.6784423,"lon":57.9257386},{"lat":26.6784557,"lon":57.9257775},{"lat":26.6785115,"lon":57.9258043},{"lat":26.6787873,"lon":57.9258676},{"lat":26.67886,"lon":57.9258533},{"lat":26.6789245,"lon":57.9257762},{"lat":26.6789683,"lon":57.9256437},{"lat":26.6790379,"lon":57.9255075},{"lat":26.6790923,"lon":57.9254306},{"lat":26.6791436,"lon":57.9253798},{"lat":26.6792152,"lon":57.9253636},{"lat":26.6792881,"lon":57.9253633},{"lat":26.6794674,"lon":57.9254124},{"lat":26.679589,"lon":57.9254771},{"lat":26.6796954,"lon":57.925579},{"lat":26.6797955,"lon":57.9257898},{"lat":26.6798906,"lon":57.9260968},{"lat":26.6799632,"lon":57.9263643},{"lat":26.6800173,"lon":57.9264375},{"lat":26.680321,"lon":57.9269628},{"lat":26.6807362,"lon":57.9276941},{"lat":26.6809195,"lon":57.927935},{"lat":26.6809136,"lon":57.9281021},{"lat":26.6809199,"lon":57.9283187},{"lat":26.6809596,"lon":57.9285572},{"lat":26.6810908,"lon":57.9288255},{"lat":26.6812171,"lon":57.9291013},{"lat":26.6814271,"lon":57.9294266},{"lat":26.6814894,"lon":57.929648},{"lat":26.6815484,"lon":57.9301547},{"lat":26.6816242,"lon":57.9307127},{"lat":26.6817183,"lon":57.9311383},{"lat":26.6818212,"lon":57.9315298},{"lat":26.6819155,"lon":57.9319437},{"lat":26.6819727,"lon":57.9322267},{"lat":26.6820044,"lon":57.9326579},{"lat":26.6821099,"lon":57.9330453},{"lat":26.6821241,"lon":57.9331631},{"lat":26.6820997,"lon":57.93327},{"lat":26.6820027,"lon":57.9333689},{"lat":26.6817994,"lon":57.9335064},{"lat":26.6816422,"lon":57.9336262},{"lat":26.6814664,"lon":57.9338436},{"lat":26.6813336,"lon":57.9339751},{"lat":26.6811665,"lon":57.9340713},{"lat":26.680942,"lon":57.9342043},{"lat":26.6808762,"lon":57.9342634},{"lat":26.6808078,"lon":57.9344073},{"lat":26.6807091,"lon":57.9346234},{"lat":26.6806203,"lon":57.9348057},{"lat":26.6804662,"lon":57.9350619},{"lat":26.6803887,"lon":57.9351326},{"lat":26.6802349,"lon":57.9353052},{"lat":26.6801241,"lon":57.935495},{"lat":26.6799674,"lon":57.9356671},{"lat":26.6797351,"lon":57.9358468},{"lat":26.6796236,"lon":57.9360108},{"lat":26.679548,"lon":57.9361615},{"lat":26.6793981,"lon":57.9363372},{"lat":26.6792174,"lon":57.9365431},{"lat":26.6790545,"lon":57.9367152},{"lat":26.6788915,"lon":57.936927},{"lat":26.6786544,"lon":57.9371763},{"lat":26.6786293,"lon":57.9372636},{"lat":26.678625,"lon":57.937411},{"lat":26.6785883,"lon":57.9376097},{"lat":26.6784886,"lon":57.9378861},{"lat":26.678406,"lon":57.9380406},{"lat":26.6781977,"lon":57.938385},{"lat":26.678132,"lon":57.9385015},{"lat":26.677904,"lon":57.9387086},{"lat":26.6777658,"lon":57.938748},{"lat":26.6775727,"lon":57.9388378},{"lat":26.6774063,"lon":57.9389415},{"lat":26.677369,"lon":57.9390111},{"lat":26.677335,"lon":57.93911},{"lat":26.6772785,"lon":57.9392747},{"lat":26.677195,"lon":57.9393746},{"lat":26.6770367,"lon":57.9395424},{"lat":26.676993,"lon":57.9396353},{"lat":26.6769009,"lon":57.9398219},{"lat":26.6768122,"lon":57.9399401},{"lat":26.676635,"lon":57.9401642},{"lat":26.6765478,"lon":57.9403608},{"lat":26.6764408,"lon":57.9405453},{"lat":26.6762336,"lon":57.9407657},{"lat":26.6760144,"lon":57.9410238},{"lat":26.6759162,