{"elements":[{"type":"way","id":543120367,"bounds":{"minlat":26.4451363,"minlon":57.9353607,"maxlat":26.4677638,"maxlon":57.983973},"nodes":[5250508005,5250508006,5250508007,5250508008,5250508009,5250508010,5250508011,5250508012,5250508013,5250508014,5250508015,5250508016,5250508017,5250508018,5250508019,5250508020,5250508121,5250508122,5250508123,5250508124,5250508125,5250508126,5250508127,5250508128,5250508129,5250508130,5250508131,5250508132,5250508133,5250508134,5250508135,5250508136,5250508137,5250508138,5250508139,5250508140,5250508141,5250508142,5250508143,5250508144,5250508145,5250508146,5250508147,5250508148,5250508149,5250508150,5250508151,5250508152,5250508153,5250508154,5250508155,5250508156,5250508157,5250508158,5250508159,5250508160,5250508161,5250508162,5250508163,5250508164,5250508165,5250508166,5250508167,5250508168,5250508169,5250508170,5250508171,5250508172,5250508173,5250508174,5250508175,5250508176,5250508177,5250508178,5250508179,5250508180,5250508181,5250508182,5250508183,5250508184,5250508185,5250508186,5250508187,5250508188,5250508189,5250508190,5250508191,5250508192,5250508193,5250508194,5250508195,5250508196,5250508197,5250508198,5250508199,5250508200,5250508201,5250508202,5250508203,5250508204,5250508205,5250508206,5250508207,5250508208,5250508209,5250508210,5250508211,5250508212,5250508213,5250508214,5250508215,5250508216,5250508217,5250508218,5250508219,5250508220,5250508321,5250508322,5250508323,5250508324,5250508325,5250508326,5250508327,5250508328,5250508329,5250508330,5250508331,5250508332,5250508333,5250508334,5250508335,5250508336,5250508337,5250508338,5250508339,5250508340,5250508341,5250508342,5250508343,5250508344,5250508345,5250508346,5250508347,5250508348,5250508349,5250508350,5250508351,5250508352,5250508353,5250508354,5250508355,5250508356,5250508357,5250508358,5250508359,5250508360,5250508361,5250508362,5250508363,5250508364,5250508365,5250508366,5250508419,5250508418,5250508417,5250508416,5250508415,5250508414,5250508413,5250508412,5250508411,5250508410,5250508409,5250508408,5250508407,5250508406,5250508405,5250508404,5250508403,5250508402,5250508401,5250508400,5250508399,5250508398,5250508397,5250508396,5250508395,5250508394,5250508393,5250508392,5250508391,5250508390,5250508389,5250508388,5250508387,5250508386,5250508385,5250508384,5250508383,5250508382,5250508381,5250508380,5250508379,5250508378,5250508377,5250508376,5250508375,5250508374,5250508373,5250508372,5250508371,5250508370,5250508369,5250508368,5250508367,5250508648,5250508649,5250508650,5250508651,5250508652,5250508653,5250508654,5250508655,5250508656,5250508657,5250508658,5250508659,5250508660,5250508661,5250508662,5250508663,5250508664,5250508665,5250508666,5250508667,5250508668,5250508669,5250508670,5250508671,5250508672,5250508673,5250508674,5250508675,5250508676,5250508677,5250508678,5250508679,5250508680,5250508681,5250508682,5250508683,5250508684,5250508685,5250508686,5250508697,5250508698,5250508699,5250508700,5250508701,5250508702,5250508711,5250508712,5250508713,5250508714,5250508715,5250508716,5250508717,5250508718,5250508719,5250508720,5250508921,5250508922,5250508923,5250508924,5250508925],"geometry":[{"lat":26.4677566,"lon":57.9353607},{"lat":26.4677638,"lon":57.935527},{"lat":26.4677254,"lon":57.9357147},{"lat":26.4676053,"lon":57.9360822},{"lat":26.4674709,"lon":57.9364201},{"lat":26.467418,"lon":57.9366294},{"lat":26.4673916,"lon":57.9368386},{"lat":26.4673988,"lon":57.9371899},{"lat":26.4673796,"lon":57.9374179},{"lat":26.4673436,"lon":57.9376003},{"lat":26.4672884,"lon":57.9377183},{"lat":26.4671899,"lon":57.9377827},{"lat":26.4670459,"lon":57.9378068},{"lat":26.4667145,"lon":57.9378363},{"lat":26.4666113,"lon":57.9378739},{"lat":26.4665585,"lon":57.9379302},{"lat":26.4664864,"lon":57.9381126},{"lat":26.4664192,"lon":57.9382414},{"lat":26.4663448,"lon":57.9383057},{"lat":26.4662391,"lon":57.9384077},{"lat":26.4662007,"lon":57.9385149},{"lat":26.4662103,"lon":57.9386088},{"lat":26.4662343,"lon":57.9387483},{"lat":26.4663039,"lon":57.938987},{"lat":26.4663784,"lon":57.9391077},{"lat":26.4664816,"lon":57.939215},{"lat":26.4665969,"lon":57.9394081},{"lat":26.4667433,"lon":57.9397354},{"lat":26.4668154,"lon":57.9399928},{"lat":26.4668658,"lon":57.9405534},{"lat":26.4669186,"lon":57.9409853},{"lat":26.4669378,"lon":57.9416263},{"lat":26.4669907,"lon":57.9420903},{"lat":26.4670195,"lon":57.942321},{"lat":26.4670675,"lon":57.9424337},{"lat":26.4671443,"lon":57.9424953},{"lat":26.4673796,"lon":57.9425034},{"lat":26.4674541,"lon":57.9425275},{"lat":26.4675213,"lon":57.9426402},{"lat":26.4675885,"lon":57.9430291},{"lat":26.4675717,"lon":57.9431364},{"lat":26.4674949,"lon":57.9432061},{"lat":26.467358,"lon":57.943233},{"lat":26.4672452,"lon":57.9433081},{"lat":26.4671803,"lon":57.9434207},{"lat":26.4671587,"lon":57.9435307},{"lat":26.4671443,"lon":57.9437721},{"lat":26.4671539,"lon":57.9439759},{"lat":26.4671251,"lon":57.9441878},{"lat":26.4671083,"lon":57.9443917},{"lat":26.4671275,"lon":57.9445741},{"lat":26.4671203,"lon":57.9447216},{"lat":26.4670867,"lon":57.9448262},{"lat":26.4669498,"lon":57.9452231},{"lat":26.4668466,"lon":57.9455852},{"lat":26.4668466,"lon":57.9457408},{"lat":26.4668658,"lon":57.945883},{"lat":26.4668658,"lon":57.9460305},{"lat":26.4667626,"lon":57.9465643},{"lat":26.4666953,"lon":57.946803},{"lat":26.4666185,"lon":57.9469639},{"lat":26.4665296,"lon":57.9470685},{"lat":26.4664744,"lon":57.9471651},{"lat":26.4664456,"lon":57.9472831},{"lat":26.4664408,"lon":57.9475513},{"lat":26.4664312,"lon":57.9478651},{"lat":26.4664576,"lon":57.9480743},{"lat":26.4665513,"lon":57.9485786},{"lat":26.4666113,"lon":57.9487959},{"lat":26.4667313,"lon":57.9491231},{"lat":26.4667794,"lon":57.9493538},{"lat":26.4668442,"lon":57.9499197},{"lat":26.4668802,"lon":57.9501933},{"lat":26.4670099,"lon":57.9506707},{"lat":26.4670339,"lon":57.9508772},{"lat":26.4670219,"lon":57.9511616},{"lat":26.4670267,"lon":57.9512849},{"lat":26.4670819,"lon":57.9514459},{"lat":26.4672092,"lon":57.9516819},{"lat":26.4672956,"lon":57.9518884},{"lat":26.4673364,"lon":57.9521298},{"lat":26.4673364,"lon":57.9523256},{"lat":26.4672956,"lon":57.9525107},{"lat":26.4672188,"lon":57.9527011},{"lat":26.4671611,"lon":57.9528192},{"lat":26.4671299,"lon":57.9529721},{"lat":26.4670699,"lon":57.9531893},{"lat":26.4669522,"lon":57.9534575},{"lat":26.4668754,"lon":57.9537418},{"lat":26.4668346,"lon":57.9539752},{"lat":26.4667866,"lon":57.9541254},{"lat":26.4666953,"lon":57.9542997},{"lat":26.4666593,"lon":57.9544339},{"lat":26.4666209,"lon":57.9546699},{"lat":26.4665633,"lon":57.954812},{"lat":26.4664936,"lon":57.9548871},{"lat":26.466364,"lon":57.9549542},{"lat":26.4662631,"lon":57.9550239},{"lat":26.4661791,"lon":57.9551473},{"lat":26.4661287,"lon":57.9553083},{"lat":26.466047,"lon":57.9554611},{"lat":26.4659246,"lon":57.9556221},{"lat":26.4658285,"lon":57.955834},{"lat":26.4656292,"lon":57.9561076},{"lat":26.4655692,"lon":57.956239},{"lat":26.465502,"lon":57.9564401},{"lat":26.4654035,"lon":57.9565769},{"lat":26.4653147,"lon":57.9568103},{"lat":26.4650674,"lon":57.9575908},{"lat":26.4649737,"lon":57.9578966},{"lat":26.4649041,"lon":57.9581004},{"lat":26.4646808,"lon":57.9585752},{"lat":26.4645343,"lon":57.9588729},{"lat":26.4644527,"lon":57.9589963},{"lat":26.4642822,"lon":57.9591036},{"lat":26.4641621,"lon":57.959235},{"lat":26.4639196,"lon":57.9595408},{"lat":26.4636747,"lon":57.9597768},{"lat":26.463509,"lon":57.9599029},{"lat":26.4633265,"lon":57.9599887},{"lat":26.4630288,"lon":57.9600424},{"lat":26.4629207,"lon":57.9600638},{"lat":26.4628439,"lon":57.9601443},{"lat":26.4627935,"lon":57.960332},{"lat":26.4627334,"lon":57.960434},{"lat":26.462551,"lon":57.9606459},{"lat":26.4624885,"lon":57.9607505},{"lat":26.4624669,"lon":57.9608497},{"lat":26.4623997,"lon":57.960957},{"lat":26.462294,"lon":57.9610026},{"lat":26.4619891,"lon":57.9610509},{"lat":26.4618546,"lon":57.9610991},{"lat":26.4615857,"lon":57.9612708},{"lat":26.461432,"lon":57.9613405},{"lat":26.4612855,