{"elements":[{"type":"way","id":1113104622,"bounds":{"minlat":28.4680726,"minlon":58.2004525,"maxlat":28.4822115,"maxlon":58.2195264},"nodes":[10183758006,10183758007,10183758008,10183758009,10183758010,10183758011,10183758012,10183758013,10183758014,10183758015,10183758016,10183868217,10183868218,10183868219,10183868220,10183868221,10183868222,10183868223,10183868224,10183868225,10183868226,10183868227,10183868228,10183868229,10183868230,10183868231,10183868232,10183868233,10183868234,10183868235,10183868236,10183868237,10183868238,10183868239,10183868240,10183868241,10183868242,10183868243,10183868244,10183868245,10183868246,10183868247,10183868248,10183868249,10183868250,10183868251,10183868252,10183868253,10183868254,10183868255,10183868256,10183868257,10183868258,10183868259,10183868260,10183868261,10183868262,10183868263,10183868264,10183868265,10183868266,10183868267,10183868268,10183868269,10183868270,10183868271,10183868272,10183868273,10183868274,10183868275,10183868276,10183868277,10183868278,10183868279,10183868280,10183868281,10183868282,10183868283,10183868284,10183868285,10183868286,10183868287,10183868288,10183868289,10183868290,10183868291,10183868292,10183868293,10183868294,10183868295,10183868296,10183868297,10183868298,10183868299,10183868300,10183868301,10183868302,10183868303,10183868304,10183868305,10183868306,10183868307,10183868308,10183868309,10183868310,10183868311,10183868312,10183868313,10183868314,10183868315,10183868316,10183868317,10183868318,10183868319,10183868320,10183868321,10183868437,10183868322,10183868323,10183868324,10183868325,10183868326,10183868327,10183868328,10183868329,10183868330,10183868331,10183868332,10183868333,10183868334,10183868335,10183868336,10183868337,10183868338,10183868339,10183868340,10183868341,10183868342,10183868343,10183868344,10183868345,10183868346,10183868347,10183868348,10183868349,10183868350,10183868351,10183868352,10183868353,10183868354,10183868355,10183868356,10183868357,10183868358,10183868359,10183868360,10183868361,10183868362,10183868363,10183868364,10183868365,10183868366,10183868367,10183868368,10183868369,10183868370,10183868371,10183868372,10183868373,10183868374,10183868375,10183868376,10183868377,10183868378,10183868379,10183868380,10183868381,10183868382,10183868383,10183868384,10183868385,10183868386,10183868387,10183868388,10183868389,10183868390,10183868391,10183868392,10183868393,10183868394,10183868395,10183868396,10183868397,10183868398,10183868399,10183868400,10183868401,10183868402,10183868403,10183868404,10183868405,10183868406,10183868407,10183868408,10183868409,10183868410,10183868411,10183868412,10183868413,10183868414,10183868415,10183868416,10183868417,10183868418,10183868419,10183868420,10183868421,10183868422,10183868423,10183868424,10183868425,10183868426,10183868427,10183868428,10183868429,10183868430,10183868431,10183868432,10183868433,10183868434,10183868435,10183868436],"geometry":[{"lat":28.4682838,"lon":58.2004525},{"lat":28.4682958,"lon":58.2007252},{"lat":28.4682612,"lon":58.2011418},{"lat":28.4684011,"lon":58.2015513},{"lat":28.4683885,"lon":58.2016496},{"lat":28.4683477,"lon":58.2017194},{"lat":28.4682895,"lon":58.2017837},{"lat":28.4682062,"lon":58.2018428},{"lat":28.4681197,"lon":58.2019125},{"lat":28.4680757,"lon":58.2019876},{"lat":28.4680726,"lon":58.2020609},{"lat":28.4680773,"lon":58.2021306},{"lat":28.4681009,"lon":58.2022594},{"lat":28.468159,"lon":58.2024936},{"lat":28.4682156,"lon":58.2026313},{"lat":28.4682596,"lon":58.2026885},{"lat":28.4682722,"lon":58.2027744},{"lat":28.4682659,"lon":58.202921},{"lat":28.4682942,"lon":58.2029639},{"lat":28.4683634,"lon":58.2030766},{"lat":28.4684498,"lon":58.2031213},{"lat":28.4685249,"lon":58.203244},{"lat":28.4685736,"lon":58.203572},{"lat":28.4686058,"lon":58.2036475},{"lat":28.4686794,"lon":58.2037159},{"lat":28.4687365,"lon":58.2037537},{"lat":28.4687862,"lon":58.2038327},{"lat":28.4688059,"lon":58.2039424},{"lat":28.4688371,"lon":58.2040014},{"lat":28.4688982,"lon":58.2040604},{"lat":28.4689957,"lon":58.204117},{"lat":28.4691233,"lon":58.2041229},{"lat":28.4692021,"lon":58.2041099},{"lat":28.4695537,"lon":58.2042491},{"lat":28.4696667,"lon":58.2042692},{"lat":28.4697362,"lon":58.2042397},{"lat":28.469788,"lon":58.2042008},{"lat":28.4698171,"lon":58.2041477},{"lat":28.4698855,"lon":58.2040616},{"lat":28.4699996,"lon":58.2040663},{"lat":28.4702485,"lon":58.204143},{"lat":28.4704207,"lon":58.2042149},{"lat":28.4704891,"lon":58.2042893},{"lat":28.470513,"lon":58.2043577},{"lat":28.4705337,"lon":58.2045004},{"lat":28.4705513,"lon":58.2046561},{"lat":28.4705327,"lon":58.2047647},{"lat":28.4705067,"lon":58.204839},{"lat":28.4704124,"lon":58.2050348},{"lat":28.4703055,"lon":58.2053015},{"lat":28.4703024,"lon":58.2055315},{"lat":28.4703232,"lon":58.2057969},{"lat":28.470457,"lon":58.2062158},{"lat":28.4704704,"lon":58.2064871},{"lat":28.4704652,"lon":58.2068328},{"lat":28.4704881,"lon":58.2073459},{"lat":28.470487,"lon":58.2075099},{"lat":28.4705067,"lon":58.2076326},{"lat":28.4706146,"lon":58.2079004},{"lat":28.4706955,"lon":58.2080255},{"lat":28.470793,"lon":58.2081305},{"lat":28.470962,"lon":58.2082885},{"lat":28.4711414,"lon":58.2083876},{"lat":28.4712016,"lon":58.2084266},{"lat":28.4712451,"lon":58.2084773},{"lat":28.4712358,"lon":58.2086802},{"lat":28.4712617,"lon":58.2087699},{"lat":28.4713053,"lon":58.2088053},{"lat":28.4715925,"lon":58.2088548},{"lat":28.4716786,"lon":58.2089162},{"lat":28.4719949,"lon":58.2091427},{"lat":28.4721245,"lon":58.2093503},{"lat":28.4722448,"lon":58.2095803},{"lat":28.4722459,"lon":58.2096299},{"lat":28.4722334,"lon":58.2097148},{"lat":28.4721681,"lon":58.2098776},{"lat":28.472167,"lon":58.2099744},{"lat":28.4721888,"lon":58.210077},{"lat":28.472249,"lon":58.2102032},{"lat":28.472586,"lon":58.2105725},{"lat":28.472809,"lon":58.2107636},{"lat":28.4730382,"lon":58.2108887},{"lat":28.4731491,"lon":58.2110149},{"lat":28.4732611,"lon":58.2111305},{"lat":28.4733109,"lon":58.2112756},{"lat":28.473341,"lon":58.2116142},{"lat":28.4733524,"lon":58.2118325},{"lat":28.4733887,"lon":58.2120295},{"lat":28.4734001,"lon":58.2121604},{"lat":28.4734001,"lon":58.2122135},{"lat":28.4733856,"lon":58.2123303},{"lat":28.4733586,"lon":58.2123716},{"lat":28.4733026,"lon":58.2123881},{"lat":28.4732497,"lon":58.2123999},{"lat":28.4732051,"lon":58.2124105},{"lat":28.4731522,"lon":58.2124341},{"lat":28.4730983,"lon":58.2124577},{"lat":28.4730776,"lon":58.2124636},{"lat":28.4730371,"lon":58.2124837},{"lat":28.4730008,"lon":58.212512},{"lat":28.4729894,"lon":58.2125651},{"lat":28.4730091,"lon":58.2126347},{"lat":28.4731056,"lon":58.2128352},{"lat":28.4731097,"lon":58.2129402},{"lat":28.4730923,"lon":58.2130389},{"lat":28.473062,"lon":58.2130628},{"lat":28.4730157,"lon":58.2131002},{"lat":28.4727276,"lon":58.2131836},{"lat":28.4726737,"lon":58.2131788},{"lat":28.4726122,"lon":58.2131606},{"lat":28.4724126,"lon":58.2131548},{"lat":28.4723233,"lon":58.2131807},{"lat":28.4722668,"lon":58.2132296},{"lat":28.4721481,"lon":58.2134337},{"lat":28.4720975,"lon":58.2135429},{"lat":28.4720959,"lon":58.2136349},{"lat":28.4724287,"lon":58.2141805},{"lat":28.4727318,"lon":58.2146775},{"lat":28.4728236,"lon":58.2147838},{"lat":28.4729854,"lon":58.2148624},{"lat":28.4730814,"lon":58.2149553},{"lat":28.4733425,"lon":58.2153367},{"lat":28.4733981,"lon":58.2155245},{"lat":28.4734276,"lon":58.2156405},{"lat":28.473484,"lon":58.2157373},{"lat":28.4735659,"lon":58.2158659},{"lat":28.4736247,"lon":58.2159686},{"lat":28.4737321,"lon":58.2161702},{"lat":28.4737882,"lon":58.2162854},{"lat":28.4738122,"lon":58.2163562},{"lat":28.4738293,"lon":58.216452},{"lat":28.4738696,"lon":58.2165119},{"lat":28.4739353,"lon":58.2165726},{"lat":28.4739962,"lon":58.2166053},{"lat":28.474079,"lon":58.2166318},{"lat":28.4741885,"lon":58.2166434},{"lat":28.4743999,"lon":58.2167003},{"lat":28.4744211,"lon":58.2167259},{"lat":28.4744355,"lon":58.2167641},{"lat":28.4744396,"lon":58.2168357},{"lat":28.4744416,