{"elements":[{"type":"way","id":541896935,"bounds":{"minlat":26.8533526,"minlon":58.1569084,"maxlat":26.8739734,"maxlon":58.2116164},"nodes":[5239538243,5239538242,5239538241,5239538240,5239538239,5239538238,5239538237,5239538236,5239538235,5239538234,5239538233,5239538232,5239538231,5239538230,5239538229,5239538228,5239538227,5239538226,5239538225,5239538224,5239538223,5239538222,5239538221,5239538220,5239538219,5239538218,5239538217,5239538216,5239538215,5239538214,5239538213,5239538212,5239538211,5239538149,5239538148,5239538147,5239538146,5239538145,5239538144,5239538143,5239538142,5239538141,5239538140,5239538139,5239538138,5239538137,5239538136,5239538135,5239538122,5239538121,5239538020,5239538019,5239538018,5239538017,5239538016,5239538015,5239538014,5239538013,5239538012,5239538011,5239538010,5239538009,5239538008,5239538007,5239538006,5239538005,5239538004,5239538003,5239538002,5239538001,5239538000,5239537999,5239537988,5239537987,5239537986,5239537985,5239537984,5239537983,5239537982,5239537981,5239537980,5239537979,5239537978,5239537977,5239537976,5239537975,5239537974,5239537973,5239537972,5239537971,5239537970,5239537969,5239537968,5239537967,5239537966,5239537965,5239537964,5239537963,5239537962,5239537961,5239537960,5239537959,5239537958,5239537957,5239537956,5239537955,5239537954,5239537953,5239537952,5239537951,5239537950,5239537949,5239537948,5239537947,5239537946,5239537945,5239537944,5239537943,5239537942,5239537941,5239537940,5239537939,5239537938,5239537937,5239537936,5239537935,5239537934,5239537933,5239537932,5239537931,5239537930,5239537929,5239537928,5239537927,5239537926,5239537925,5239537924,5239537923,5239537922,5239537921,5239537920,5239537919,5239537918,5239537917,5239537916,5239537915,5239537914,5239537913,5239537912,5239537911,5239537910,5239537909,5239537908,5239537907,5239537906,5239537905,5239537904,5239537903,5239537902,5239537901,5239537900,5239537899,5239537898,5239537897,5239537896,5239537895,5239537894,5239537893,5239537892,5239537891,5239537890,5239537889,5239537888,5239537887,5239537886,5239537885,5239537884,5239537883,5239537882,5239537881,5239537880,5239537879,5239537878,5239537877,5239537876,5239537875,5239537874,5239537873,5239537872,5239537871,5239537870,5239537869,5239537868,5239537867,5239537866,5239537865,5239537864,5239537863,5239537862,5239537861,5239537860,5239537859,5239537858,5239537857,5239537856,5239537855,5239537854,5239537853,5239537852,5239537851,5239537850,5239537849,5239537848,5239537847,5239537846,5239537845,5239537844,5239537843,5239537842,5239537841,5239537840,5239537839,5239537838,5239537837,5239537836,5239537835,5239537834,5239537833,5239537832,5239537831,5239537830,5239537829,5239537828,5239537827,5239537826,5239537825,5239537824,5239537823,5239537822,5239537821,5239537820,5239537819,5239537818,5239537817,5239537816,5239537815,5239537814,5239537813,5239537812,5239537811,5239537810,5239537809,5239537808,5239537807,5239537806,5239537805,5239537804,5239537803,5239537802,5239537801,5239537800,5239537799,5239537798,5239537797,5239537796,5239537795,5239537794,5239537793,5239537792,5239537791],"geometry":[{"lat":26.873959,"lon":58.1569084},{"lat":26.8739327,"lon":58.1570238},{"lat":26.8739734,"lon":58.1573108},{"lat":26.873959,"lon":58.1574905},{"lat":26.873892,"lon":58.1577453},{"lat":26.8737293,"lon":58.1581905},{"lat":26.8735595,"lon":58.1586331},{"lat":26.8735212,"lon":58.1588557},{"lat":26.8735116,"lon":58.1590435},{"lat":26.8735571,"lon":58.1592259},{"lat":26.873593,"lon":58.1593573},{"lat":26.8735906,"lon":58.1594351},{"lat":26.8735116,"lon":58.1595263},{"lat":26.8733561,"lon":58.1596711},{"lat":26.8729901,"lon":58.159934},{"lat":26.8728274,"lon":58.1600842},{"lat":26.8726742,"lon":58.1601378},{"lat":26.8725642,"lon":58.1601968},{"lat":26.8724111,"lon":58.160339},{"lat":26.872289,"lon":58.1604356},{"lat":26.8721215,"lon":58.1607118},{"lat":26.8719971,"lon":58.1609371},{"lat":26.8719134,"lon":58.1612402},{"lat":26.8718009,"lon":58.1614119},{"lat":26.871576,"lon":58.1616506},{"lat":26.8714708,"lon":58.1618437},{"lat":26.8713296,"lon":58.1620073},{"lat":26.8712315,"lon":58.1622139},{"lat":26.8711932,"lon":58.1624311},{"lat":26.8712339,"lon":58.1626001},{"lat":26.8713272,"lon":58.1627905},{"lat":26.8714708,"lon":58.1629649},{"lat":26.8717555,"lon":58.1631607},{"lat":26.8718966,"lon":58.1633109},{"lat":26.8719565,"lon":58.1634799},{"lat":26.8719876,"lon":58.1638554},{"lat":26.8720426,"lon":58.1642523},{"lat":26.8720809,"lon":58.1645232},{"lat":26.8720354,"lon":58.1647164},{"lat":26.871923,"lon":58.1650168},{"lat":26.8718416,"lon":58.1653118},{"lat":26.8717603,"lon":58.1654325},{"lat":26.8715043,"lon":58.1656229},{"lat":26.8713559,"lon":58.1657034},{"lat":26.871253,"lon":58.1657705},{"lat":26.8708822,"lon":58.1661594},{"lat":26.8705616,"lon":58.166382},{"lat":26.8702051,"lon":58.1665724},{"lat":26.8698869,"lon":58.1667173},{"lat":26.8695351,"lon":58.1668326},{"lat":26.8694083,"lon":58.1669131},{"lat":26.8692911,"lon":58.1669641},{"lat":26.8692074,"lon":58.1670767},{"lat":26.8690805,"lon":58.167361},{"lat":26.8689801,"lon":58.1674817},{"lat":26.8688652,"lon":58.167758},{"lat":26.868736,"lon":58.1680235},{"lat":26.8686547,"lon":58.16834},{"lat":26.8686499,"lon":58.1685466},{"lat":26.8686499,"lon":58.1690213},{"lat":26.8686068,"lon":58.1692386},{"lat":26.8685326,"lon":58.1694719},{"lat":26.8684154,"lon":58.1697723},{"lat":26.8682359,"lon":58.1701881},{"lat":26.8680565,"lon":58.1705528},{"lat":26.8678866,"lon":58.170864},{"lat":26.8676449,"lon":58.1712422},{"lat":26.8671927,"lon":58.1718269},{"lat":26.8667573,"lon":58.1725189},{"lat":26.8666328,"lon":58.1727523},{"lat":26.8663984,"lon":58.1731385},{"lat":26.8662285,"lon":58.1733987},{"lat":26.8661232,"lon":58.1736508},{"lat":26.8660777,"lon":58.1739137},{"lat":26.8661136,"lon":58.1742302},{"lat":26.8662357,"lon":58.1744903},{"lat":26.8664319,"lon":58.1747022},{"lat":26.8666376,"lon":58.1747988},{"lat":26.8669439,"lon":58.1748873},{"lat":26.8671544,"lon":58.1749624},{"lat":26.8673818,"lon":58.175126},{"lat":26.8676641,"lon":58.1755042},{"lat":26.8678555,"lon":58.1758448},{"lat":26.867944,"lon":58.1761023},{"lat":26.8679608,"lon":58.1763303},{"lat":26.8679536,"lon":58.1765261},{"lat":26.8678531,"lon":58.1767917},{"lat":26.8676952,"lon":58.177135},{"lat":26.8675564,"lon":58.1773147},{"lat":26.8673674,"lon":58.17743},{"lat":26.8671497,"lon":58.1775239},{"lat":26.8669774,"lon":58.177591},{"lat":26.866853,"lon":58.1776607},{"lat":26.8667788,"lon":58.1777599},{"lat":26.8667286,"lon":58.177835},{"lat":26.8666233,"lon":58.1778994},{"lat":26.8661663,"lon":58.1779611},{"lat":26.8659796,"lon":58.1780201},{"lat":26.8657691,"lon":58.1781355},{"lat":26.8655896,"lon":58.1782562},{"lat":26.8654221,"lon":58.1783608},{"lat":26.8653192,"lon":58.1783929},{"lat":26.8652092,"lon":58.1784171},{"lat":26.865123,"lon":58.1784761},{"lat":26.8650656,"lon":58.1785619},{"lat":26.8649556,"lon":58.1787524},{"lat":26.8648694,"lon":58.1788784},{"lat":26.8647761,"lon":58.1789696},{"lat":26.8645344,"lon":58.1790823},{"lat":26.8643526,"lon":58.1792378},{"lat":26.8642401,"lon":58.1794122},{"lat":26.8641731,"lon":58.1796268},{"lat":26.864142,"lon":58.1798172},{"lat":26.8641325,"lon":58.1800425},{"lat":26.8641229,"lon":58.1803939},{"lat":26.864099,"lon":58.1806567},{"lat":26.8640224,"lon":58.1808794},{"lat":26.8639123,"lon":58.1811744},{"lat":26.8638262,"lon":58.1814131},{"lat":26.8636898,"lon":58.1815848},{"lat":26.8635606,"lon":58.1817108},{"lat":26.8634074,"lon":58.1817698},{"lat":26.8631921,"lon":58.1818208},{"lat":26.862972,"lon":58.1818369},{"lat":26.8627686,"lon":58.1818476},{"lat":26.8625484,"lon":58.1817725},{"lat":26.862357,"lon":58.1817269},{"lat":26.8620795,"lon":58.181676},{"lat":26.8619024,"lon":58.1816706},{"lat":26.8617684,"lon":58.1817162},{"lat":26.8616631,"lon":58.1818369},{"lat":26.86162,"lon":58.1820059},{"lat":26.861565,"lon":58.182309},{"lat":26.8614693,"lon":58.1826067},{"lat":26.8612635,"lon":58.1830332},{"lat":26.861175,