{"elements":[{"type":"way","id":543872243,"bounds":{"minlat":26.5379378,"minlon":58.1955779,"maxlat":26.6096085,"maxlon":58.2758161},"nodes":[5234760565,5257530209,5257530208,5257530207,5257530206,5257530205,5257530204,5257530203,5257530202,5257530201,5257530210,5257530211,5257530212,5257530213,5257530214,5257530215,5257530216,5257530217,5257530218,5257530219,5257530220,5257530221,5257530222,5257530223,5257530224,5257530225,5257530226,5257530227,5257530228,5257530229,5257530230,5257530231,5257530232,5257530233,5257530234,5257530235,5257530236,5257530237,5257530238,5257530239,5257530240,5257530241,5257530242,5257530243,5234755100,5257530244,5257530245,5257530246,5257530247,5257530248,5257530249,5257530250,5257530251,5257530252,5257530253,5257530254,5257530255,5257530256,5257530257,5257530258,5257530259,5257530260,5257530261,5257530262,5257530263,5257530264,5257530265,5257530266,5257530267,5257530268,5257530269,5257530270,5257530271,5257530272,5257530273,5257530274,5257530275,5257530276,5257530277,5257530278,5257530279,5257530280,5257530281,5257530282,5257530283,5257530284,5257530285,5257530286,5257530287,5257530288,5257530289,5257530290,5257530291,5257530292,5257530293,5257530294,5257530295,5257530296,5257530297,5257530298,5257530299,5257530300,5257530301,5257530302,5257530303,5257530304,5257530305,5257530306,5257530307,5257530308,5257530309,5257530310,5257530311,5257530312,5257530313,5257530314,5257530315,5257530316,5257530317,5257530318,5257530319,5257530320,5257530321,5257530322,5257530323,5257530324,5257530325,5257530326,5257530327,5257530328,5257530329,5257530330,5257530331,5257530332,5257530333,5257530334,5257530335,5257530336,5257530337,5257530338,5257530339,5257530340,5257530341,5257530342,5257530343,5257530344,5257530345,5257530346,5257530347,5257530348,5257530349,5257530350,5257530351,5257530352,5257530353,5257530354,5257530355,5257530356,5257530357,5257530358,5257530359,5257530360,5257530361,5257530362,5257530363,5257530364,5257530365,5257530366,5257530367,5257530368,5257530369,5257530370,5257530371,5257530372,5257530373,5257530374,5257530375,5257530376,5257530377,5257530378,5257530379,5257530380,5257530381,5257530382,5257530383,5257530384,5257530385,5257530386,5257530387,5257530388,5257530389,5257530390,5257530391,5257530392,5257530393,5257530394,5257530395,5257530396,5257530397,5257530398,5257530399,5257530400,5257530401,5257530402,5257530403,5257530404,5257530405,5257530406,5257530407,5257530408,5257530409,5257530410,5257530411,5257530412,5257530413,5257530414,5257530415,5257530416,5257530417,5257530418,5257530419,5257530420,5257530421,5257530422,5257530423,5257530424,5257530425,5257530426,5257530427,5257530428,5257530429,5257530430,5257530431,5257530432,5257530433,5257530434,5257530435,5257530436,5257530437,5257530438,5257530439,5257530440,5257530441,5257530442,5257530443,5257530444,5257530445,5257530446,5257530447,5257530448,5257530449,5257530450,5257530451,5257530452,5257530453,5257530454,5257530455,5257530456,5257530457,5257530458,5257530459,5257530460,5257530461,5257530462,5257530463,5257530464,5257530519,5257530520,5257530521,5257530522,5257530523,5257530524,5257530525,5257530526,5257530527,5257530528,5257530529,5257530530,5257530531,5257530532,5257530533,5257530534,5257530535,5257530536,5257530537,5257530538,5257530539,5257530540,5257530541,5257530542,5257530543,5257530544,5257530545,5257530546,5257530547,5257530548,5257530549,5257530550,5257530551,5257530552,5257530553,5257530554,5257530555,5257530556,5257530557,5257530558,5257530559,5257530560,5257530561,5257530562,5257530563,5257530564,5257530565,5257530566,5257530567,5257530568,5257530569,5257530570,5257530571,5257530572,5257530595,5257530596,5257530597,5257530598,5257530599,5257530600,5257530601,5257530602,5257530603,5257530604,5257530605,5257530606,5257530607,5257530608,5257530609,5257530610,5257530611,5257530612,5257530613,5257530614,5257530615,5257530616,5257530617,5257530618,5257530619,5257530620,5257530621,5257530622,5257530623,5257530624,5257530625,5257530626,5257530627,5257530628,5257530629,5257530630,5257530631,5257530632,5257530633,5257530634,5257530635,5257530636],"geometry":[{"lat":26.5997374,"lon":58.1957039},{"lat":26.5998573,"lon":58.1955832},{"lat":26.5999677,"lon":58.1955779},{"lat":26.6000444,"lon":58.1956208},{"lat":26.600066,"lon":58.1956905},{"lat":26.6000444,"lon":58.1957763},{"lat":26.6000132,"lon":58.1959078},{"lat":26.5999916,"lon":58.1959909},{"lat":26.6000084,"lon":58.1960955},{"lat":26.6000492,"lon":58.1962109},{"lat":26.6001451,"lon":58.1964684},{"lat":26.6001955,"lon":58.1965944},{"lat":26.6001739,"lon":58.19675},{"lat":26.6001379,"lon":58.1968895},{"lat":26.6001667,"lon":58.1969726},{"lat":26.6002339,"lon":58.196978},{"lat":26.6002938,"lon":58.1970021},{"lat":26.6003202,"lon":58.1970584},{"lat":26.6002914,"lon":58.1971711},{"lat":26.600325,"lon":58.1972945},{"lat":26.6004185,"lon":58.1974044},{"lat":26.6005313,"lon":58.1974366},{"lat":26.6007927,"lon":58.1974903},{"lat":26.6010229,"lon":58.1975976},{"lat":26.6011692,"lon":58.1977022},{"lat":26.6012627,"lon":58.1978363},{"lat":26.6012795,"lon":58.1979436},{"lat":26.6012364,"lon":58.1980777},{"lat":26.6010973,"lon":58.1982359},{"lat":26.6007831,"lon":58.1983566},{"lat":26.6006704,"lon":58.1984854},{"lat":26.6006008,"lon":58.1986356},{"lat":26.6005744,"lon":58.198826},{"lat":26.6005744,"lon":58.1992391},{"lat":26.6006272,"lon":58.1994885},{"lat":26.6006943,"lon":58.1995878},{"lat":26.6008286,"lon":58.1996548},{"lat":26.6010037,"lon":58.1996602},{"lat":26.6011332,"lon":58.1996843},{"lat":26.6012436,"lon":58.1997755},{"lat":26.6012963,"lon":58.1998587},{"lat":26.6014066,"lon":58.1998801},{"lat":26.6016417,"lon":58.1997997},{"lat":26.6019199,"lon":58.1996843},{"lat":26.6021885,"lon":58.1995261},{"lat":26.6024259,"lon":58.1994322},{"lat":26.6025482,"lon":58.1993356},{"lat":26.6027065,"lon":58.1991801},{"lat":26.6028192,"lon":58.1989628},{"lat":26.6031837,"lon":58.1983137},{"lat":26.603342,"lon":58.1980884},{"lat":26.6035195,"lon":58.1979462},{"lat":26.6036874,"lon":58.1978765},{"lat":26.6039128,"lon":58.1978524},{"lat":26.6042414,"lon":58.1978175},{"lat":26.6045795,"lon":58.1977504},{"lat":26.6052558,"lon":58.1975466},{"lat":26.6054788,"lon":58.1975037},{"lat":26.6055868,"lon":58.197509},{"lat":26.6057067,"lon":58.1975654},{"lat":26.6059873,"lon":58.1978095},{"lat":26.6063638,"lon":58.1982091},{"lat":26.6064549,"lon":58.1983486},{"lat":26.6065508,"lon":58.198531},{"lat":26.6067643,"lon":58.1986517},{"lat":26.6072079,"lon":58.1987751},{"lat":26.607383,"lon":58.1988662},{"lat":26.6075533,"lon":58.199054},{"lat":26.6076828,"lon":58.1993571},{"lat":26.6077619,"lon":58.1994617},{"lat":26.6079633,"lon":58.1995341},{"lat":26.6082727,"lon":58.199577},{"lat":26.608431,"lon":58.1996334},{"lat":26.6086876,"lon":58.1997943},{"lat":26.6090281,"lon":58.1998721},{"lat":26.6093399,"lon":58.1999928},{"lat":26.6094526,"lon":58.2000732},{"lat":26.6095533,"lon":58.2002234},{"lat":26.6096085,"lon":58.2003576},{"lat":26.6096061,"lon":58.200548},{"lat":26.6095413,"lon":58.2007223},{"lat":26.609455,"lon":58.2007921},{"lat":26.609124,"lon":58.2009476},{"lat":26.6087715,"lon":58.2012373},{"lat":26.6085365,"lon":58.2014519},{"lat":26.6083854,"lon":58.2015297},{"lat":26.6082559,"lon":58.2016236},{"lat":26.6081576,"lon":58.2017684},{"lat":26.6081264,"lon":58.201924},{"lat":26.6081096,"lon":58.2022351},{"lat":26.6081036,"lon":58.2024604},{"lat":26.6080784,"lon":58.2026388},{"lat":26.6080317,"lon":58.2027742},{"lat":26.6078986,"lon":58.2030585},{"lat":26.6077019,"lon":58.2034314},{"lat":26.6076324,"lon":58.203595},{"lat":26.6074166,"lon":58.2043943},{"lat":26.6073038,"lon":58.2047832},{"lat":26.607112,"lon":58.2052419},{"lat":26.6068602,"lon":58.2057917},{"lat":26.6065772,"lon":58.2066929},{"lat":26.6063038,"lon":58.2075942},{"lat":26.6059057,"lon":58.2085437},{"lat":26.6053781,"lon":58.2097238},{"lat":26.6049608,"lon":58.2104588},{"lat":26.6045531,"lon":58.2111293},{"lat":26.604155,"lon":58.2116443},{"lat":26.6027593,