{"elements":[{"type":"way","id":544759261,"bounds":{"minlat":26.1744296,"minlon":58.2029405,"maxlat":26.1980993,"maxlon":58.23817},"nodes":[5265699846,5265699828,5265699827,5265699826,5265699825,5265699824,5265699823,5265699822,5265699821,5265699820,5265699819,5265699818,5265699817,5265699816,5265699815,5265699814,5265699813,5265699812,5265699811,5265699810,5265699809,5265699808,5265699807,5265699806,5265699805,5265699804,5265699803,5265699802,5265699801,5265699800,5265699799,5265699798,5265699797,5265699796,5265699795,5265699794,5265699793,5265699792,5265699791,5265699790,5265699789,5265699788,5265699787,5265699786,5265699785,5265699784,5265699783,5265699782,5265699781,5265699780,5265699779,5265699778,5265699777,5265699776,5265699775,5265699774,5265699773,5265699772,5265699771,5265699770,5265699769,5265699768,5265699767,5265699766,5265699765,5265699764,5265699763,5265699762,5265699761,5265699760,5265699759,5265699758,5265699757,5265699756,5265699755,5265699754,5265699753,5265699752,5265699751,5265699750,5265699749,5265699748,5265699747,5265699746,5265699745,5265699744,5265699743,5265699742,5265699741,5265699740,5265699739,5265699738,5265699737,5265699736,5265699735,5265699734,5265699733,5265699732,5265699731,5265699730,5265699729,5265699728,5265699727,5265699726,5265699725,5265699724,5265699723,5265699722,5265699721,5265699720,5265699719,5265699718,5265699717,5265699716,5265699715,5265699714,5265699713,5265699712,5265699711,5265699710,5265699709,5265699708,5265699707,5265699706,5265699705,5265699704,5265699703,5265699702,5265699701,5265699700,5265699699,5265699698,5265699697,5265699696,5265699695,5265699694,5265699693,5265699692,5265699691,5265699690,5265699689,5265699688,5265699687,5265699686,5265699685,5265699684,5265699683,5265699682,5265699681,5265699680,5265699679,5265699678,5265699677,5265699676,5265699675,5265699674,5265699673,5265699672,5265699671,5265699670,5265699669,5265699668,5265699667,5265699666,5265699665,5265699664,5265699663,5265699662,5265699661,5265699660,5265699659,5265699658,5265699657,5265699656,5265699655,5265699654,5265699653,5265699652,5265699651,5265699650,5265699649,5265699648,5265699647,5265699646,5265699645,5265699644,5265699643,5265699642,5265699641,5265699640,5265699639,5265699638,5265699637,5265699636,5265699635,5265699634,5265699633,5265699632,5265699631,5265699630,5265699629,5265699628,5265699627,5265699626,5265699625,5265699624,5265699623,5265699622,5265699621,5265699420,5265699419,5265699418,5265699417,5265699416,5265699415,5265699414,5265699413,5265699412,5265699411,5265699410,5265699409,5265699408,5265699407,5265699406,5265699405,5265699404,5265699403,5265699402,5265699401,5265699400,5265699399,5265699398,5265699397,5265699396,5265699395,5265699394,5265699393,5265699392,5265699391,5265699390,5265699389,5265699388,5265699387,5265699386,5265699385,5265699384,5265699383,5265699382,5265699381,5265699380,5265699379,5265699378,5265699377,5265699376,5265699375,5265699374,5265699373,5265699372,5265699371,5265699370,5265699369,5265699368,5265699367,5265699366,5265699365,5265699364,5265699363,5265699362,5265699361,5265699360,5265699359,5265699358,5265699357,5265699356,5265699355,5265699354,5265699353,5265699352,5265699351,5265699350,5265699349,5265699348,5265699347,5265699346,5265699345,5265699344,5265699343,5265699342,5265699341,5265699340,5265699339,5265699338,5265699337,5265699336,5265699335,5265699334,5265699333,5265699332,5265699331,5265699330,5265699329,5265699328,5265699327,5265699326,5265699325,5265699324,5265699323,5265699322,5265699321,5265699320,5265699319,5265699318,5265699317,5265699316,5265699315,5265699314,5265699313,5265699312,5265699311,5265699310,5265699309,5265699308,5265699307,5265699306,5265699305,5265699304,5265699303,5265699302,5265699301],"geometry":[{"lat":26.1980993,"lon":58.2380909},{"lat":26.1980078,"lon":58.2381593},{"lat":26.1979525,"lon":58.23817},{"lat":26.1978827,"lon":58.2381459},{"lat":26.1978165,"lon":58.2380855},{"lat":26.1977262,"lon":58.2379769},{"lat":26.1976853,"lon":58.2378843},{"lat":26.1976877,"lon":58.2377811},{"lat":26.1977226,"lon":58.2376456},{"lat":26.1977563,"lon":58.2374954},{"lat":26.1977707,"lon":58.2373855},{"lat":26.1977419,"lon":58.2372165},{"lat":26.1977322,"lon":58.2369778},{"lat":26.1977443,"lon":58.2367645},{"lat":26.197778,"lon":58.2366049},{"lat":26.1979525,"lon":58.2360899},{"lat":26.1980186,"lon":58.235874},{"lat":26.1980234,"lon":58.2357305},{"lat":26.1980126,"lon":58.2356273},{"lat":26.1979825,"lon":58.2354784},{"lat":26.1979512,"lon":58.2353362},{"lat":26.1979428,"lon":58.2351887},{"lat":26.1979404,"lon":58.2349567},{"lat":26.1979332,"lon":58.23484},{"lat":26.1979151,"lon":58.2347649},{"lat":26.197849,"lon":58.2346134},{"lat":26.1977924,"lon":58.2344055},{"lat":26.197731,"lon":58.2341976},{"lat":26.1976817,"lon":58.2341024},{"lat":26.1975854,"lon":58.2340246},{"lat":26.1973712,"lon":58.2339361},{"lat":26.1970692,"lon":58.2338087},{"lat":26.1969344,"lon":58.2337175},{"lat":26.1967768,"lon":58.2336129},{"lat":26.1965903,"lon":58.2334815},{"lat":26.1965036,"lon":58.2333809},{"lat":26.1963821,"lon":58.2331784},{"lat":26.1962617,"lon":58.2329679},{"lat":26.1962341,"lon":58.2328391},{"lat":26.1961871,"lon":58.232709},{"lat":26.1961065,"lon":58.2326044},{"lat":26.1959753,"lon":58.232418},{"lat":26.1959344,"lon":58.2323228},{"lat":26.1959248,"lon":58.2322235},{"lat":26.1959104,"lon":58.2319996},{"lat":26.1958731,"lon":58.2318132},{"lat":26.1958695,"lon":58.2317126},{"lat":26.1958827,"lon":58.2316133},{"lat":26.1959212,"lon":58.2314685},{"lat":26.1959633,"lon":58.2313572},{"lat":26.195979,"lon":58.23127},{"lat":26.1959705,"lon":58.2311654},{"lat":26.1959525,"lon":58.2310407},{"lat":26.1959405,"lon":58.2309106},{"lat":26.1959188,"lon":58.2307738},{"lat":26.1959164,"lon":58.2306343},{"lat":26.195938,"lon":58.2305579},{"lat":26.1959778,"lon":58.2304895},{"lat":26.1960584,"lon":58.2304063},{"lat":26.1961282,"lon":58.2302816},{"lat":26.1961534,"lon":58.2301743},{"lat":26.1961751,"lon":58.2300389},{"lat":26.1962377,"lon":58.2298498},{"lat":26.1962605,"lon":58.2297036},{"lat":26.1962822,"lon":58.229591},{"lat":26.1963195,"lon":58.2294568},{"lat":26.1963267,"lon":58.2293536},{"lat":26.196352,"lon":58.2292087},{"lat":26.1963737,"lon":58.2291189},{"lat":26.1963664,"lon":58.2290076},{"lat":26.1963364,"lon":58.2289191},{"lat":26.1963015,"lon":58.2288319},{"lat":26.1962726,"lon":58.22862},{"lat":26.1962317,"lon":58.2284376},{"lat":26.1961847,"lon":58.2282123},{"lat":26.1961619,"lon":58.228109},{"lat":26.1961522,"lon":58.2280245},{"lat":26.1961619,"lon":58.2279494},{"lat":26.1961847,"lon":58.2278797},{"lat":26.1962389,"lon":58.2278019},{"lat":26.1963123,"lon":58.2276852},{"lat":26.1963761,"lon":58.2275511},{"lat":26.1964362,"lon":58.2273741},{"lat":26.1964639,"lon":58.2272226},{"lat":26.1964663,"lon":58.2271166},{"lat":26.1964687,"lon":58.227008},{"lat":26.196482,"lon":58.2269141},{"lat":26.196512,"lon":58.2267706},{"lat":26.1965169,"lon":58.2266687},{"lat":26.1965,"lon":58.2265158},{"lat":26.1964844,"lon":58.2263938},{"lat":26.1964844,"lon":58.226206},{"lat":26.1964711,"lon":58.2260853},{"lat":26.1964844,"lon":58.2259445},{"lat":26.1965048,"lon":58.225852},{"lat":26.1965253,"lon":58.2256991},{"lat":26.1965481,"lon":58.2255596},{"lat":26.1965915,"lon":58.2253115},{"lat":26.1966035,"lon":58.2251894},{"lat":26.1965915,"lon":58.2250942},{"lat":26.1965662,"lon":58.2249789},{"lat":26.1965277,"lon":58.2248287},{"lat":26.1964916,"lon":58.2246383},{"lat":26.1964519,"lon":58.2245404},{"lat":26.196417,"lon":58.2244787},{"lat":26.1963953,"lon":58.2244143},{"lat":26.1963845,"lon":58.224307},{"lat":26.19637,"lon":58.2241273},{"lat":26.1963352,"lon":58.2240012},{"lat":26.1962774,"lon":58.2238752},{"lat":26.1962461,"lon":58.2237598},{"lat":26.1961859,"lon":58.2235131},{"lat":26.1961294,"lon":58.223383},{"lat":26.1960668,"lon":58.2232743},{"lat":26.196009,"lon":58.2231523},{"lat":26.1959356,"lon":58.2229874},{"lat":26.195855,"lon":58.2228023},{"lat":26.1957732,