{"elements":[{"type":"way","id":382414217,"bounds":{"minlat":27.7295882,"minlon":56.9555336,"maxlat":28.1139356,"maxlon":57.1829073},"nodes":[3856110587,3856110588,3856110589,3856110590,3856110591,3856110592,3856110593,3856110594,3856110595,3856110596,3856110597,3856110598,3856110599,3856110600,3856110601,3856110602,3856110603,3856110604,3856110605,3856110606,3856110607,3856110608,3856110609,9884864149,3856110610,3856110611,3856110612,3856110613,10799229433,3856110614,9884864138,3856110615,9884864133,3856110616,9884864118,9884864129,3856110617,3856110618,3856110619,3856110620,3856110621,3856110622,3856110623,3856110624,3856110625,3856110626,3856110627,3856110628,3856110629,3856110630,10799236779,3856110631,6798464337,3856110632,3856110633,3856110634,3856110635,3856110636,3856110637,3856110638,3856110639,3856110640,3856110641,3856110642,3856110643,3856110644,3856110645,3856110646,3856110647,3856110648,3856110649,3856110650,3856110651,3856110652,3856110653,3856110654,3856110655,3856110656,3856110657,3856110658,3856110659,3856110660,3856110661,3856110662,3856110663,3856110664,3856110665,3856110666,3856110667,3856110668,3856110669,3856110670,3856110671,3856110672,3856110673,3856110674,3856110675,3856110676,3856110677,3856110678,3856110679,3856110680,3856110681,3856110682,3856110683,3856110684,3856110685,3856110686,3856110687,3856110688,3856110689,3856110690,3856110691,3856110692,3856110693,3856110694,3856110695,3856110696,3856110697,3856110698,3856110699,3856110700,3856110701,3856110702,3856110703,3856110704,3856110705,3856110706,3856110707,3856110708,3856110709,3856110710,3856110711,3856110712,3856110713,3856110714,3856110715,3856110716,3856110717,3856110718,3856110719,3856110720,3856110721,3856110722,3856110723,3856110724,3856110725,3856110726,3856110727,3856110728,3856110729,3856110730,3856110731,3856110732,3856110733,3856110734,3856110735,3856110736,3856110737,3856110738,3856110739,3856110740,3856110741,3856110742,3856110743,3856110744,3856110745,3856110746,3856110747,3856110748,3856110749,3856110750,3856110751,3856110752,3856110753,3856110754,3856110755,3856110756,3856110757,3856110758,3856110759,3856110760,3856110761,3856110762,3856110763,3856110764,3856110765,3856110766,3856110767,3856110768,3856110769,3856110770,3856110771,3856110772,3856110773,3856110774,3856110775,3856110776,3856110777,3856110778,3856110779,3856110780,3856110781,3856110782,3856110783,3856110784,3856110785,3856110786,3856110787,3856110788,3856110789,3856110790,13192043618],"geometry":[{"lat":27.7295882,"lon":57.1829073},{"lat":27.7335353,"lon":57.1808069},{"lat":27.7375712,"lon":57.1780818},{"lat":27.7401825,"lon":57.1763759},{"lat":27.7425374,"lon":57.1754425},{"lat":27.745595,"lon":57.1712905},{"lat":27.7461267,"lon":57.1698421},{"lat":27.7465065,"lon":57.1691125},{"lat":27.749412,"lon":57.1660012},{"lat":27.7499342,"lon":57.1659046},{"lat":27.7525263,"lon":57.1662265},{"lat":27.7576248,"lon":57.1667844},{"lat":27.7600743,"lon":57.1670097},{"lat":27.7629438,"lon":57.1658268},{"lat":27.7648497,"lon":57.1662801},{"lat":27.7651108,"lon":57.1661889},{"lat":27.7652959,"lon":57.1660548},{"lat":27.765557,"lon":57.1657437},{"lat":27.7658512,"lon":57.1653306},{"lat":27.7662001,"lon":57.1649416},{"lat":27.7666345,"lon":57.1642524},{"lat":27.7667958,"lon":57.1639198},{"lat":27.7677215,"lon":57.1630722},{"lat":27.7683711,"lon":57.1627387},{"lat":27.7688084,"lon":57.162525},{"lat":27.7706216,"lon":57.161892},{"lat":27.7711817,"lon":57.161656},{"lat":27.7713241,"lon":57.1611946},{"lat":27.7713363,"lon":57.1610349},{"lat":27.771438,"lon":57.1597033},{"lat":27.7719713,"lon":57.1588683},{"lat":27.7723493,"lon":57.1582764},{"lat":27.7730446,"lon":57.1574877},{"lat":27.7749029,"lon":57.1553796},{"lat":27.7750012,"lon":57.1552456},{"lat":27.7755055,"lon":57.1545583},{"lat":27.7761939,"lon":57.1536201},{"lat":27.7764977,"lon":57.1532875},{"lat":27.7779595,"lon":57.1523755},{"lat":27.7799814,"lon":57.1510452},{"lat":27.7809211,"lon":57.1499186},{"lat":27.7816995,"lon":57.148835},{"lat":27.7822975,"lon":57.1476978},{"lat":27.7826962,"lon":57.1466893},{"lat":27.7829145,"lon":57.1465069},{"lat":27.7838067,"lon":57.1461957},{"lat":27.7843952,"lon":57.1457022},{"lat":27.7848129,"lon":57.1448653},{"lat":27.7853824,"lon":57.1442431},{"lat":27.786341,"lon":57.1436423},{"lat":27.787421,"lon":57.1435584},{"lat":27.7875844,"lon":57.1435457},{"lat":27.7888758,"lon":57.1435373},{"lat":27.790897,"lon":57.1435242},{"lat":27.7933077,"lon":57.1425265},{"lat":27.7938962,"lon":57.142151},{"lat":27.7942948,"lon":57.1415931},{"lat":27.7947219,"lon":57.1410995},{"lat":27.7956995,"lon":57.1403485},{"lat":27.7969997,"lon":57.1392327},{"lat":27.7990782,"lon":57.137559},{"lat":27.8004923,"lon":57.1365827},{"lat":27.8019823,"lon":57.1354562},{"lat":27.8040891,"lon":57.1337395},{"lat":27.807942,"lon":57.130714},{"lat":27.8094889,"lon":57.1294802},{"lat":27.8101152,"lon":57.1285682},{"lat":27.8129715,"lon":57.1239334},{"lat":27.8139205,"lon":57.1224099},{"lat":27.8164256,"lon":57.1200066},{"lat":27.8191869,"lon":57.1189981},{"lat":27.8197847,"lon":57.1186226},{"lat":27.8227262,"lon":57.114771},{"lat":27.8249465,"lon":57.1111017},{"lat":27.8265974,"lon":57.1086555},{"lat":27.8271193,"lon":57.1080869},{"lat":27.8315597,"lon":57.1060699},{"lat":27.8341118,"lon":57.1049648},{"lat":27.8355919,"lon":57.1042674},{"lat":27.836996,"lon":57.1029156},{"lat":27.8402216,"lon":57.0999223},{"lat":27.841787,"lon":57.0983558},{"lat":27.8434946,"lon":57.0964032},{"lat":27.8472039,"lon":57.092176},{"lat":27.8475074,"lon":57.0900195},{"lat":27.8476877,"lon":57.0886999},{"lat":27.8478964,"lon":57.0880562},{"lat":27.8501541,"lon":57.0848482},{"lat":27.8520039,"lon":57.0829278},{"lat":27.8531991,"lon":57.0811146},{"lat":27.8551152,"lon":57.0779925},{"lat":27.8556749,"lon":57.0774239},{"lat":27.8593553,"lon":57.0749455},{"lat":27.8600097,"lon":57.0741623},{"lat":27.8629122,"lon":57.070021},{"lat":27.8634528,"lon":57.068755},{"lat":27.8651506,"lon":57.0644742},{"lat":27.8656818,"lon":57.0637339},{"lat":27.8676546,"lon":57.0617061},{"lat":27.8696369,"lon":57.0595711},{"lat":27.8718088,"lon":57.0571893},{"lat":27.8750429,"lon":57.053799},{"lat":27.8769396,"lon":57.0517927},{"lat":27.8800408,"lon":57.0483702},{"lat":27.8834074,"lon":57.0446258},{"lat":27.8859678,"lon":57.0417612},{"lat":27.8886325,"lon":57.0387893},{"lat":27.8910222,"lon":57.0360535},{"lat":27.8928712,"lon":57.0340472},{"lat":27.8945686,"lon":57.0328992},{"lat":27.8958676,"lon":57.0318585},{"lat":27.8982192,"lon":57.0295733},{"lat":27.899632,"lon":57.0282751},{"lat":27.9010922,"lon":57.0268589},{"lat":27.9048184,"lon":57.0233184},{"lat":27.9085161,"lon":57.0198744},{"lat":27.9118723,"lon":57.0167094},{"lat":27.9153612,"lon":57.0135015},{"lat":27.918575,"lon":57.0104545},{"lat":27.9234098,"lon":57.0066565},{"lat":27.9261588,"lon":57.0046609},{"lat":27.9277229,"lon":57.0038777},{"lat":27.9307089,"lon":57.0025688},{"lat":27.9335052,"lon":57.0012813},{"lat":27.9384056,"lon":56.9990927},{"lat":27.9419315,"lon":56.997537},{"lat":27.9452014,"lon":56.9959813},{"lat":27.9502909,"lon":56.993696},{"lat":27.9526697,"lon":56.9922798},{"lat":27.9573039,"lon":56.9896084},{"lat":27.9601943,"lon":56.9880956},{"lat":27.9648093,"lon":56.9839435},{"lat":27.9677184,"lon":56.981154},{"lat":27.9701536,"lon":56.9786757},{"lat":27.9718971,"lon":56.976884},{"lat":27.9749482,"lon":56.9724637},{"lat":27.9778286,"lon":56.9685798},{"lat":27.9817986,"lon":56.9662731},{"lat":27.9843188,"lon":56.9647389},{"lat":27.9860241,"lon":56.9639021},{"lat":27.9874358,"lon":56.9657689},{"lat":27.9883169,"lon":56.9657474},{"lat":27.9888095,"lon":56.9654685},{"lat":27.9893685,"lon":56.9648569},{"lat":27.9900601,"lon":56.9641166},{"lat":27.9908275,"lon":56.964932},{"lat":27.9925612,"lon":56.9671744},{"lat":27.9930064,"lon":56.9676142},{"lat":27.9941622,"lon":56.9681185},{"lat":27.9966442,"lon":56.969245},{"lat":27.9997135,"lon":56.9705647},{"lat":28.0017597,"lon":56.9714552},{"lat":28.0031048,"lon":56.9717556},{"lat":28.0058898,