{"elements":[{"type":"way","id":1005780411,"bounds":{"minlat":28.0322446,"minlon":54.6642282,"maxlat":28.0856768,"maxlon":55.0469088},"nodes":[9279751662,9279751661,9279751660,9279751659,9279751658,9279751657,9279751656,9279751655,9279751654,9279751653,9279751652,9279751651,9279751650,9279751649,9279751648,9279751647,9279751646,9279751645,9279751644,9279751643,9279751642,9279751641,9279751640,9279751639,9279751638,9279751637,9279751636,9279751635,9279751634,9279751633,9279751632,9279751631,9279751630,9279751629,9279751628,9279751627,9279751626,9279751625,9279751624,9279751623,9279751622,9279751621,9279751620,9279751619,9279751618,9279751617,9279751616,9279751615,9279751614,9279751613,9279751612,9279751611,9279751610,9279751609,9279751608,9279751607,9279751606,9279751605,9279751604,9279751603,9279751602,9279751601,9279751600,9279751599,9279751598,9279751597,9279751596,9279751595,9279751594,9279751593,9279751592,9279751591,9279751590,9279751589,9279751588,9279751587,9279751586,9279751585,9279751584,9279751583,9279751582,9279751581,9279751580,9279751579,9279751578,9279751577,9279751576,9279751575,9279751574,9279751573,9279751572,9279751571,9279751570,9279751569,9279751568,9279751567,9279751566,9279751565,9279751564,9279751563,9279751562,9279751561,9279751560,9279751559,9279751558,9279751557,9279751556,9279751555,9279734852,9279751554,9279734853,9279734854,9279734855,9279734856,9279734857,9279734858,9279734859,13674500961,9279734860,9279734861,9279734862,9279734863,9279734864,9279734865,9279734866,9279734867,9279734868,9279734869,9279734870,9279734871,9279734872,9279734873,9279734874,9279734875,9279734876,9279734877,9279734878,9279734879,9279734880,9279734881,9279734882,9279734883,9279734884,9279734885,9279734886,9279734887,9279734888,9279734889,9279734890,9279734891,9279734892,9279734893,9279734894,9279734895,9279734896,9279734897,9279734898,13674473403,9279734899,9279734900,9279734901,9279734902,9279734903,9279734904,9279734905,9279734906,9279734907,9279734908,9279734909,9279734910,9279734911,9279734912,9279734913,9279734914,9279734915,9279734916,9279751417,9279751418,9279751419,9279751420,9279751421,9279751422,9279751423,9279751424,9279751425,9279751426,9279751427,9279751428,9279751429,9279751430,9279751431,9279751432,9279751433,9279751434,9279751435,9279751436,9279751437,9279751438,9279751439,9279751440,9279751441,9279751442,9279751443,9279751444,9279751445,9279751446,9279751447,9279751448,9279751449,9279751450,9279751451,9279751452,9279751453,9279751454,9279751455,9279751456,9279751457,9279751458,9279751459,9279751460,9279751461,9279751462,9279751463,9279751464,9279751465,9279751466,9279751467,9279751468,9279751469,9279751470,9279751471,9279751472,9279751473,9279751474,9279751475,9279751476,9279751477,9279751478,9279751479,9279751480,9279751481,9279751482,9279751483,9279751484,9279751485,9279751486,9279751487,9279751488,9279751489,9279751490,9279751491,9279751492,9279751493,9279751494,9279751495,9279751496,9279751497,9279751498,9279751499,9279751500,9279751501,9279751502,9279751503,9279751504,9279751505,9279751506,9279751507,9279751508,9279751509,9279751510,9279751511,9279751512,9279751513,9279751514,9279751515,9279751516,9279751517,9279751518,9279751519,9279751520,9279751521,9279751522,9279751523,9279751524,9279751525,9279751526,9279751527,9279751528,9279751529,9279751530,9279751531,9279751532,9279751533,9279751534,9279751535,9279751536,9279751537,9279751538,9279751539,9279751540,9279751541,9279751542,9279751543,9279751544,9279751545,9279751546,9279751547,9279751548,9279751549,9279751550,9279751551,9279751552,9279751553,9279726922],"geometry":[{"lat":28.0322446,"lon":55.0469088},{"lat":28.0322633,"lon":55.0464699},{"lat":28.032482,"lon":55.0454931},{"lat":28.0325945,"lon":55.04458},{"lat":28.0328694,"lon":55.0435395},{"lat":28.0330506,"lon":55.0430581},{"lat":28.033388,"lon":55.0427113},{"lat":28.0338316,"lon":55.0423786},{"lat":28.034069,"lon":55.0421733},{"lat":28.0343251,"lon":55.0416637},{"lat":28.0346375,"lon":55.0413239},{"lat":28.0349124,"lon":55.0409275},{"lat":28.0353614,"lon":55.0406592},{"lat":28.0358017,"lon":55.0405411},{"lat":28.0364315,"lon":55.0406431},{"lat":28.0366824,"lon":55.0406645},{"lat":28.0370707,"lon":55.040627},{"lat":28.0372506,"lon":55.040686},{"lat":28.0373027,"lon":55.0408523},{"lat":28.0373926,"lon":55.0408898},{"lat":28.0374968,"lon":55.0406484},{"lat":28.0376246,"lon":55.0402836},{"lat":28.0379561,"lon":55.0398438},{"lat":28.0382165,"lon":55.0391678},{"lat":28.0386095,"lon":55.0387011},{"lat":28.0386805,"lon":55.0383686},{"lat":28.0386663,"lon":55.0379126},{"lat":28.0385574,"lon":55.0373386},{"lat":28.0383349,"lon":55.0367378},{"lat":28.0382402,"lon":55.0362764},{"lat":28.0382449,"lon":55.0354932},{"lat":28.0383065,"lon":55.034651},{"lat":28.0384627,"lon":55.0340824},{"lat":28.0392534,"lon":55.0315933},{"lat":28.0397648,"lon":55.0299518},{"lat":28.0401483,"lon":55.0286536},{"lat":28.0402288,"lon":55.0277416},{"lat":28.0404466,"lon":55.0269423},{"lat":28.0406502,"lon":55.0253169},{"lat":28.0409011,"lon":55.0241636},{"lat":28.0411189,"lon":55.0236861},{"lat":28.0416208,"lon":55.0224362},{"lat":28.0419285,"lon":55.0215618},{"lat":28.0423499,"lon":55.0205265},{"lat":28.0429133,"lon":55.0195502},{"lat":28.0433537,"lon":55.0186275},{"lat":28.0436898,"lon":55.0178604},{"lat":28.0440496,"lon":55.017163},{"lat":28.0443669,"lon":55.0166588},{"lat":28.0448498,"lon":55.0160472},{"lat":28.0450818,"lon":55.015779},{"lat":28.0453327,"lon":55.0155054},{"lat":28.0455126,"lon":55.0151782},{"lat":28.0455505,"lon":55.0148724},{"lat":28.0455126,"lon":55.0144218},{"lat":28.0455315,"lon":55.0142018},{"lat":28.0457446,"lon":55.0132309},{"lat":28.0459577,"lon":55.0125979},{"lat":28.0462701,"lon":55.0118522},{"lat":28.0466584,"lon":55.0106882},{"lat":28.0466962,"lon":55.0100712},{"lat":28.0465921,"lon":55.0092612},{"lat":28.0465495,"lon":55.0086389},{"lat":28.0464926,"lon":55.0082366},{"lat":28.0463459,"lon":55.0079308},{"lat":28.0460618,"lon":55.0077109},{"lat":28.0456546,"lon":55.0072227},{"lat":28.0454511,"lon":55.0068901},{"lat":28.0452001,"lon":55.0067507},{"lat":28.0448971,"lon":55.0067078},{"lat":28.0446367,"lon":55.0066166},{"lat":28.0438697,"lon":55.0062357},{"lat":28.0436472,"lon":55.0061391},{"lat":28.0429607,"lon":55.0061016},{"lat":28.0427097,"lon":55.006064},{"lat":28.042563,"lon":55.0059514},{"lat":28.0424493,"lon":55.0056939},{"lat":28.0424067,"lon":55.0049858},{"lat":28.0424493,"lon":55.0044064},{"lat":28.0425393,"lon":55.003709},{"lat":28.0425866,"lon":55.0028668},{"lat":28.042705,"lon":55.0021426},{"lat":28.0429039,"lon":55.0012092},{"lat":28.0430412,"lon":55.0008176},{"lat":28.0431453,"lon":55.000646},{"lat":28.043491,"lon":54.9999486},{"lat":28.0438413,"lon":54.9992137},{"lat":28.0440449,"lon":54.9988542},{"lat":28.0444426,"lon":54.9983393},{"lat":28.0447646,"lon":54.9977653},{"lat":28.0455221,"lon":54.9966495},{"lat":28.0459434,"lon":54.9960808},{"lat":28.0462985,"lon":54.9952708},{"lat":28.0465353,"lon":54.9946593},{"lat":28.0474248,"lon":54.9928784},{"lat":28.0477468,"lon":54.9921515},{"lat":28.0482013,"lon":54.9910813},{"lat":28.0483622,"lon":54.9907594},{"lat":28.0485871,"lon":54.9902686},{"lat":28.0487339,"lon":54.9898662},{"lat":28.0487031,"lon":54.9897026},{"lat":28.0486013,"lon":54.9896517},{"lat":28.0481137,"lon":54.9897804},{"lat":28.0477894,"lon":54.9896973},{"lat":28.0477089,"lon":54.989598},{"lat":28.0476189,"lon":54.9893432},{"lat":28.0476166,"lon":54.9892252},{"lat":28.0476805,"lon":54.9889007},{"lat":28.047671,"lon":54.9885868},{"lat":28.0476355,"lon":54.9880343},{"lat":28.0474106,"lon":54.9870982},{"lat":28.0475053,"lon":54.9847808},{"lat":28.0476757,"lon":54.9834289},{"lat":28.0482818,"lon":54.9817123},{"lat":28.0491339,"lon":54.9804892},{"lat":28.0497021,"lon":54.9789658},{"lat":28.0508762,"lon":54.977335},{"lat":28.0506758,"lon":54.9763906},{"lat":28.050611,"lon":54.9759188},{"lat":28.05152,"lon":54.9743953},{"lat":28.052429,"lon":54.972507},{"lat":28.0528835,"lon":54.9715414},{"lat":28.0531107,