{"elements":[{"type":"way","id":1449313996,"bounds":{"minlat":26.3960613,"minlon":58.2453248,"maxlat":26.4674512,"maxlon":58.3147202},"nodes":[13293964960,13293964961,13293964962,13293964963,13293964964,13293964965,13293964966,13293964967,13293964968,13293964969,13293964970,13293964971,13293964972,13293964973,13293964974,13293964975,13293964976,13293964977,13293964978,13293964979,13293964980,13293964981,13293964982,13293964983,13293964984,13293964985,13293964986,13293964987,13293964988,13293964989,13293964990,13293964991,13293964992,13293964993,13293964994,13293964995,13293964996,13293964997,13293964998,13293964999,13293965000,13293995501,13293995502,13293995503,13293995504,13293995505,13293995506,13293995507,13293995508,13293995509,13293995510,13293995511,13293995512,13293995513,13293995514,13293995515,13293995516,13293995517,13293995518,13293995519,13293995520,13293995521,13293995522,13293995523,13293995524,13293995525,13293995526,13293995527,13293995528,13293995529,13293995530,13293995531,13293995532,13293995533,13293995534,13293995535,13293995536,13293995537,13293995538,13293995539,13293995540,13293995541,13293995542,13293995543,13293995544,13293995545,13293995546,13293995547,13293995548,13293995549,13293995550,13293995551,13293995552,13293995553,13293995554,13293995555,13293995556,13293995557,13293995558,13293995559,13293995560,13293995561,13293995562,13293995563,13293995564,13293995565,13293995566,13293995567,13293995568,13293995569,13293995570,13293995571,13293995572,13293995573,13293995574,13293995575,13293995576,13293995577,13293995578,13293995579,13293995580,13293995581,13293995582,13293995583,13293995584,13293995585,13293995586,13293995587,13293995588,13293995589,13293995590,13293995591,13293995592,13293995593,13293995594,13293995595,13293995596,13293995597,13293995598,13293995599,13293995600,13293995601,13293995602,13293995603,13293995604,13293995605,13293995606,13293995607,13293995608,13293995609,13293995610,13293995611,13293995612,13293995613,13293995614,13293995615,13293995616,13293995617,13293995618,13293995619,13293995620,13293995621,13293995622,13293995623,13293995624,13293995625,13293995626,13293995627,13293995628,13293995629,13293995630,13293995631,13293995632,13293995633,13293995634,13293995635,13293995636,13293995637,13293995638,13293995639,13293995640,13293995641,13293995642,13293995643,13293995644,13293995645,13293995646,13293995647,13293995648,13293995649,13293995650,13293995651,13293995652,13293995653,13293995654,13293995655,13293995656,13293995657,13293995658,13293995659,13293995660,13293995661,13293995662,13293995663,13293995664,13293995665,13293995666,13293995667,13293995668,13293995669,13293995670,13293995671,13293995672,13293995673,13293995674,13293995675,13293995676,13293995677,13293995678,13293995679,13293995680,13293995681,13293995682,13293995683,13293995684,13293995685,13293995686,13293995687,13293995688,13293995689,13293995690,13293995691,13293995692,13293995693,13293995694,13293995695,13293995696,13293995697,13293995698,13293995699,13293995700,13293995701,13293995702,13293995703,13293995704,13293995705,13293995706,13293995707,13293995708,13293995709,13293995710,13293995711,13293995712,13293995713,13293995714,13293995715,13293995716,13293995717,13293995718,13293995719,13293995720,13293995721,13293995722,13293995723,13293995724,13293995725,13293995726,13293995727,13293995728,13293995729,13293995730,13293995731,13293995732,13293995733,13293995734,13293995735,13293995736,13293995737,13293995738,13293995739,13293995740,13293995741,13293995742,13293995743,13293995744,13293995745,13293995746,13293995747,13293995748,13293995749,13293995750,13293995751,13293995752,13293995753,13293995754,13293995755,13293995756,13293995757,13293995758,13293995759,13293995760,13293995761,13293995762,13293995763,13293995764,13293995765,13293995766,13293995767,13293995768,13293995769,13293995770,13293995771,13293995840,13293995841,13293995842,13293995843,13293995844,13293995845,13293995846,13293995847,13293995848,13293995849,13293995850,13293995851,13293995852,13293995853,13293995854,13293995855,13293995856,13293995857,13293995858,13293995859,13293995860,13293995861,13293995862,13293995863,13293995864,13293995865,13293995866,13293995867,13293995868,13293995869,13293995870,13293995871,13293995872,13293995873,13293995874,13293995875,13293995876,13293995877,13293995878,13293995879,13293995880,13293995881,13293995882,13293995883,13293995884,13293995885,13293995886,13293995887,13293995888,13293995889,13293995890,13293995891,13293995892,13293995893,13293995894,13293995895,13293995896,13293995897,13293995898,13293995899,13293995900,13293995901,13293995902,13293995903,13293995904,13293995905,13293995906,13293995907,13293995908,13293995909,13293995910,13293995911,13293995912,13293995913,13293995914,13293995915,13293995916,13293995917,13293995918,13293995919,13293995920,13293995921,13293995922],"geometry":[{"lat":26.4674512,"lon":58.2453248},{"lat":26.4673927,"lon":58.245357},{"lat":26.4673601,"lon":58.245407},{"lat":26.4673561,"lon":58.2454842},{"lat":26.4673866,"lon":58.2455796},{"lat":26.467411,"lon":58.2456795},{"lat":26.4674008,"lon":58.2457658},{"lat":26.4673703,"lon":58.2458249},{"lat":26.4672585,"lon":58.2459725},{"lat":26.4671406,"lon":58.2460701},{"lat":26.4669718,"lon":58.2461655},{"lat":26.4668763,"lon":58.2462405},{"lat":26.466801,"lon":58.2463563},{"lat":26.4667258,"lon":58.2464176},{"lat":26.4666018,"lon":58.2464994},{"lat":26.4663903,"lon":58.2466584},{"lat":26.4662297,"lon":58.2467833},{"lat":26.466126,"lon":58.2468332},{"lat":26.4659675,"lon":58.2469195},{"lat":26.4657865,"lon":58.2470558},{"lat":26.4655751,"lon":58.2472579},{"lat":26.4653575,"lon":58.2474465},{"lat":26.4652274,"lon":58.2476259},{"lat":26.4651501,"lon":58.247719},{"lat":26.4650729,"lon":58.2478144},{"lat":26.4650139,"lon":58.2479529},{"lat":26.4649367,"lon":58.2482073},{"lat":26.4648675,"lon":58.2484185},{"lat":26.4647903,"lon":58.2485389},{"lat":26.4646947,"lon":58.2486138},{"lat":26.4645239,"lon":58.2486774},{"lat":26.4643572,"lon":58.2487683},{"lat":26.4642291,"lon":58.2488773},{"lat":26.4641153,"lon":58.2489976},{"lat":26.4639445,"lon":58.2491544},{"lat":26.4638103,"lon":58.2492452},{"lat":26.4636578,"lon":58.2493111},{"lat":26.4635134,"lon":58.2493906},{"lat":26.4633671,"lon":58.2495155},{"lat":26.4632512,"lon":58.2496199},{"lat":26.4631109,"lon":58.249704},{"lat":26.4630051,"lon":58.2497744},{"lat":26.4628974,"lon":58.2498811},{"lat":26.4627937,"lon":58.2499788},{"lat":26.4627022,"lon":58.2501196},{"lat":26.4625639,"lon":58.2503217},{"lat":26.4624298,"lon":58.2505284},{"lat":26.4623078,"lon":58.2507373},{"lat":26.4622122,"lon":58.2509349},{"lat":26.4621126,"lon":58.2510848},{"lat":26.4619499,"lon":58.2512733},{"lat":26.4617385,"lon":58.2514846},{"lat":26.4615392,"lon":58.2517185},{"lat":26.4614132,"lon":58.2519252},{"lat":26.4612607,"lon":58.2521523},{"lat":26.4611183,"lon":58.2523703},{"lat":26.4609435,"lon":58.2525384},{"lat":26.4607788,"lon":58.2527473},{"lat":26.4606507,"lon":58.2528995},{"lat":26.4604941,"lon":58.2530471},{"lat":26.4603681,"lon":58.2532515},{"lat":26.4602054,"lon":58.25349},{"lat":26.4600265,"lon":58.2536967},{"lat":26.4598964,"lon":58.2538806},{"lat":26.4598008,"lon":58.2539737},{"lat":26.4597032,"lon":58.2541123},{"lat":26.4595954,"lon":58.2543212},{"lat":26.4594369,"lon":58.2545211},{"lat":26.4593718,"lon":58.2545983},{"lat":26.4592925,"lon":58.2546528},{"lat":26.4592559,"lon":58.2547141},{"lat":26.4592356,"lon":58.2548527},{"lat":26.4591542,"lon":58.2549867},{"lat":26.4589346,"lon":58.2552433},{"lat":26.4587842,"lon":58.2553796},{"lat":26.4586602,"lon":58.2555045},{"lat":26.4585524,"lon":58.2556771},{"lat":26.4584467,"lon":58.2557884},{"lat":26.4583125,"lon":58.2559019},{"lat":26.45816,"lon":58.2560359},{"lat":26.4580176,"lon":58.2562108},{"lat":26.457796,"lon":58.2565379},{"lat":26.4576212,"lon":58.2567945},{"lat":26.4574402,"lon":58.2570875},{"lat":26.4573121,"lon":58.2573055},{"lat":26.4571779,"lon":58.257544},{"lat":26.4570173,