{"elements":[{"type":"way","id":1335137699,"bounds":{"minlat":27.1456959,"minlon":56.5013575,"maxlat":27.1962434,"maxlon":56.6621556},"nodes":[1696012069,12351948988,12351949836,12351949835,12351949834,12351949833,12351949832,12351949831,12351949830,12351949829,12351949828,12351949827,12351949826,12351949825,12351949824,12351949823,12351949822,12351949821,12351949820,12351949819,12351949818,12351949817,12351949816,12351949815,12351949814,12351949813,12351949812,12351949811,12351949810,12351949809,12351949808,12351949807,12351949806,289063593,12351949805,12351949804,12351949803,12351949802,12351949801,12351949800,12351949799,12351949798,12351949797,12351949796,12351949795,12351949794,12351949793,12351949792,12351949791,12351949790,12351949789,12351949788,12351949787,12351949786,12351949785,12351949784,12351949783,12351949782,12351949781,12351949780,12351949779,12351949778,12351949777,12351949776,12351949775,12351949774,12351949773,12351949772,12351949771,12351949770,12351949769,12351949768,12351949767,12351949766,12351949765,12351949764,12351949763,12351949762,12351949761,12351949760,12351949759,12351949758,12351949757,12351949756,12351949755,12351949754,12351949753,12351949752,12351949751,12351949750,12351949749,12351949748,12351949747,12351949746,12351949745,12351949744,12351949743,12351949742,12351949741,12351949740,12351949739,12351949738,12351949737,12351949736,12351949735,12351949734,12351949733,12351949732,12351949731,12351949730,12351949729,12351949728,12351949727,12351949726,12351949725,12351949724,12351949723,12351949722,12351949721,12351949720,12351949719,12351949718,12351949717,12351949716,12351949715,12351949714,12351949713,12351949712,12351949711,12351949710,12351949709,12351949708,12351949707,12351949706,12351949705,12351949704,12351949703,12351949702,12351949701,12351949700,12351949699,12351949698,12351949697,12351949696,12351949695,12351949694,12351949693,12351949692,12351949691,12351949690,12351949689,12351949688,12351949687,12351949686,12351949685,12351949684,12351949683,12351949682,12351949681,12351949680,12351949679,12351949678,12351949677,12351949676,12351949675,12351949674,12351949673,12351949672,12351949671,12351949670,12351949669,12351949668,12351949667,12351949666,12351949665,12351949664,12351949663,12351949662,12351949661,1696013275,1696012682,1696012250,1696011964,1696011659,1696011504,1696011391,1696011409,1696011469,1696011591,1696011596,1696011580,1696011534,1696011443,1696011334,1696011290,1696011286,1696011280,1696011628,1696012223,1696011926,1696011642,1696011655,1696011890,1696012123,1696012179,1696012194,1696012170,1696013281,1696013128,1696013326,1696013163,1696012520,1696012458,1696012134,1696012127,1696012016,1696012396,1696012560,1696012730,1696013006,1696013375,1696013390,1696013568,1696013685,1696013739,1696013626,1696012863,1696012926,1696013169,1696012032,1696011650,1696011599,1696011540,1696011361,1696012512,1696012628,1696013566,1696012906,1696012306,1696012245,1696012711,1696012575,1696012649,1696012892,1696013349,1696013581,5232484121,1696013648,1696013515,1696013293,1696013438,1696013519,289063628,1696013190,1696012804,1696013040,1696012977,1696012787,1696012503,1696012416,1696012349,1696012193,1696012183,1696012077,1696012022,1696011962,1696011929,1696011875,1696011898,1696011968,1696011970,1696011948,1696011980,1696011983,1696011919,1696011837,1696011809,1696011805,1696011833,1696011849,1696011883,1696011859,1696011852,1696011904,1696011977,1696012062,1696012069],"geometry":[{"lat":27.1691735,"lon":56.5013575},{"lat":27.1712578,"lon":56.5019345},{"lat":27.1717732,"lon":56.5025138},{"lat":27.1715441,"lon":56.5033721},{"lat":27.1716205,"lon":56.5051746},{"lat":27.172575,"lon":56.5075349},{"lat":27.1734149,"lon":56.509037},{"lat":27.1739876,"lon":56.5096807},{"lat":27.174713,"lon":56.5101099},{"lat":27.176431,"lon":56.510539},{"lat":27.1771182,"lon":56.511054},{"lat":27.1778054,"lon":56.5127277},{"lat":27.1782635,"lon":56.5134143},{"lat":27.1796379,"lon":56.5143156},{"lat":27.1808977,"lon":56.5156459},{"lat":27.182272,"lon":56.5163755},{"lat":27.1827301,"lon":56.5170621},{"lat":27.1813558,"lon":56.5198087},{"lat":27.1812413,"lon":56.5216541},{"lat":27.1814703,"lon":56.5263319},{"lat":27.1811649,"lon":56.5271043},{"lat":27.1804778,"lon":56.5275335},{"lat":27.1799815,"lon":56.5281772},{"lat":27.1798669,"lon":56.5290355},{"lat":27.1807068,"lon":56.5302801},{"lat":27.1815467,"lon":56.5302372},{"lat":27.1823102,"lon":56.5305376},{"lat":27.1826538,"lon":56.531353},{"lat":27.182692,"lon":56.5322113},{"lat":27.1825011,"lon":56.5331983},{"lat":27.1826156,"lon":56.5340566},{"lat":27.1833028,"lon":56.5356445},{"lat":27.1838754,"lon":56.536374},{"lat":27.1845794,"lon":56.5366145},{"lat":27.185975,"lon":56.5376186},{"lat":27.1874638,"lon":56.5397214},{"lat":27.1875783,"lon":56.5405368},{"lat":27.1870821,"lon":56.5412235},{"lat":27.1863567,"lon":56.5428114},{"lat":27.1881509,"lon":56.5433263},{"lat":27.1898687,"lon":56.5434122},{"lat":27.1907467,"lon":56.5436697},{"lat":27.191472,"lon":56.5440988},{"lat":27.1934569,"lon":56.54603},{"lat":27.1937623,"lon":56.5468454},{"lat":27.1925026,"lon":56.5503215},{"lat":27.1910903,"lon":56.5510511},{"lat":27.1879601,"lon":56.5513086},{"lat":27.188609,"lon":56.5522527},{"lat":27.1901359,"lon":56.5530252},{"lat":27.1926553,"lon":56.5531539},{"lat":27.1936096,"lon":56.5533685},{"lat":27.195022,"lon":56.5540981},{"lat":27.1915865,"lon":56.5541839},{"lat":27.1897924,"lon":56.5546131},{"lat":27.1896779,"lon":56.5556001},{"lat":27.1901741,"lon":56.5564155},{"lat":27.1904031,"lon":56.5572738},{"lat":27.189716,"lon":56.5577888},{"lat":27.1882654,"lon":56.5584755},{"lat":27.1886472,"lon":56.5593767},{"lat":27.1903268,"lon":56.5601491},{"lat":27.1919301,"lon":56.5603637},{"lat":27.191472,"lon":56.5611362},{"lat":27.1879982,"lon":56.5621233},{"lat":27.1879219,"lon":56.5638828},{"lat":27.1883418,"lon":56.5665435},{"lat":27.1883418,"lon":56.5674448},{"lat":27.1879601,"lon":56.5682601},{"lat":27.1873111,"lon":56.5689039},{"lat":27.1864713,"lon":56.5724229},{"lat":27.1864713,"lon":56.5733242},{"lat":27.1871584,"lon":56.5738821},{"lat":27.1873874,"lon":56.5747404},{"lat":27.1875783,"lon":56.5756845},{"lat":27.1874638,"lon":56.5765857},{"lat":27.1868148,"lon":56.5781736},{"lat":27.1865094,"lon":56.5798902},{"lat":27.1858605,"lon":56.5805339},{"lat":27.1856696,"lon":56.5813922},{"lat":27.1860132,"lon":56.5822076},{"lat":27.1848679,"lon":56.5834522},{"lat":27.1846771,"lon":56.5844392},{"lat":27.1846771,"lon":56.5853834},{"lat":27.1850206,"lon":56.5864992},{"lat":27.1857841,"lon":56.5867137},{"lat":27.1891816,"lon":56.5867567},{"lat":27.1899832,"lon":56.5870142},{"lat":27.1926553,"lon":56.5892028},{"lat":27.1949838,"lon":56.5921211},{"lat":27.1941822,"lon":56.5920353},{"lat":27.1923881,"lon":56.5909624},{"lat":27.1910903,"lon":56.5898466},{"lat":27.188838,"lon":56.588602},{"lat":27.1881127,"lon":56.5883016},{"lat":27.1864713,"lon":56.5882158},{"lat":27.1858223,"lon":56.5887737},{"lat":27.1852879,"lon":56.5895462},{"lat":27.1845625,"lon":56.5910911},{"lat":27.185097,"lon":56.5918636},{"lat":27.1864713,"lon":56.5926361},{"lat":27.1871584,"lon":56.5929794},{"lat":27.1889144,"lon":56.5934515},{"lat":27.1878455,"lon":56.5937948},{"lat":27.1858605,"lon":56.5940523},{"lat":27.1831119,"lon":56.5958547},{"lat":27.1815085,"lon":56.5965843},{"lat":27.1810886,"lon":56.5973138},{"lat":27.1810122,"lon":56.5981721},{"lat":27.1817376,"lon":56.5985584},{"lat":27.1851733,"lon":56.5982151},{"lat":27.1875783,"lon":56.5986871},{"lat":27.1934188,"lon":56.598773},{"lat":27.1928462,"lon":56.5994596},{"lat":27.1919682,"lon":56.5995884},{"lat":27.1886472,"lon":56.6007042},{"lat":27.1865094,"lon":56.6017341},{"lat":27.1870439,"lon":56.6025066},{"lat":27.1886472,"lon":56.6032791},{"lat":27.1910139,"lon":56.6034507},{"lat":27.1925408,"lon":56.6040945},{"lat":27.1938768,"lon":56.6051673},{"lat":27.194144,"lon":56.6069698},{"lat":27.1933806,"lon":56.6072702},{"lat":27.1917392,"lon":56.6067123},{"lat":27.1884563,