{"elements":[{"type":"way","id":793232336,"bounds":{"minlat":27.8455471,"minlon":55.7850069,"maxlat":27.860049,"maxlon":55.9676527},"nodes":[9258422205,9258422206,9255383763,9255383762,9255383761,9255383760,9255383759,9255383758,9255383757,9255383756,9255383755,9255383754,9255383753,9255383752,9255383751,9255383750,9255383749,9255383748,9255383747,9255383746,9255383745,9255383744,9255383743,9255383742,9255383741,9255383740,9255383739,9255383738,9255383737,9255383736,9255383735,9255383734,9255383733,9255383732,9255383731,9255383730,9255383729,9255383728,9255383727,9255383726,9255383725,9255383724,9255383723,9255383722,9255383721,9255383720,9255383719,9255383718,7417256163,7417256164,7417256165,7417256166,7417256154,7417256167,7417256168,7417256169,7417256170,7417256171,7417256172,7417256173,7417256174,7417256175,7417256176,7417256177,7417256178,7417256179,7417256180,7417256181,7417256182,7417256183,7417256184,7417262885,7417262886,7417262887,7417262888,7417262889,7417262890,7417262891,7417262892,7417262893,7417262894,7417262895,7417262896,9255383904,7417262897,7417262898,7417262899,7417262900,7417262901,7417262902,7417262903,7417262904,7417262905,7417262906,7417262907,7417262908,7417262909,7417262910,7417262911,7417262912,7417262913,7417262914,7417262915,7417262916,7417262917,7417262918,7417262919,7417262920,7417262921,7417262922,7417262923,7417262924,7417262925,7417262926,7417262927,7417262928,7417262929,7417262930,7417262931,7417262932,7417262933,7417262934,7417262935,7417262936,7417262937,7417262938,7417262939,7417262940,7417262941,7417262942,7417262943,7417262944,7417262945,7417262946,7417262947,7417262948,7417262949,7417262950,7417262951,7417262952,7417262953,7417262954,7417262955,7417262956,7417262957,7417262958,7417262959,7417262960,7417262961,7417262962,7417262963,7417262964,7417262965,7417262966,7417262967,7417262968,7417262969,7417262970,7417262971,7417262972,7417262973,7417262974,7417262975,7417262976,7417262977,7417262978,7417262979,7417262980,7417262981,7417262982,7417262983,7417262984,7417262985,7417262986,7417262987,7417262988,7417262989,7417262990,7417262991,7417262992,7417262993,7417262994,7417262995,7417262996,7417262997,7417262998,7417262999,7417263000,7417263001,7417263002,7417263003,7417263004,7417263005,7417263006,7417263007,7417263008,7417263009,7417263010,7417263011,7417263012,7417263013,7417263014,7417263015,7417263016,7417263017,7417263018,7417263019,7417263020,7417263021,7417263022,7417263023,7417263024,7417263025,7417263026,7417263027,7417263028,7417263029,7417263030,7417263031,7417263032,7417263033,7417263034,7417263035,7417263036,7417263037,7417263038,7417263039,9274179369,7417263040,7417263044,7417263045,7417263046,9255383716,7417263047,7417263048,7417263049,7417263050,7417263051,7417263052,7417263053,7417263054,7417263055,7417263056,7417256153,7417256152],"geometry":[{"lat":27.8566709,"lon":55.7850069},{"lat":27.8567776,"lon":55.7853314},{"lat":27.8569396,"lon":55.7856939},{"lat":27.8569798,"lon":55.7860444},{"lat":27.8569989,"lon":55.7865713},{"lat":27.8571521,"lon":55.7871992},{"lat":27.8573052,"lon":55.7876756},{"lat":27.8576753,"lon":55.7891263},{"lat":27.8579242,"lon":55.7897109},{"lat":27.8575605,"lon":55.7904471},{"lat":27.8575605,"lon":55.7909379},{"lat":27.8578795,"lon":55.7918256},{"lat":27.857988,"lon":55.7928361},{"lat":27.8577583,"lon":55.7941496},{"lat":27.8572542,"lon":55.7948064},{"lat":27.8572606,"lon":55.7956004},{"lat":27.8575158,"lon":55.7970294},{"lat":27.8573818,"lon":55.7978522},{"lat":27.8579561,"lon":55.7980471},{"lat":27.8585559,"lon":55.7985451},{"lat":27.8588239,"lon":55.7998875},{"lat":27.8587665,"lon":55.8011145},{"lat":27.8588686,"lon":55.8017929},{"lat":27.8589324,"lon":55.8020816},{"lat":27.8590345,"lon":55.8021971},{"lat":27.859328,"lon":55.8021899},{"lat":27.8595067,"lon":55.8024136},{"lat":27.859245,"lon":55.8030488},{"lat":27.8586389,"lon":55.8041891},{"lat":27.8585878,"lon":55.8044923},{"lat":27.8591621,"lon":55.8044995},{"lat":27.8592259,"lon":55.8047016},{"lat":27.8590728,"lon":55.8053223},{"lat":27.8590983,"lon":55.8057698},{"lat":27.859194,"lon":55.8060657},{"lat":27.8592706,"lon":55.8064699},{"lat":27.8591812,"lon":55.8070978},{"lat":27.8593344,"lon":55.8079278},{"lat":27.8594237,"lon":55.8095878},{"lat":27.8599661,"lon":55.8108148},{"lat":27.860049,"lon":55.8111684},{"lat":27.8594939,"lon":55.8119479},{"lat":27.8583836,"lon":55.8122583},{"lat":27.857905,"lon":55.8120129},{"lat":27.8576881,"lon":55.8119407},{"lat":27.8567118,"lon":55.812482},{"lat":27.8559588,"lon":55.813976},{"lat":27.8554802,"lon":55.8151669},{"lat":27.8551278,"lon":55.8165284},{"lat":27.8548766,"lon":55.8176135},{"lat":27.85489,"lon":55.8181122},{"lat":27.8549648,"lon":55.8186986},{"lat":27.8550162,"lon":55.818808},{"lat":27.8551038,"lon":55.8189948},{"lat":27.8554191,"lon":55.8193514},{"lat":27.8554833,"lon":55.8195691},{"lat":27.8561032,"lon":55.8201554},{"lat":27.856317,"lon":55.8213101},{"lat":27.8566324,"lon":55.8222047},{"lat":27.8568622,"lon":55.823172},{"lat":27.8568675,"lon":55.8239578},{"lat":27.8567553,"lon":55.8246046},{"lat":27.8565896,"lon":55.8249855},{"lat":27.8560605,"lon":55.8257169},{"lat":27.8555688,"lon":55.8266298},{"lat":27.8550236,"lon":55.8274761},{"lat":27.8545854,"lon":55.8281048},{"lat":27.8543983,"lon":55.8282196},{"lat":27.8524956,"lon":55.8305953},{"lat":27.8517206,"lon":55.8317983},{"lat":27.8499621,"lon":55.8342587},{"lat":27.8488717,"lon":55.8361387},{"lat":27.8482624,"lon":55.836985},{"lat":27.8478241,"lon":55.8374324},{"lat":27.8460976,"lon":55.8394937},{"lat":27.8457128,"lon":55.8400499},{"lat":27.8455765,"lon":55.8404156},{"lat":27.8455471,"lon":55.8406786},{"lat":27.8457342,"lon":55.8420508},{"lat":27.8459587,"lon":55.8430664},{"lat":27.8458732,"lon":55.8441908},{"lat":27.8459907,"lon":55.8445112},{"lat":27.8462206,"lon":55.8448013},{"lat":27.8464984,"lon":55.8450213},{"lat":27.846862,"lon":55.8453091},{"lat":27.847001,"lon":55.8457263},{"lat":27.8470972,"lon":55.8467237},{"lat":27.8470277,"lon":55.8476546},{"lat":27.8467979,"lon":55.8490873},{"lat":27.846846,"lon":55.8494077},{"lat":27.847931,"lon":55.8515537},{"lat":27.8481341,"lon":55.8521038},{"lat":27.8482036,"lon":55.852527},{"lat":27.8484602,"lon":55.856015},{"lat":27.8487114,"lon":55.856553},{"lat":27.8488183,"lon":55.8571817},{"lat":27.8487381,"lon":55.8576895},{"lat":27.8488557,"lon":55.8580825},{"lat":27.8489305,"lon":55.8587172},{"lat":27.8488878,"lon":55.8593157},{"lat":27.8484495,"lon":55.8615584},{"lat":27.8483586,"lon":55.862441},{"lat":27.8484709,"lon":55.8650646},{"lat":27.8484067,"lon":55.8658202},{"lat":27.8482838,"lon":55.8663824},{"lat":27.8478401,"lon":55.8676579},{"lat":27.8474393,"lon":55.8685284},{"lat":27.847033,"lon":55.8696951},{"lat":27.8469582,"lon":55.8701183},{"lat":27.8468834,"lon":55.8714542},{"lat":27.8468085,"lon":55.8720406},{"lat":27.8459587,"lon":55.875583},{"lat":27.8459533,"lon":55.8766984},{"lat":27.8461164,"lon":55.8779709},{"lat":27.846119,"lon":55.8785119},{"lat":27.8457823,"lon":55.879863},{"lat":27.8457716,"lon":55.8812503},{"lat":27.8456914,"lon":55.881746},{"lat":27.845646,"lon":55.8825289},{"lat":27.8456968,"lon":55.8828039},{"lat":27.8468192,"lon":55.8857902},{"lat":27.847311,"lon":55.8867725},{"lat":27.8475248,"lon":55.8868934},{"lat":27.8478081,"lon":55.8873106},{"lat":27.8481395,"lon":55.8880481},{"lat":27.8487702,"lon":55.8896561},{"lat":27.8490748,"lon":55.8907744},{"lat":27.849294,"lon":55.8920862},{"lat":27.8493902,"lon":55.8938604},{"lat":27.8493501,"lon":55.8941627},{"lat":27.8494303,"lon":55.8953113},{"lat":27.8497162,"lon":55.8961213},{"lat":27.850069,"lon":55.8967621},{"lat":27.8501305,"lon":55.8972336},{"lat":27.8501625,"lon":55.8989262},{"lat":27.8502374,"lon":55.899836},{"lat":27.8502855,"lon":55.9003378},{"lat":27.8505554,"lon":55.9018732},{"lat":27.8508226,"lon":55.9027074},{"lat":27.850991,"lon":55.9030943},{"lat":27.851015,"lon":55.9032757},{"lat":27.8514988,"lon":55.9045572},{"lat":27.8517767,"lon":55.9051013},{"lat":27.8521214,