{"elements":[{"type":"way","id":1372184503,"bounds":{"minlat":27.7770881,"minlon":54.2963443,"maxlat":27.8469117,"maxlon":54.4916521},"nodes":[12705847318,12705847319,12705847320,12705847321,12705847322,12705847323,12705847324,12705847325,12705847326,12705847327,12705847328,12705847329,12705847330,12705847331,12705847332,12705847333,12705847334,12705847335,12705847336,12705847337,12705847338,12705847339,12705847340,12705847341,12705847342,12705847343,12705847344,12705847345,12705847346,12705847347,12705847348,12705847349,12705847350,12705847351,12705847352,12705847353,12705847354,12705847355,12705847356,12705847357,12705847358,12705847359,12705847360,12705847361,12705847362,12705847363,12705847364,12705847365,12705847366,12705847367,12705847368,12705847369,12705847370,12705847371,12705847372,12705847373,12705847374,12705847375,12705847376,12705847377,12705847378,12705847379,12705847380,12705847381,12705847382,12705847383,12705847384,12705847385,12705847386,12705847387,12705847388,12705847389,12705847390,12705847391,12705847392,12705847393,12705847394,12705847395,12705847396,12705847397,12705847398,12705847399,12705847400,12705847401,12705847402,12705847403,12705847404,12705847405,12705847406,12705847407,12705847408,12705847409,12705847410,12705847411,12705847412,12705847413,12705847414,12705847415,12705847416,12705847417,12705847418,12705847419,12705847420,12705847421,12705847422,12705847423,12705847424,12705847425,12705847426,12705847427,12705847428,12705847429,12705847430,12705847431,12705847432,12705847433,12705847434,12705847435,12705847436,12705847437,12705847438,12705847439,12705847440,12705847441,12705847442,12705847443,12705847444,12705847445,12705847446,12705847447,12705847448,12705847449,12705847450,12705847451,12705847452,12705847453,12705847454,12705847455,12705847456,12705847457,12705847458,12705847459,12705847460,12705847461,12705847462,12705847463,12705847464,12705847465,12705847466,12705847467,12705847468,12705847469,12705847470,12705847471,12705847472,12705847473,12705847474,12705847475,12705847476,12705847477,12705847478,12705847479,12705847480,12705847481,12705847482,12705847483,12705847484,12705847485,12705847486,12705847487,12705847488,12705847489,12705847490,12705847491,12705847492,12705847493,12705847494,12705847495,12705847496,12705847497,12705847498,12705847499,12705847500,12705847315,12705847314,12705847503,12705847504,12705847505,12705847506,12705847507,12705847508,12705847509,12705847510,12705847511,12705847512,8221855521,12705847514,12705847515,12705847516,12705847517,12705847518,12705847519,12705847520,12705847521,12705847522,12705847523,12705847524,12705847525,12705847526,12705847527,12705847528,12705847529,12705847530,12705847531,12705847532,12705847533,12705847534,12705847535,12705847536,12705847537,12705847538,12705847539,12705847540,12705847318],"geometry":[{"lat":27.8041385,"lon":54.3337451},{"lat":27.8059606,"lon":54.3270932},{"lat":27.8103449,"lon":54.3296037},{"lat":27.8140837,"lon":54.3246256},{"lat":27.8162283,"lon":54.3175231},{"lat":27.8191129,"lon":54.3133817},{"lat":27.8209158,"lon":54.3078671},{"lat":27.8233449,"lon":54.3030177},{"lat":27.824882,"lon":54.2984901},{"lat":27.8270263,"lon":54.2963443},{"lat":27.8277474,"lon":54.297782},{"lat":27.826495,"lon":54.3030606},{"lat":27.826457,"lon":54.3079315},{"lat":27.8262673,"lon":54.3126951},{"lat":27.8243886,"lon":54.3169652},{"lat":27.8250907,"lon":54.3173514},{"lat":27.8277285,"lon":54.3145619},{"lat":27.8289999,"lon":54.3139396},{"lat":27.8293604,"lon":54.3158065},{"lat":27.8279562,"lon":54.3186603},{"lat":27.8275767,"lon":54.3220292},{"lat":27.8285634,"lon":54.3236385},{"lat":27.831277,"lon":54.3249474},{"lat":27.8318083,"lon":54.3260847},{"lat":27.8303282,"lon":54.3316637},{"lat":27.829645,"lon":54.3354831},{"lat":27.8267986,"lon":54.3369423},{"lat":27.8241988,"lon":54.3354188},{"lat":27.8223581,"lon":54.3349896},{"lat":27.8217698,"lon":54.3365346},{"lat":27.8223201,"lon":54.3386374},{"lat":27.8216749,"lon":54.3404613},{"lat":27.8206311,"lon":54.3439804},{"lat":27.8203275,"lon":54.3464695},{"lat":27.8209727,"lon":54.3464051},{"lat":27.8218267,"lon":54.3443452},{"lat":27.8236105,"lon":54.3416415},{"lat":27.8249579,"lon":54.3432079},{"lat":27.8251856,"lon":54.3456326},{"lat":27.8234018,"lon":54.3507825},{"lat":27.8218836,"lon":54.3539153},{"lat":27.8216369,"lon":54.3553529},{"lat":27.8226997,"lon":54.354559},{"lat":27.8246543,"lon":54.3530784},{"lat":27.8254513,"lon":54.3530355},{"lat":27.8250338,"lon":54.3539582},{"lat":27.824028,"lon":54.3548809},{"lat":27.8234777,"lon":54.3556963},{"lat":27.8233449,"lon":54.3575416},{"lat":27.8237054,"lon":54.3585931},{"lat":27.8236485,"lon":54.359902},{"lat":27.8223201,"lon":54.3594084},{"lat":27.8212574,"lon":54.3589364},{"lat":27.819891,"lon":54.3602024},{"lat":27.8188093,"lon":54.3609749},{"lat":27.8191509,"lon":54.3620263},{"lat":27.8204983,"lon":54.361919},{"lat":27.8213902,"lon":54.3623267},{"lat":27.8234587,"lon":54.3610607},{"lat":27.8249199,"lon":54.358636},{"lat":27.8260396,"lon":54.3582283},{"lat":27.8262483,"lon":54.3592153},{"lat":27.8249959,"lon":54.3621765},{"lat":27.8247492,"lon":54.3628417},{"lat":27.8257549,"lon":54.3618117},{"lat":27.8265519,"lon":54.3597732},{"lat":27.8267607,"lon":54.3605457},{"lat":27.8265519,"lon":54.3619834},{"lat":27.8268935,"lon":54.3625842},{"lat":27.8278044,"lon":54.362155},{"lat":27.8282408,"lon":54.3625842},{"lat":27.8275956,"lon":54.363936},{"lat":27.82807,"lon":54.3652878},{"lat":27.8280321,"lon":54.3665109},{"lat":27.8262863,"lon":54.3668543},{"lat":27.8233828,"lon":54.3682061},{"lat":27.8226237,"lon":54.3696652},{"lat":27.821561,"lon":54.3711243},{"lat":27.8210486,"lon":54.374579},{"lat":27.8223011,"lon":54.3751798},{"lat":27.8260016,"lon":54.3729053},{"lat":27.8331365,"lon":54.3721543},{"lat":27.8334022,"lon":54.3762313},{"lat":27.8329468,"lon":54.381424},{"lat":27.8317324,"lon":54.3835483},{"lat":27.830499,"lon":54.3836556},{"lat":27.830423,"lon":54.3844495},{"lat":27.8316754,"lon":54.3855868},{"lat":27.8326242,"lon":54.3891059},{"lat":27.8321119,"lon":54.393612},{"lat":27.830442,"lon":54.397646},{"lat":27.8267227,"lon":54.4003711},{"lat":27.825717,"lon":54.4021736},{"lat":27.8244266,"lon":54.4034825},{"lat":27.824047,"lon":54.4053493},{"lat":27.8227756,"lon":54.4064437},{"lat":27.8222822,"lon":54.408053},{"lat":27.824028,"lon":54.4070659},{"lat":27.8253944,"lon":54.4071088},{"lat":27.8258878,"lon":54.4100915},{"lat":27.8265899,"lon":54.4126449},{"lat":27.8275956,"lon":54.4144474},{"lat":27.8276526,"lon":54.4168077},{"lat":27.8267417,"lon":54.4197903},{"lat":27.8260965,"lon":54.4211207},{"lat":27.8252805,"lon":54.4208632},{"lat":27.8249199,"lon":54.4228588},{"lat":27.8238762,"lon":54.4236313},{"lat":27.8233828,"lon":54.4234381},{"lat":27.8226048,"lon":54.4244252},{"lat":27.8230412,"lon":54.4246827},{"lat":27.8239711,"lon":54.424039},{"lat":27.8252046,"lon":54.4242106},{"lat":27.8255462,"lon":54.4232665},{"lat":27.8264001,"lon":54.4226657},{"lat":27.8271592,"lon":54.4234381},{"lat":27.8273679,"lon":54.4254337},{"lat":27.8270453,"lon":54.4268714},{"lat":27.8264191,"lon":54.4269143},{"lat":27.8270074,"lon":54.4286953},{"lat":27.8263622,"lon":54.4294892},{"lat":27.82566,"lon":54.4298325},{"lat":27.8257929,"lon":54.4313775},{"lat":27.8251856,"lon":54.4328581},{"lat":27.8259826,"lon":54.4333301},{"lat":27.82807,"lon":54.4310985},{"lat":27.8294173,"lon":54.430605},{"lat":27.8301384,"lon":54.4296823},{"lat":27.8308215,"lon":54.4279872},{"lat":27.8322827,"lon":54.4270216},{"lat":27.8330417,"lon":54.4264637},{"lat":27.8325483,"lon":54.4257341},{"lat":27.8329278,"lon":54.4246612},{"lat":27.8349202,"lon":54.4231806},{"lat":27.8360018,"lon":54.4239531},{"lat":27.837349,"lon":54.4253693},{"lat":27.8390946,"lon":54.4247471},{"lat":27.8397587,"lon":54.4238029},{"lat":27.8385823,"lon":54.4231592},{"lat":27.8371972,"lon":54.423009},{"lat":27.835831,"lon":54.4218074},{"lat":27.8357171,"lon":54.4204555},{"lat":27.8363054,"lon":54.4196187},{"lat":27.8370454,