{"elements":[{"type":"way","id":528135746,"bounds":{"minlat":27.782765,"minlon":55.1263046,"maxlat":27.9210809,"maxlon":55.2763936},"nodes":[13674486709,5133120046,5133120045,5133120044,5133120043,5133120042,5133120041,12995441527,12995441531,5133120040,5133120039,5133120038,5133120037,5133120036,5133120035,5133120034,5133120033,5133120032,5133120031,5133120030,5133120029,5133120028,5133120027,5133120026,12794168619,12511901904,5133120025,5133120024,5133120023,5133120022,5133120021,5133118020,5133118019,5133118018,5133118017,5133118016,5133118015,5133118014,5133118013,5133118012,5133118011,5133118010,5133118009,5133118008,5133118007,5133118006,5133118005,5133118004,5133118003,5133118002,5133118001,5133118000,5133117999,5133117998,5133117997,5133117996,5133117995,5133117994,5133117993,5133117992,5133117991,5133117990,5133117989,5133117988,5133117987,5133117986,5133117985,5133117984,5133117983,5133117982,5133117981,5133117980,5133117979,5133117978,5133117977,5133117976,5133117975,5133117974,5133117973,5133117972,5133117971,5133117970,5133117969,5133117968,5133117967,5133117966,5133117965,5133117964,5133117963,5133117962,5133117961,5133117960,5133117959,5133117958,5133117957,5133117956,5133117955,5133117954,5133117953,5133117952,5133117951,5133117950,5133117949,5133117948,5133117947,5133117946,5133139466,5133139465,5133139464,5133139463,5133139462,5133139461,5133139460,5133139459,5133139458,5133139457,5133139456,5133139455,5133139454,5133139453,5133139452,5133139451,5133139450,5133139449,5133139448,5133139447,5133139446,5133139445,5133139444,5133139443,5133139442,5133139441,5133139440,5133139439,5133139438,5133139437,5133139436,5133139435,5133139434,5133139433,5133139432,5133139431,5133139430,5133139429,5133139428,5133139427,5133139426,5133139425,5133139424,5133139423,5133139422,5133139421,5133139420,5133139419,5133139418,5133139417,5133139416,5133139415,5133139414,5133139413,5133139412,5133139411,5133139410,5133139409,5133139408,5133139407,5133139406,5133139405,5133139404,5133139403,5133139402,5133139401,5133139400,5133139399,5133139398,5133139397,5133139396,5133139395,5133139394,5133139393,5133139392,5133139391,5133139390,5133139389,5133139386,5133139385,5133139388,5133139384,5133139383,5133139387,5133139382,5133139379,5133139381,5133139378,5133139377,5133139380,5133139376,5133139375,5133139374,5133139373,5133139372,5133139369,5133139371,5133139370,5133139368,5133139367,5133139366,5133139365,5133139364,5133139363,5133139360,5133139362,5133139359,5133139358,5133139357,5133139361,5133139356,5133139355,5133139354,5133139353,5133139352,5133139351,5133139350,5133139349,5133139348,5133139345,5133139347,5133139344,5133139346,5133139343,5133139342,5133139341,5133139340,5133139339,5133139338,5133139337,5133139336,5133139335,5133139334,5133139331,5133139333,5133139332,5133139330,5133139329,5133139327,5133139328,5133139326,5133139325,5133139324,5133139323,5133139322,5133139321,5133139320,5133139319,5133139318,5133139317,5133139316,5133139315,5133139314,5133139313,5133139312,5133139311,5133139310,5133139308,5133139309,5133139307,5133139306,5133139305,5133139304,5133139303,5133139302,5133139301,5133139300,12447025623,5133139299,5133139298],"geometry":[{"lat":27.9210809,"lon":55.2763936},{"lat":27.9207483,"lon":55.2736866},{"lat":27.9202364,"lon":55.2692664},{"lat":27.9198951,"lon":55.2666271},{"lat":27.9194211,"lon":55.2627754},{"lat":27.919222,"lon":55.2611554},{"lat":27.918511,"lon":55.258559},{"lat":27.9182547,"lon":55.2577164},{"lat":27.9178616,"lon":55.2564239},{"lat":27.9177147,"lon":55.2559411},{"lat":27.9172217,"lon":55.2547395},{"lat":27.9158376,"lon":55.2532267},{"lat":27.9138467,"lon":55.2529263},{"lat":27.9124436,"lon":55.2534842},{"lat":27.9089736,"lon":55.2552438},{"lat":27.9053328,"lon":55.257132},{"lat":27.9045174,"lon":55.2577114},{"lat":27.8997008,"lon":55.2617669},{"lat":27.8987526,"lon":55.262593},{"lat":27.8981173,"lon":55.2630007},{"lat":27.8969889,"lon":55.2632797},{"lat":27.8954339,"lon":55.2635801},{"lat":27.8943339,"lon":55.2640521},{"lat":27.8910151,"lon":55.2660477},{"lat":27.8828987,"lon":55.2709331},{"lat":27.8783872,"lon":55.2736486},{"lat":27.87606,"lon":55.2750492},{"lat":27.8744383,"lon":55.2759933},{"lat":27.8736227,"lon":55.2761435},{"lat":27.8730346,"lon":55.2760684},{"lat":27.8721811,"lon":55.275532},{"lat":27.8688331,"lon":55.2731824},{"lat":27.8681312,"lon":55.2725816},{"lat":27.8677803,"lon":55.2719271},{"lat":27.867325,"lon":55.2702963},{"lat":27.8668318,"lon":55.2686012},{"lat":27.8666516,"lon":55.267657},{"lat":27.8666896,"lon":55.2662516},{"lat":27.8668034,"lon":55.2644813},{"lat":27.8670215,"lon":55.2639985},{"lat":27.8675337,"lon":55.2636981},{"lat":27.868264,"lon":55.2635157},{"lat":27.8687951,"lon":55.2631724},{"lat":27.8689754,"lon":55.2626359},{"lat":27.8688615,"lon":55.2619493},{"lat":27.8680174,"lon":55.2594709},{"lat":27.867031,"lon":55.2563703},{"lat":27.8664809,"lon":55.2547288},{"lat":27.8662343,"lon":55.2542031},{"lat":27.8656652,"lon":55.2536237},{"lat":27.8645175,"lon":55.2526367},{"lat":27.8628103,"lon":55.2512097},{"lat":27.8624119,"lon":55.2507913},{"lat":27.8615867,"lon":55.2494502},{"lat":27.8602872,"lon":55.2471328},{"lat":27.8594525,"lon":55.2456093},{"lat":27.8590351,"lon":55.2449334},{"lat":27.8586273,"lon":55.2444827},{"lat":27.8580866,"lon":55.2441394},{"lat":27.8576408,"lon":55.2436459},{"lat":27.8573942,"lon":55.2427447},{"lat":27.8571475,"lon":55.2415967},{"lat":27.8567966,"lon":55.2405989},{"lat":27.8560852,"lon":55.2397513},{"lat":27.8542829,"lon":55.2375841},{"lat":27.8533722,"lon":55.2360928},{"lat":27.8525564,"lon":55.2347731},{"lat":27.8522244,"lon":55.2343762},{"lat":27.8517596,"lon":55.2340436},{"lat":27.8508679,"lon":55.2336788},{"lat":27.8487241,"lon":55.2327883},{"lat":27.8462481,"lon":55.2310502},{"lat":27.8455271,"lon":55.2306318},{"lat":27.8448536,"lon":55.2305674},{"lat":27.8443034,"lon":55.2306747},{"lat":27.843516,"lon":55.231061},{"lat":27.8426622,"lon":55.2315009},{"lat":27.8422542,"lon":55.2316189},{"lat":27.8417989,"lon":55.2313828},{"lat":27.8404992,"lon":55.2301919},{"lat":27.8401007,"lon":55.229795},{"lat":27.8399869,"lon":55.2295267},{"lat":27.8397971,"lon":55.2273488},{"lat":27.8396738,"lon":55.2266514},{"lat":27.8394461,"lon":55.2262974},{"lat":27.8390951,"lon":55.2261042},{"lat":27.8386017,"lon":55.225997},{"lat":27.8380041,"lon":55.2260184},{"lat":27.8375202,"lon":55.2261257},{"lat":27.8372925,"lon":55.2260184},{"lat":27.8370648,"lon":55.2258682},{"lat":27.8367612,"lon":55.2252567},{"lat":27.8363817,"lon":55.2247202},{"lat":27.8360307,"lon":55.224452},{"lat":27.8356038,"lon":55.2240336},{"lat":27.8353286,"lon":55.2234328},{"lat":27.8351673,"lon":55.2222741},{"lat":27.8352148,"lon":55.221684},{"lat":27.8355184,"lon":55.2209329},{"lat":27.8365146,"lon":55.2190018},{"lat":27.8377953,"lon":55.2171457},{"lat":27.8381084,"lon":55.2164376},{"lat":27.8383646,"lon":55.2153969},{"lat":27.8386682,"lon":55.2145708},{"lat":27.8393323,"lon":55.2136481},{"lat":27.8406889,"lon":55.2121031},{"lat":27.8411206,"lon":55.2115989},{"lat":27.8412439,"lon":55.2113736},{"lat":27.8412344,"lon":55.2111858},{"lat":27.8411443,"lon":55.2109122},{"lat":27.8409213,"lon":55.2104723},{"lat":27.8406557,"lon":55.2098179},{"lat":27.8405371,"lon":55.2092546},{"lat":27.8403569,"lon":55.207715},{"lat":27.8403284,"lon":55.2064168},{"lat":27.8402857,"lon":55.2058375},{"lat":27.8401529,"lon":55.2053761},{"lat":27.8396975,"lon":55.2043354},{"lat":27.8391473,"lon":55.2026725},{"lat":27.8387725,"lon":55.2016157},{"lat":27.8387251,"lon":55.2012187},{"lat":27.8387583,"lon":55.2007627},{"lat":27.8388674,"lon":55.1998347},{"lat":27.8388911,"lon":55.1988959},{"lat":27.8387583,"lon":55.1972276},{"lat":27.8385448,"lon":55.1948297},{"lat":27.8382697,"lon":55.1908171},{"lat":27.838042,"lon":55.1887786},{"lat":27.8377289,"lon":55.1874483},{"lat":27.837691,"lon":55.1867831},{"lat":27.83771,"lon":55.1856029},{"lat":27.8377764,"lon":55.1834249},{"lat":27.8377764,"lon":55.1824164},{"lat":27.8376625,