{"elements":[{"type":"way","id":1427940677,"bounds":{"minlat":26.0588687,"minlon":57.7711532,"maxlat":26.1653422,"maxlon":57.9182831},"nodes":[13127728247,13127728248,13127728249,13127728250,13127728251,13127728252,13127728253,13127728254,13127728255,13127728256,13127728257,13127728258,13127728259,13127728260,13127728261,13127728262,13127728263,13127728264,13127728265,13127728266,13127728267,13127728268,13127728269,13127728275,13127728270,13127728271,13127728272,13127728273,13127728274,13127728276,13127728277,13127728278,13127728279,13127728280,13127728281,13127728282,13127728283,13127728284,13127728285,13127728286,13127728287,13127791388,13127728288,13127728289,13127728290,13127728291,13127728292,13127728293,13127728294,13127728295,13127728296,13127728297,13127728298,13127728299,13127728300,13127791201,13127791389,13127791202,13127791203,13127791204,13127791205,13127791206,13127791207,13127791208,13127791209,13127791210,13127791211,13127791212,13127791213,13127791214,13127791215,13127791216,13127791217,13127791218,13127791219,13127791220,13127791221,13127791222,13127791223,13127791224,13132417816,13127791225,13127791226,13127791227,13127791228,13127791236,13127791237,13127791238,13127791239,13127791240,13127791241,13127791242,13127791243,13127791244,13127791245,13127791246,13127791247,13127791248,13132417820,13127791249,13127791250,13127791251,13127791252,13127791253,13127791254,13127791255,13127791256,13127791257,13127791601,13127791269,13127791270,13127791271,13127791272,13127791273,13127791274,13127791276,13127791277,13127791278,13127791279,13127791280,13127791281,13127791282,13127791283,13127791284,13127791285,13127791286,13127791287,13127791442,13127791288,13132417922,13127791289,13127791464,13127791290,13127791468,13127791291,13127791672,13127791292,13127791293,13127791458,13127791294,13127791295,13127791454,13127791296,13127791297,13127791298,13127791299,13127791447,13127791300,13127791473,13127791301,13127791302,13127791303,13127791304,13127791305,13127791306,13229858093,13127791307,13127791308,13127791309,13127791690,13127791310,13127791311,13127791312,13229858147,13127791387,13127791313,13127791722,13127791314,13127791315,13127791316,13127791718,13127791748,13127791317,13127791318,13127791319,13127791320,13127791753,13127791321,13127791322,13127791323,13127791324,13127791325,13127791727,13127791342,13127791343,13127791344,13127791345,13127791346,13127791347,13229858360,13127791348,13127791349,13229858372,13127791350,13127791351,13127791352,13127791353,13229858328,13127791354,13127791355,13127791356,13127791357,13127791358,13229858331,13127791359,13127791360,13127791361,13127791362,13127791363,13127791364,13127791365,13127791366,13127791367,13127791368,13127791369,13127791370,13127791371,13127791372,13127791373,13127791374,13127791375,13127791376,13127791377,13127791378,13127791379,13127791380,13127791381,13127791382,13127791390,13127791391,13127791383,13127791384,13127791385,13127791386],"geometry":[{"lat":26.1322625,"lon":57.9139141},{"lat":26.1319969,"lon":57.9141791},{"lat":26.1315931,"lon":57.915393},{"lat":26.1310011,"lon":57.9166686},{"lat":26.1300717,"lon":57.9180736},{"lat":26.1298117,"lon":57.9182153},{"lat":26.1294687,"lon":57.9182831},{"lat":26.1283678,"lon":57.917901},{"lat":26.1272004,"lon":57.9173033},{"lat":26.1266582,"lon":57.9171061},{"lat":26.1262683,"lon":57.9168638},{"lat":26.1254163,"lon":57.9160812},{"lat":26.124807,"lon":57.9149922},{"lat":26.1242822,"lon":57.9138691},{"lat":26.124249,"lon":57.9131234},{"lat":26.1245975,"lon":57.9116384},{"lat":26.124907,"lon":57.9108896},{"lat":26.1254175,"lon":57.9102244},{"lat":26.1261207,"lon":57.9097416},{"lat":26.1270936,"lon":57.9087546},{"lat":26.1274789,"lon":57.9080036},{"lat":26.1282206,"lon":57.9062548},{"lat":26.1293957,"lon":57.9041841},{"lat":26.1300893,"lon":57.9033204},{"lat":26.1307057,"lon":57.9023924},{"lat":26.1308213,"lon":57.9020276},{"lat":26.1307057,"lon":57.9014268},{"lat":26.1302723,"lon":57.9005685},{"lat":26.1294632,"lon":57.8993561},{"lat":26.1283458,"lon":57.8977575},{"lat":26.1276523,"lon":57.8958907},{"lat":26.1270358,"lon":57.8949573},{"lat":26.1261978,"lon":57.8940346},{"lat":26.1258702,"lon":57.8937235},{"lat":26.1255331,"lon":57.8937664},{"lat":26.1241075,"lon":57.8949573},{"lat":26.1237703,"lon":57.8952684},{"lat":26.1234621,"lon":57.8953328},{"lat":26.123202,"lon":57.8951933},{"lat":26.1227878,"lon":57.8945282},{"lat":26.1224988,"lon":57.8943458},{"lat":26.1221264,"lon":57.894381},{"lat":26.1214777,"lon":57.8944423},{"lat":26.1196089,"lon":57.894614},{"lat":26.1190405,"lon":57.8948929},{"lat":26.1173161,"lon":57.8953006},{"lat":26.1163335,"lon":57.8955259},{"lat":26.115428,"lon":57.89588},{"lat":26.1144743,"lon":57.895762},{"lat":26.1135302,"lon":57.8961697},{"lat":26.1126824,"lon":57.8966632},{"lat":26.1116997,"lon":57.89691},{"lat":26.1113433,"lon":57.8972318},{"lat":26.1106208,"lon":57.898015},{"lat":26.1101294,"lon":57.8983798},{"lat":26.109773,"lon":57.8984442},{"lat":26.1096604,"lon":57.8982011},{"lat":26.109455,"lon":57.8977575},{"lat":26.1089252,"lon":57.8975644},{"lat":26.1082412,"lon":57.8972747},{"lat":26.1067575,"lon":57.8972855},{"lat":26.1050811,"lon":57.8970923},{"lat":26.1027303,"lon":57.8971353},{"lat":26.1019981,"lon":57.8969958},{"lat":26.1004662,"lon":57.8961697},{"lat":26.0995798,"lon":57.8955152},{"lat":26.0960148,"lon":57.8921249},{"lat":26.0954464,"lon":57.8918781},{"lat":26.0942034,"lon":57.891685},{"lat":26.0934615,"lon":57.8917601},{"lat":26.0911297,"lon":57.8921785},{"lat":26.0895398,"lon":57.8926399},{"lat":26.0889198,"lon":57.8925719},{"lat":26.0880367,"lon":57.8923931},{"lat":26.0862477,"lon":57.8916266},{"lat":26.0844232,"lon":57.8906765},{"lat":26.083659,"lon":57.8897587},{"lat":26.0831512,"lon":57.8890028},{"lat":26.0824092,"lon":57.8883162},{"lat":26.0815998,"lon":57.8878977},{"lat":26.0810742,"lon":57.8877672},{"lat":26.0805591,"lon":57.8876188},{"lat":26.0795087,"lon":57.8874686},{"lat":26.0783138,"lon":57.887533},{"lat":26.0773694,"lon":57.8874257},{"lat":26.0749631,"lon":57.8873791},{"lat":26.073803,"lon":57.8872931},{"lat":26.0728732,"lon":57.8869726},{"lat":26.0717772,"lon":57.886455},{"lat":26.070161,"lon":57.8854444},{"lat":26.0681572,"lon":57.8844831},{"lat":26.0673602,"lon":57.8839409},{"lat":26.0664192,"lon":57.8831891},{"lat":26.0655556,"lon":57.8829303},{"lat":26.0647143,"lon":57.8829056},{"lat":26.0643046,"lon":57.8825606},{"lat":26.0633304,"lon":57.8818334},{"lat":26.0625997,"lon":57.8808845},{"lat":26.0614906,"lon":57.8802309},{"lat":26.0605294,"lon":57.8796644},{"lat":26.0593227,"lon":57.8789989},{"lat":26.0589905,"lon":57.8784936},{"lat":26.0588909,"lon":57.8782224},{"lat":26.0588687,"lon":57.8777048},{"lat":26.059068,"lon":57.8771749},{"lat":26.0605073,"lon":57.8753509},{"lat":26.0612933,"lon":57.8746977},{"lat":26.0622122,"lon":57.8741062},{"lat":26.0624944,"lon":57.8738593},{"lat":26.0628573,"lon":57.8735418},{"lat":26.0638389,"lon":57.8723089},{"lat":26.0644773,"lon":57.871374},{"lat":26.0656009,"lon":57.8698151},{"lat":26.0665657,"lon":57.8690212},{"lat":26.0676515,"lon":57.8680729},{"lat":26.0686441,"lon":57.8667184},{"lat":26.0691124,"lon":57.8661876},{"lat":26.0698021,"lon":57.866017},{"lat":26.07096,"lon":57.8665383},{"lat":26.072152,"lon":57.86669},{"lat":26.0733695,"lon":57.8667848},{"lat":26.075166,"lon":57.8660739},{"lat":26.0756683,"lon":57.8656853},{"lat":26.0762984,"lon":57.8647658},{"lat":26.0779194,"lon":57.8628449},{"lat":26.0801296,"lon":57.8604719},{"lat":26.0815854,"lon":57.8583961},{"lat":26.0819417,"lon":57.8580195},{"lat":26.0820877,"lon":57.8578652},{"lat":26.0844551,"lon":57.8556218},{"lat":26.0847184,"lon":57.8553723},{"lat":26.0866035,"lon":57.8538454},{"lat":26.0871336,"lon":57.8534161},{"lat":26.0891283,"lon":57.851979},{"lat":26.0911652,"lon":57.8505114},{"lat":26.0915758,"lon":57.8503318},{"lat":26.0919952,"lon":57.8501484},{"lat":26.0933884,"lon":57.8492407},{"lat":26.0943179,"lon":57.8482614},{"lat":26.0947668,"lon":57.8477884},{"lat":26.0960711,