{"elements":[{"type":"way","id":1043494519,"bounds":{"minlat":28.254661,"minlon":58.344783,"maxlat":28.3201854,"maxlon":58.3757241},"nodes":[9603668097,9603668098,9603668099,9603668100,9603668101,9603668102,9603668103,9603668104,9603668105,9603668106,9603668107,9603668108,9603668109,9603668110,9603668111,9603730983,9603668112,9603668113,9603668114,9603668115,9603668116,9603696517,9603696518,9603696519,9603696520,9603696521,9603696522,9603696523,9603696524,9603696525,9603696526,9603696527,9603696528,9603696529,9603696530,9603696531,9603696532,9603696533,9603696534,9603696535,9603696536,9603696537,9603696538,9603696539,9603696540,9603696541,9603696542,9603696543,9603696544,9603696545,9603696546,9603696547,9603696548,9603696549,9603696550,9603696551,9603696552,9603696553,9603696554,9603696555,9603696556,9603696557,9603696558,9603696559,9603696570,9603696571,9603696572,9603696573,9603696574,9603696575,9603696576,9603696577,9603696578,9603696579,9603696580,9603696581,9603696582,9603696583,9603696584,9603696585,9603696586,9603696587,9603696588,9603696589,9603696590,9603696591,9603696592,9603696593,9603696594,9603696595,9603696596,9603696597,9603696598,9603696599,9603696600,9603696601,9603696602,9603696603,9603696604,9603696605,9603696606,9603696607,9603696608,9603696609,9603696610,9603696611,9603696612,9603696613,9603696614,9603696615,9603696616,9603696617,9603696618,9603696619,9603696620,9603696621,9603696622,9603696623,9603696624,9603696625,9603696626,9603696627,9603696628,9603696629,9603696630,9603696631,9603696632,9603696633,9603696634,9603696635,9603696636,9603696637,9603696638,9603696639,9603696640,9603696641,9603696642,9603696643,9603696644,9603696645,9603696646,9603696647,9603696648,9603696649,9603696650,9603696651,9603696652,9603696653,9603696654,9603696655,9603696656,9603696657,9603696658,9603696659,9603696660,9603696661,9603696662,9603696663,9603696664,9603696665,9603696666,9603696667,9603696668,9603696669,9603696670,9603696671,9603696672,9603696673,9603696681,9603696674,9603696675,9603696676,9603696677,9603696678,9603696679,9603696680,9603696699,9603696700,9603696701,9603696702,9603696703,9603696704,9603696705,9603696706,9603696707,9603696708,9603696709,9603696710,9603696711,9603696712,9603696713,9603696714,9603696715,9603696716,9603696717,9603696718,9603696719,9603696720,9603696721,9603696722,9603696723,9603696724,9603696725,9603696726,9603696727,9603696728,9603696729,9603696730,9603696731,9603696732,9603696733,9603696734,9603696735,9603696736,9603696737,9603696738,9603696739,9603696740,9603696741,9603696742,9603696743,9603696744,9603696745,9603696746,9603696747,9603696748,9603696749,9603696750,9603696751,9603696752,9603696753,9603696754,9603696755,9603696756,9603696757,9603696758,9603696759,9603696760,9603696761,9603696762,9603696763,9603696764,9603696765,9603696766,9603696767,9603696768,9603696769,9603696770,9603696771,9603696772,9603696773,9603696774,9603696775,9603696776,9603730628,9603696777,9603696778,9603696779,9603696780,9603696781,9603696782,9603696783,9603696784,9603696785,9603696786,9603696787,9603696788,9603696789,9603696790,9603696791,9603696792,9603696793,9603696794,9603696795,9603696796,9603696797,9603696798,9603696799,9603696800,9603696801,9603696802,9603696803,9603696804,9603696805,9603696806,9603696807,9603696808,9603696809,9603696810,9603696811,9603696812,9603696813],"geometry":[{"lat":28.3201854,"lon":58.3757241},{"lat":28.3199077,"lon":58.3755358},{"lat":28.3195391,"lon":58.375205},{"lat":28.3191464,"lon":58.3747408},{"lat":28.318906,"lon":58.3744585},{"lat":28.3187056,"lon":58.374146},{"lat":28.3183556,"lon":58.3737241},{"lat":28.3180457,"lon":58.3734752},{"lat":28.317832,"lon":58.3733963},{"lat":28.3172282,"lon":58.373281},{"lat":28.3164695,"lon":58.3730989},{"lat":28.3153155,"lon":58.3728683},{"lat":28.3143003,"lon":58.3726255},{"lat":28.3135576,"lon":58.3724981},{"lat":28.3131408,"lon":58.3723342},{"lat":28.3122129,"lon":58.3720066},{"lat":28.3121096,"lon":58.3719701},{"lat":28.3112387,"lon":58.3717273},{"lat":28.3107738,"lon":58.371612},{"lat":28.310309,"lon":58.371612},{"lat":28.309967,"lon":58.3715331},{"lat":28.3091121,"lon":58.3708958},{"lat":28.3084602,"lon":58.3704892},{"lat":28.3080755,"lon":58.3702404},{"lat":28.3078297,"lon":58.3699369},{"lat":28.3077677,"lon":58.3697404},{"lat":28.3076922,"lon":58.3696138},{"lat":28.3075779,"lon":58.3694915},{"lat":28.3074456,"lon":58.3693134},{"lat":28.3072359,"lon":58.3690054},{"lat":28.3071566,"lon":58.3688509},{"lat":28.3071245,"lon":58.3687158},{"lat":28.3071094,"lon":58.3686138},{"lat":28.3070328,"lon":58.3684368},{"lat":28.3069082,"lon":58.3682383},{"lat":28.3068128,"lon":58.368131},{"lat":28.3065804,"lon":58.3679551},{"lat":28.3065095,"lon":58.3678971},{"lat":28.3063962,"lon":58.367866},{"lat":28.3060212,"lon":58.3678918},{"lat":28.3059154,"lon":58.3679315},{"lat":28.3058389,"lon":58.367983},{"lat":28.3057284,"lon":58.3681246},{"lat":28.305667,"lon":58.3681686},{"lat":28.3055423,"lon":58.3681525},{"lat":28.3054631,"lon":58.368065},{"lat":28.3053228,"lon":58.3678328},{"lat":28.30524,"lon":58.3677297},{"lat":28.3050958,"lon":58.3676219},{"lat":28.3046456,"lon":58.3673309},{"lat":28.3043224,"lon":58.3672368},{"lat":28.3040605,"lon":58.3671124},{"lat":28.3038548,"lon":58.3670365},{"lat":28.303454,"lon":58.3670001},{"lat":28.3030479,"lon":58.3668453},{"lat":28.3027727,"lon":58.3665995},{"lat":28.3025349,"lon":58.3664387},{"lat":28.3023212,"lon":58.3662809},{"lat":28.3021155,"lon":58.366117},{"lat":28.301891,"lon":58.3658409},{"lat":28.3017628,"lon":58.365677},{"lat":28.3016693,"lon":58.3655223},{"lat":28.3015517,"lon":58.3654009},{"lat":28.3013273,"lon":58.3652582},{"lat":28.3011989,"lon":58.3651629},{"lat":28.3011441,"lon":58.3650534},{"lat":28.301112,"lon":58.3647337},{"lat":28.3010288,"lon":58.3642788},{"lat":28.3009703,"lon":58.3641823},{"lat":28.300838,"lon":58.3640685},{"lat":28.3006906,"lon":58.3639033},{"lat":28.3004923,"lon":58.3637746},{"lat":28.3003373,"lon":58.3636608},{"lat":28.3002013,"lon":58.3635428},{"lat":28.300088,"lon":58.3634355},{"lat":28.2999576,"lon":58.3631716},{"lat":28.2996402,"lon":58.3629549},{"lat":28.2992945,"lon":58.3626845},{"lat":28.2989298,"lon":58.3623412},{"lat":28.2987617,"lon":58.3621631},{"lat":28.2985576,"lon":58.3620558},{"lat":28.2982591,"lon":58.3619035},{"lat":28.2981098,"lon":58.3618713},{"lat":28.2980437,"lon":58.3618777},{"lat":28.297919,"lon":58.3619871},{"lat":28.2978472,"lon":58.3620193},{"lat":28.2975676,"lon":58.3620622},{"lat":28.297475,"lon":58.3620258},{"lat":28.2972389,"lon":58.3617811},{"lat":28.2970216,"lon":58.3615537},{"lat":28.2968761,"lon":58.3614099},{"lat":28.2966815,"lon":58.3613332},{"lat":28.2963225,"lon":58.3611379},{"lat":28.2959654,"lon":58.3609641},{"lat":28.2957482,"lon":58.3608482},{"lat":28.2954629,"lon":58.3607323},{"lat":28.2950755,"lon":58.3605736},{"lat":28.2949357,"lon":58.360462},{"lat":28.2947732,"lon":58.360344},{"lat":28.2946788,"lon":58.3602882},{"lat":28.2945295,"lon":58.3602946},{"lat":28.2944369,"lon":58.3603289},{"lat":28.294384,"lon":58.3603869},{"lat":28.2943387,"lon":58.3605972},{"lat":28.2942933,"lon":58.3606744},{"lat":28.2942423,"lon":58.3606873},{"lat":28.2941856,"lon":58.3606658},{"lat":28.2941308,"lon":58.3605564},{"lat":28.2940005,"lon":58.3602174},{"lat":28.2939929,"lon":58.3600564},{"lat":28.2939268,"lon":58.3599513},{"lat":28.2937511,"lon":58.3597346},{"lat":28.2936245,"lon":58.3595779},{"lat":28.2934318,"lon":58.3594513},{"lat":28.2932315,"lon":58.359314},{"lat":28.2931427,"lon":58.3591574},{"lat":28.2930236,"lon":58.3589557},{"lat":28.2929122,"lon":58.3588376},{"lat":28.2926004,"lon":58.3585694},{"lat":28.2921469,"lon":58.3582969},{"lat":28.2919202,"lon":58.3582261},{"lat":28.2917747,"lon":58.3582261},{"lat":28.2916047,"lon":58.3582776},{"lat":28.2914913,"lon":58.3582905},{"lat":28.2914214,"lon":58.3582754},{"lat":28.2911361,"lon":58.358063},{"lat":28.2907563,"lon":58.3578549},{"lat":28.2906014,"lon":58.3578291},{"lat":28.2904294,"lon":58.3578205},{"lat":28.2903198,