{"elements":[{"type":"way","id":994858038,"bounds":{"minlat":27.5562528,"minlon":55.201663,"maxlat":27.5688114,"maxlon":55.4420883},"nodes":[2967954033,9186733374,9186733375,9186733376,9186733377,9186733378,9255254336,9255254335,9186733379,9186733380,9186733381,9186733382,9255254334,9255254333,9186733383,9255254332,9255254331,9186733384,9255254330,9255254329,9186733385,9186733386,9186733387,9186733388,9255254328,9255254327,9186733389,9255254326,9255254325,9255254324,9255254323,9255254322,9186733390,9186733391,9255254321,9186733392,9255254320,9255254319,9186733393,9255254318,9186733394,9255254317,9255127916,9186733395,9255127915,9255127914,9255127913,9255127912,9186733396,9255127911,9255127910,9186733397,9255127909,9186733398,9186733399,9255127908,9186733400,9255127907,9186733401,9255127906,9186733402,9255127905,9255127904,9186733403,9255127903,9255127902,9186733404,9186733405,9255127901,9255127900,9186733406,9255127899,9255127898,9186733407,9255127897,9255127896,9186733408,9255127895,9255127893,9186733409,9186733410,9255127894,9255127892,9186733411,9186733412,9255256339,9255256338,9186733413,9255256337,9186733414,9186733415,9255256336,9186733416,9255256335,9255256334,9186736517,9255256333,9186736518,9186736519,9255256332,9255256331,9255256330,9255256329,9255256328,9186736520,9255256327,9255256326,9255256325,9255256324,9186736521,9255256323,9255256322,9186736522,9186736523,9186736524,9255229310,9255229309,9255229308,9255229307,9186736525,13257111859,9186736526,9255229306,9255229305,9255229304,9255229303,9186736527,9255229302,9255229301,9186736528,9255229300,9255229299,9186736529,9186736530,9255229298,9186736531,9255229297,9255229296,9255229295,9186736532,9255229294,9186736533,9186736534,9255229293,9255229292,9186736535,9255229291,9186736536,9186736537,9255229290,9255229289,9255229288,9186736538,9186736539,9186736540,9186736541,9186736542,9186736543,9186736544,9186736545,9186736546,9186736547,9186736548,9186736549,9186736550,9186736551,9186736552,9186736553,9186736554,9186736555,9186736556,9186736557,9186736558,9186736559,9186736560,9186736561,9186736562,9186736563,9186736564,9186736565,9186736566,9186736567,9186736568,9186736569,9186736570,9186736571,9186736572,9186736573,9186736574,9186736575,9186736576,9186736577,9186736578,9186736579,9186736580,9186736581,9186736582,9186736583,9186736584,9262510361,9262510360,9262510359,9262510358,9186736585,9262510357,9186736586,9262510356,9262510355,9262510354,9186736587,9262510353,9186736588,9186736589,9186736590,9262510352,9262510351,9186736591,9262510350,9262510349,9186736592,9262510348,9186736593,9186736594,9186736595,9186736596,9262510347,9186736597,9186736598,9262510346,9186736599,9186736600,9186736601,9186736602,9186736603,9186736604,9262510345,9186736605,9186736606,9186736607,9186736608,9186736609,9186736610,9186736611,9186736612,9186736613,9186736614,9186736615,9186736616,9186736617,9186736618,9186736619,9186736620,9186736621,9186736622,9186736623,9186736624,9186736625,9186736626,9186736627,9186736628,9186736629,9186736630,9186736631,9186736632,9186736633,9186736634,9186736635,9186736636,9186736637,9186736638,9186736639,9186736640,9186736641,9186736642,9186736643,9186736644,9186736645,9186736646,9186736647,9186736648,9186736649,9186736650,9186736651,9186736652,9186736653,9186736654,9186736655,9186736656,9186736657,9186736658,9186736659,9186736660,9186736661,9186736662,9186736663,9186736664,9186736665,9186736666,9186736667,9186736668,9186736669,9186736670,9186736671,9186736672,9262882263,9262882264,9262882265,9262882266,9186736673,9186736674,9186736675,9186736676,9186736677,9186736678,9186736679,9186736680,9186736681,9186736682,9186736683,9186736684,9186736685,9186736686,9186736687,9186736688,9186736689,9186736690,9186736691,9186736692,9186736693,9186736694,9186736695,9186736696,9186736697,9186736698,9186736699,9186736700,9186736701,9186736702,9186736703,9186736704,9186736705,9186736706,9186736707,9186736708,9186736709,9186736710,9186736711,9186736712,9186736713,9186736714,9186736715,9186736716,9186736717,9186736718,9186736719,9186736720,9186736721,9186736722,9186736723,9186736724,9186736725,9186736726,9186736727,9186736728,9186736729],"geometry":[{"lat":27.5644921,"lon":55.201663},{"lat":27.563641,"lon":55.2020084},{"lat":27.5636285,"lon":55.2023482},{"lat":27.5634402,"lon":55.2028436},{"lat":27.5635783,"lon":55.2034099},{"lat":27.5640893,"lon":55.2041128},{"lat":27.5642224,"lon":55.204424},{"lat":27.5643318,"lon":55.2047995},{"lat":27.5648458,"lon":55.208025},{"lat":27.5649211,"lon":55.2111112},{"lat":27.5646952,"lon":55.2141549},{"lat":27.5647384,"lon":55.2156557},{"lat":27.5647337,"lon":55.2157764},{"lat":27.5647134,"lon":55.2158837},{"lat":27.5644281,"lon":55.2161291},{"lat":27.5643984,"lon":55.2161787},{"lat":27.5643996,"lon":55.2162471},{"lat":27.5646219,"lon":55.2165945},{"lat":27.5646516,"lon":55.2166763},{"lat":27.5646659,"lon":55.2167809},{"lat":27.5644911,"lon":55.2187282},{"lat":27.5643057,"lon":55.2195865},{"lat":27.5638418,"lon":55.2239514},{"lat":27.563603,"lon":55.2247792},{"lat":27.5635781,"lon":55.2249415},{"lat":27.563521,"lon":55.2260211},{"lat":27.5636209,"lon":55.2289635},{"lat":27.5635935,"lon":55.229115},{"lat":27.5635757,"lon":55.2292143},{"lat":27.5635781,"lon":55.2293417},{"lat":27.5636161,"lon":55.2294691},{"lat":27.563647,"lon":55.2295884},{"lat":27.5639422,"lon":55.2397362},{"lat":27.5637826,"lon":55.2426562},{"lat":27.5637635,"lon":55.2427876},{"lat":27.5636042,"lon":55.2432838},{"lat":27.5635923,"lon":55.2434126},{"lat":27.5636042,"lon":55.2435735},{"lat":27.5637088,"lon":55.2442333},{"lat":27.5637112,"lon":55.2443674},{"lat":27.5635281,"lon":55.2504963},{"lat":27.5635151,"lon":55.2505888},{"lat":27.5634841,"lon":55.2507135},{"lat":27.5631774,"lon":55.2513452},{"lat":27.5631441,"lon":55.2514525},{"lat":27.5631334,"lon":55.2515598},{"lat":27.5631513,"lon":55.2516845},{"lat":27.5635543,"lon":55.2523939},{"lat":27.563584,"lon":55.2524798},{"lat":27.5635995,"lon":55.2525857},{"lat":27.5636708,"lon":55.253216},{"lat":27.5639347,"lon":55.2550842},{"lat":27.5640025,"lon":55.2552773},{"lat":27.5670295,"lon":55.2622172},{"lat":27.5673658,"lon":55.263285},{"lat":27.5673848,"lon":55.2633709},{"lat":27.5674193,"lon":55.2638631},{"lat":27.5674407,"lon":55.2640508},{"lat":27.567537,"lon":55.264319},{"lat":27.5675596,"lon":55.264421},{"lat":27.5680363,"lon":55.2689499},{"lat":27.5680434,"lon":55.2692369},{"lat":27.5680101,"lon":55.2696875},{"lat":27.5675239,"lon":55.2738315},{"lat":27.5674989,"lon":55.2739294},{"lat":27.5674514,"lon":55.27403},{"lat":27.5671549,"lon":55.2748734},{"lat":27.5662673,"lon":55.2778709},{"lat":27.566253,"lon":55.2779594},{"lat":27.5662542,"lon":55.2780788},{"lat":27.5666121,"lon":55.2801548},{"lat":27.5666358,"lon":55.2802326},{"lat":27.5666703,"lon":55.280305},{"lat":27.5669949,"lon":55.2806228},{"lat":27.5670472,"lon":55.2806859},{"lat":27.5670828,"lon":55.2807851},{"lat":27.5672635,"lon":55.2871728},{"lat":27.5672635,"lon":55.2872854},{"lat":27.5668629,"lon":55.2902868},{"lat":27.5668538,"lon":55.29046},{"lat":27.566832,"lon":55.2912712},{"lat":27.5668142,"lon":55.2913785},{"lat":27.5649762,"lon":55.2981108},{"lat":27.5633775,"lon":55.3034276},{"lat":27.5618209,"lon":55.3083689},{"lat":27.5617805,"lon":55.3084306},{"lat":27.5617353,"lon":55.3084695},{"lat":27.5605036,"lon":55.3091696},{"lat":27.5604394,"lon":55.3092661},{"lat":27.5601469,"lon":55.3099313},{"lat":27.5601118,"lon":55.3102612},{"lat":27.5600898,"lon":55.3103659},{"lat":27.5588272,"lon":55.3135014},{"lat":27.5587844,"lon":55.3136247},{"lat":27.5585085,"lon":55.3149578},{"lat":27.5584752,"lon":55.3150812},{"lat":27.5584705,"lon":55.3152233},{"lat":27.5588719,"lon":55.3166359},{"lat":27.559015,"lon":55.3186807},{"lat":27.5590008,"lon":55.3188363},{"lat":27.5589698,"lon":55.3189838},{"lat":27.5586251,"lon":55.3197268},{"lat":27.5583754,"lon":55.320113},{"lat":27.5582755,"lon":55.3203866},{"lat":27.5582184,"lon":55.3208345},{"lat":27.5582303,"lon":55.3210679},{"lat":27.5582161,