{"elements":[{"type":"way","id":1408873358,"bounds":{"minlat":26.691992,"minlon":57.2375537,"maxlat":26.7162196,"maxlon":57.2528587},"nodes":[12947186776,12947186775,12947186774,12947186773,12947186772,12947186683,12947186771,12947186682,12947186681,12947186680,12947186679,12947186678,12947186677,12947186676,12947186675,12947186674,12947186770,12947186768,12947186673,12947186672,12947186671,12947186670,12947186669,12947186668,12947186667,12947186666,12947186665,12947186664,12947186663,12947186662,12947186661,12947186660,12947186659,12947186658,12947186657,12947186656,12947186655,12947186654,12947186653,12947186652,12947186651,12947186650,12947186649,12947186648,12947186647,12947186646,12947186645,12947186644,12947186643,12947186642,12947186641,12947186640,12947186639,12947186638,12947186637,12947186636,12947186635,12947186634,12947186633,12947186632,12947186631,12947186630,12947186629,12947186628,12947186627,12947186626,12947186625,12947186624,12947186623,12947186622,12947186621,12947186620,12947186619,12947186618,12947186617,12947186616,12947186615,12947186614,12947186613,12947186612,12947186611,12947186610,12947186609,12947186608,12947186607,12947186606,12947186605,12947186604,12947186603,12947186602,12947186601,12947186600,12947186599,12947186598,12947186597,12947186596,12947186595,12947186594,12947186593,12947186592,12947186591,12947186590,12947186589,12947186588,12947186587,12947186586,12947186585,12947186584,12947186583,12947186582,12947186581,12947186580,12947186579,12947186578,12947186577,12947186576,12947186575,12947186574,12947186566,12947186573,12947186572,12947186571,12947186569,12947186570,12947186498,12947186497,12947186496,12947186495,12947186494,12947186493,12947186492,12947186491,12947186490,12947186489,12947186488,12947186487,12947186486,12947186485,12947186504,12947186484,12947186483,12947186482,12947186474,12947186481,12947186480,12947186479,12947186478,12947186477,12947186476,12947186475,12947186382,12947186383,12947186384,12947186385,12947186386,12947186387,12947186388,12947186389,12947186390,12947186391,12947186392,12947186393,12947186394,12947186395,12947186396,12947186397,12947186398,12947186399,12947186400,12947186401,12947186402,12947186403,12947186404,12947186405,12947183381,12947186406,12947186407,12947186408,12947186409,12947186410,12947186411,12947186412,12947186413,12947186414,12947186415,12947186416,12947186417,12947186418,12947186419,12947186420,12947186421,12947186422,12947186423,12947186424,12947186425,12947186426,12947186427,12947186428,12947186429,12947186430,12947186431,12947186432,12947186433,12947186434,12947186435,12947186436,12947186796,12947186797,12947186798,12947186799,12947186800,12947186801,12947186802,12947186803,12947186804,12947186805,12947186795,12947186806,12947186807,12947186808,12947186809,12947186810,12947186811,12947186812,12947186813,12947186814,12947186815,12947186816,12947186817,12947186818,12947186819,12947186820,12947186821,12947186822,12947186823,12947186824,12947186825,12947186826,12947186827,12947186828,12947186829,12947186830,12947186831,12947186832,12947186833,12947186834,12947186835,12947186836,12947186837,12947186838,12947186839,12947186840,12947186841,12947186842,12947186843,12947186844,12947186845,12947186846,12947186847,12947186848,12947186849,12947186850,12947186851,12947186852,12947186853,12947186854],"geometry":[{"lat":26.7162196,"lon":57.2378341},{"lat":26.7160626,"lon":57.2377888},{"lat":26.7158777,"lon":57.2377803},{"lat":26.7157764,"lon":57.2377859},{"lat":26.7157004,"lon":57.237854},{"lat":26.7156549,"lon":57.23794},{"lat":26.7156591,"lon":57.2380176},{"lat":26.7156622,"lon":57.2380741},{"lat":26.7156839,"lon":57.2382876},{"lat":26.7156349,"lon":57.2384807},{"lat":26.7154969,"lon":57.2386656},{"lat":26.7154261,"lon":57.2387957},{"lat":26.7153735,"lon":57.2389787},{"lat":26.7153371,"lon":57.2391494},{"lat":26.7152681,"lon":57.2392694},{"lat":26.715141,"lon":57.2393141},{"lat":26.7150901,"lon":57.2393141},{"lat":26.7150724,"lon":57.2393141},{"lat":26.7149885,"lon":57.2393141},{"lat":26.7148923,"lon":57.2392694},{"lat":26.7147071,"lon":57.2390966},{"lat":26.7146072,"lon":57.2390498},{"lat":26.7143022,"lon":57.2389929},{"lat":26.7138664,"lon":57.2388994},{"lat":26.7136939,"lon":57.2388283},{"lat":26.7133707,"lon":57.2387205},{"lat":26.7131818,"lon":57.2386494},{"lat":26.712973,"lon":57.238503},{"lat":26.7127497,"lon":57.2384319},{"lat":26.7125209,"lon":57.2383282},{"lat":26.7123212,"lon":57.2382266},{"lat":26.7122104,"lon":57.2381473},{"lat":26.7120996,"lon":57.2379928},{"lat":26.7118872,"lon":57.2377387},{"lat":26.7117746,"lon":57.2375944},{"lat":26.7116003,"lon":57.2375537},{"lat":26.7115404,"lon":57.2376086},{"lat":26.7114714,"lon":57.2377021},{"lat":26.7113697,"lon":57.2377834},{"lat":26.7112535,"lon":57.2378586},{"lat":26.7112117,"lon":57.2379115},{"lat":26.7111863,"lon":57.2379826},{"lat":26.711159,"lon":57.2381554},{"lat":26.7111354,"lon":57.238318},{"lat":26.7110955,"lon":57.2384888},{"lat":26.7110937,"lon":57.2385843},{"lat":26.7111245,"lon":57.238751},{"lat":26.7111663,"lon":57.2388567},{"lat":26.7112063,"lon":57.238936},{"lat":26.7112117,"lon":57.2390193},{"lat":26.7111681,"lon":57.2391393},{"lat":26.7111227,"lon":57.2392409},{"lat":26.71109,"lon":57.2393527},{"lat":26.7110483,"lon":57.2395336},{"lat":26.7110319,"lon":57.2396617},{"lat":26.710992,"lon":57.2398304},{"lat":26.7109593,"lon":57.2399544},{"lat":26.7109593,"lon":57.2400377},{"lat":26.7109775,"lon":57.2401495},{"lat":26.7110083,"lon":57.2402512},{"lat":26.7110338,"lon":57.2403833},{"lat":26.7110265,"lon":57.2404992},{"lat":26.710834,"lon":57.240983},{"lat":26.7107523,"lon":57.2411822},{"lat":26.7106869,"lon":57.2413204},{"lat":26.7106216,"lon":57.2414261},{"lat":26.7105017,"lon":57.2415338},{"lat":26.7103946,"lon":57.2416314},{"lat":26.710322,"lon":57.2417473},{"lat":26.710253,"lon":57.2418611},{"lat":26.7101803,"lon":57.2419566},{"lat":26.7100478,"lon":57.2420501},{"lat":26.7099497,"lon":57.2420867},{"lat":26.7097699,"lon":57.2420725},{"lat":26.7095575,"lon":57.2420562},{"lat":26.7093632,"lon":57.2420217},{"lat":26.7091489,"lon":57.2418977},{"lat":26.7090055,"lon":57.2417676},{"lat":26.7089274,"lon":57.2417086},{"lat":26.7088584,"lon":57.2416944},{"lat":26.7088057,"lon":57.2417188},{"lat":26.7086133,"lon":57.2418794},{"lat":26.7083245,"lon":57.2420705},{"lat":26.7081629,"lon":57.2421762},{"lat":26.708083,"lon":57.2422859},{"lat":26.7080322,"lon":57.2424079},{"lat":26.7079668,"lon":57.2425665},{"lat":26.7078215,"lon":57.2427962},{"lat":26.707709,"lon":57.2429771},{"lat":26.7076,"lon":57.2430502},{"lat":26.7073603,"lon":57.2431539},{"lat":26.7072132,"lon":57.243219},{"lat":26.707097,"lon":57.2433064},{"lat":26.7069699,"lon":57.2434914},{"lat":26.7069027,"lon":57.2436133},{"lat":26.7068718,"lon":57.2437454},{"lat":26.7067829,"lon":57.2439426},{"lat":26.7066721,"lon":57.2440788},{"lat":26.7066104,"lon":57.2441886},{"lat":26.7065922,"lon":57.2443207},{"lat":26.7065522,"lon":57.2445626},{"lat":26.7065014,"lon":57.2447008},{"lat":26.7064106,"lon":57.244833},{"lat":26.7062599,"lon":57.2449529},{"lat":26.706071,"lon":57.2450566},{"lat":26.7058931,"lon":57.2451033},{"lat":26.7057187,"lon":57.2451114},{"lat":26.7055535,"lon":57.2450342},{"lat":26.7054482,"lon":57.2449224},{"lat":26.7053007,"lon":57.2446927},{"lat":26.705217,"lon":57.2445385},{"lat":26.7051795,"lon":57.2444299},{"lat":26.7051795,"lon":57.2443632},{"lat":26.7052048,"lon":57.2441942},{"lat":26.705207,"lon":57.2440461},{"lat":26.7052114,"lon":57.2438918},{"lat":26.705228,"lon":57.2437376},{"lat":26.705239,"lon":57.2436179},{"lat":26.7052379,"lon":57.2435364},{"lat":26.7052214,"lon":57.2434944},{"lat":26.7051982,"lon":57.2434364},{"lat":26.7051442,"lon":57.2434142},{"lat":26.7050792,"lon":57.2434229},{"lat":26.7050295,"lon":57.2434414},{"lat":26.7049778,"lon":57.2434686},{"lat":26.7048577,"lon":57.2435574},{"lat":26.7047076,"lon":57.2436847},{"lat":26.7046004,"lon":57.2437231},{"lat":26.7045017,"lon":57.2437135},{"lat":26.7044288,