{"elements":[{"type":"way","id":1258637667,"bounds":{"minlat":28.8245233,"minlon":53.9567741,"maxlat":29.0533563,"maxlon":54.417257},"nodes":[11700685610,11700685611,11700685612,11700685613,11700685614,11700685615,11700685616,11700685617,11700685618,11700685619,11700685620,11700685621,11700685622,11700685623,11700685624,11700685625,11700685626,11700685627,11700685628,11700685629,11700685630,11700685631,11700685632,11700685633,11700685634,11700685635,11700685636,11700685637,11700685638,11700685639,11700685640,13191934424,11700685641,11700685642,11700685643,11700685644,13191934437,11700685645,11700685646,13191934440,13191934441,11700685647,11700685648,11700685649,11700685650,11700685651,11700685652,11700685653,11700685654,11700685655,11700685656,11700685657,11700685658,11700685659,11700685660,11700685661,11700685662,11700685663,11700685664,11700685665,11700685666,11700685667,11700685668,11700685669,11700685670,11700685671,11700685672,11700685673,11700685674,11700685675,11700685676,11700685677,11700685678,11700685679,11700685680,11700685681,11700685682,11700685683,11700685684,11700685685,11700685686,11700685687,11700685688,11700685689,11700685690,11700685691,11700685692,11700685693,11700685694,11700685695,11700685696,11700685697,11700685698,11700685699,11700685700,11700685701,11700685702,11700685703,11700685704,11700685705,11700685706,11700685707,11700685708,11700685709,11700685710,13192575265,5471260086,11700685720,11700685721,13192575286,13192575287,13192575288,13192575267,13192575266,13192575290,13192575284,13192575283,13192575282,11700685724,11700685725,11700685726,11700685727,11700685728,13192596896,11700685729,13192596903,11700685730,13192596934,13192596885,13192596935,13192596883,13192596933,13192596932,13192597114,13192597115,13192596878,13192596877,13192596876,13192597112,13192596874,13192597111,13192597113,13192597110,13192596870,13192596931,13192596868,13192596895,13192596894,11700685733,11700685734,11700685740,11700685741,11700685742,11700685743,11700685744,11700685745,11700685746,11700685747,11700685748,11700685749,11700685750,11700685751,11700685752,1167094343,11700685753,11700685754,11700685755,11700685756,11700685757,11700685758,11700685759,11700685760,11700685761,11700685762,11700685763,11700685764,11700685765,11700685766,11700685767,11700685768,11700685769,11700685770,11700685771,11700685772,11700685773,11700685774,11700685775,11700685776,11700685777,11700685778,11700685779,11700685780,11700685781,11700685782,11700685783,13195245313,13195245314,11700685784,11700685785,11700685786,11700685787,11700685788,11700685789,11700685790,11700685791,11700685792,11700685793,11700685794,11700685795,11700685796,11700685797,11700685798,11700685799,11700685800,11700685801,11700685802,11700685803,11700685804,11700685805,11700685806,11700685807,13195242791,11700685808,13195242794,11700685809,11700685810,11700685811,11700685812,11700685813,11700685814,11700685815,11700685816,11700685817,11700685818,11700685819,11700685820,11700685821,11700685822,11700685823,13195245256,13195245262,13195245257,11700685824,11700685825,11700685826,11700685827,11700685828,11700685829,11700685830,11700685831,11700685832,11700685833,11700685834,11700685835,11700685836,11700685837,11700685838,11700685839,11700685840,11700685841,11700685842,11700685843,11700685844,11700685845,11700685846,11700685847,11700685848,11700685849,11700685850,11700685851,11700685852,11700685853,11700685854,11700685855,11700685856,11700685857,11700685858,13192571943,13192571942,11700685859,13192571941,13192571940,13192571939,13192571938,13192571931,13192571933,13192571935,13192571937,13192571936,13192571934,13192571930,13192571929,13192571992,13192571928,13192571927,13192571926,11700685860,13192571851,13192571852,13192571944,11700685861,13192571945,11700685862,11700685863,13192571979,11700685864,13192571981,13192571982,11700685865,11700685866,11700685867,11700685868,11700685869,11700685870,8378971301,8378971310,11700685872,11700685875,13192572067,13192572068,13192572066,11700685879,11700685880,11700685881,13192572071,13192572070,13192572069,11700685882,11700685883,11700685884,11700685885,11700685886,13192572131,11700685887,11700685888,13192572186,11700685889,13192572185,13192572180,11700685891,11700685892,11700685893,11700685894,11700685895,11700685896,11700685897,11700685898,11700685899,13191988842,11700685900,13192572209,13192572206,11700685901,11700685902,11700685903,11700685904,11700685905,11700685906,11700685907,11700685908,11700685909,11700685910,11700685911,11700685912,11700685913,11700685914,11700685915,11700685916,11700685917,11700685918,11700685919,11700685920,11700685921,11700685922,11700685923,11700685924,11700685925,11700685926,11700685927,11700685928,11700685929,11700685930,11700685931,11700685932,11700685933,11700685934,11700685935,11700685936,11700685937,11700685938,11700685939,11700685940,11700685941,11700685942,11700685943,11700685944,11700685945,11700685946,11700685947,11700685948,11700685949,11700685950,11700685951,11700685952,11700685953,11700685954,11700685955,11700685956,11700685610],"geometry":[{"lat":28.9357754,"lon":53.9623669},{"lat":28.9396011,"lon":53.9617424},{"lat":28.9460985,"lon":53.9624085},{"lat":28.9485637,"lon":53.9608958},{"lat":28.9506038,"lon":53.9567741},{"lat":28.9547326,"lon":53.9577178},{"lat":28.9549026,"lon":53.9603546},{"lat":28.959189,"lon":53.9617979},{"lat":28.960379,"lon":53.9645735},{"lat":28.9619454,"lon":53.9652812},{"lat":28.9662558,"lon":53.9630747},{"lat":28.968247,"lon":53.959966},{"lat":28.9741112,"lon":53.957468},{"lat":28.9733585,"lon":53.9637269},{"lat":28.9703475,"lon":53.9701801},{"lat":28.9679313,"lon":53.9763835},{"lat":28.9681377,"lon":53.9788538},{"lat":28.9691333,"lon":53.9797558},{"lat":28.9698618,"lon":53.9810465},{"lat":28.9681013,"lon":53.9855429},{"lat":28.9629896,"lon":53.9861396},{"lat":28.9619332,"lon":53.988027},{"lat":28.9660615,"lon":53.9893176},{"lat":28.96713,"lon":53.993939},{"lat":28.9650052,"lon":53.9980052},{"lat":28.9685141,"lon":53.9992819},{"lat":28.9689876,"lon":54.0055686},{"lat":28.969364,"lon":54.0135345},{"lat":28.9671543,"lon":54.0135622},{"lat":28.9659644,"lon":54.0147973},{"lat":28.9654423,"lon":54.0175729},{"lat":28.9657901,"lon":54.019845},{"lat":28.9658672,"lon":54.0203485},{"lat":28.9697161,"lon":54.0238041},{"lat":28.9722779,"lon":54.02472},{"lat":28.9703596,"lon":54.0332132},{"lat":28.9686886,"lon":54.0339152},{"lat":28.9675185,"lon":54.0344067},{"lat":28.9674214,"lon":54.0367104},{"lat":28.9671589,"lon":54.0372192},{"lat":28.9664419,"lon":54.0386088},{"lat":28.9663043,"lon":54.0388754},{"lat":28.9685263,"lon":54.0417065},{"lat":28.9666565,"lon":54.0450649},{"lat":28.965843,"lon":54.0488119},{"lat":28.9648837,"lon":54.0521981},{"lat":28.9656487,"lon":54.0526144},{"lat":28.9640338,"lon":54.0576937},{"lat":28.9618118,"lon":54.062204},{"lat":28.9591314,"lon":54.0659091},{"lat":28.957329,"lon":54.0706727},{"lat":28.953818,"lon":54.0702006},{"lat":28.9523348,"lon":54.0731832},{"lat":28.9499314,"lon":54.0736767},{"lat":28.9488987,"lon":54.0759513},{"lat":28.9480913,"lon":54.0790841},{"lat":28.9457817,"lon":54.0832683},{"lat":28.9507951,"lon":54.0900489},{"lat":28.9503633,"lon":54.0946623},{"lat":28.9503445,"lon":54.1012284},{"lat":28.947697,"lon":54.1071722},{"lat":28.9430778,"lon":54.1071078},{"lat":28.9414629,"lon":54.1096183},{"lat":28.9455564,"lon":54.1118285},{"lat":28.9439791,"lon":54.1160771},{"lat":28.9405052,"lon":54.119446},{"lat":28.9410181,"lon":54.1247249},{"lat":28.9451058,"lon":54.1276857},{"lat":28.952147,"lon":54.1302392},{"lat":28.9561838,"lon":54.1277286},{"lat":28.9586245,"lon":54.1298529},{"lat":28.9575731,"lon":54.1348955},{"lat":28.9602767,"lon":54.1370842},{"lat":28.962492,"lon":54.136934},{"lat":28.9636748,"lon":54.1414186},{"lat":28.9614407,"lon":54.1404745},{"lat":28.9594694,"lon":54.1443154},{"lat":28.9602391,"lon":54.1474697},{"lat":28.9641629,"lon":54.1498729},{"lat":28.961328,"lon":54.153907},{"lat":28.9597698,"lon":54.1605374},{"lat":28.9602016,