{"elements":[{"type":"way","id":243509047,"bounds":{"minlat":29.0064913,"minlon":57.4996743,"maxlat":29.134511,"maxlon":57.5959185},"nodes":[6639764317,2523661533,6639638080,6936569628,2501440118,2501440119,2501440120,2501440121,2501440122,5314979642,5314978164,5314978177,2501440123,2501440124,2501440125,2501440126,2501440127,2501440128,2501440129,9739994027,2501440130,2501440131,5314937702,5314937687,5314937678,5314887442,5314887443,5314887469,5314887502,2501440133,5314887490,2501440134,2501440135,5314888609,2501440136,2501440137,5314998633,2501440138,2501440139,5283599567,5290326543,2501440140,2501440141,2501440142,2501440143,2501440144,2501440145,2501440146,2501440147,2501440148,2501440149,2501440150,2501440151,2501440152,2501440153,2501440154,2501440155,2501440156,2501440157,2501440158,10824076244,2501440159,2501440160,2501440161,2501440162,2501440163,2501440164,2501440165,2501440166,2501440167,2501440168,2501440169,2501440171,2501440173,2501440175,2501440176,2501440178,2501440180,2501440182,2501440184,2501440186,2501440188,2501440190,2501440192,2501440194,2501440196,2501440198,2501440200,2501440202,2501440203,2501440205,2501440206,2501440207,2501440208,2501440209,2501440210,2501440211,2501440212,2501440213,2501440214,2501440215,2501440216,2501440217,2501440218,2501440219,2501440220,2501440221,2501440222,2501440223,2501440224,2501440225,2501440226,2501440227,2501440228,2501440229,2501440230,2501440231,2501440232,2501440233,2501440234,2501440235,2501440236,2501440237,2501440238,2501440239,2501440240,2501440241,2501440242,2501440243,2501440244,2501440245,2501440246,2501440247,2501440248,2501440249,2501440250,2501440251,2501440252,2501440253,2501440254,2501440255,2501440257,2501440258,2501440259,2501440260,2501440261,2501440262,2501440263,2501440264,2501440265,2501440266,2501440267,2501440268,2501440269,2501440270,2501440271,2501440272,2501440273,2501440274,2501440275,2501440276,2501440277,2501440278,2501440279,2501440280,2501440281,2501440282,2501440283,2501440284,2501440285,2501440286,2501440287,2501440288,2501440289,2501440290,2501440291,2501440292,2501440293,2501440294,2501440295,2501440296,2501440297,2501440298,2501440299,2501440300,2501440301,2501440302,2501440303,2501440304,2501440305,2501440306,2501440307,2501440308,2501440309,2501440310,2501440311,2501440312,2501440313,2501440314,2501440315,2501440316,2501440317,2501440319,2501440320,2501440321,2501440322,2501440323,2501440324,2501440326,2501440328,2501440330,2501440331,2501440334,2501440336,2501440345,2501440347,2501440349,2501440351,2501440367,2501440368,2501440369,2501440371,2501440373,2501440375,2501440377,2501440379,2501440381,2501440383,2501440385,2501440387,2501440389,2501440391,2501440393,2501440395,2501440397,2501440399,2501440400,2501440402,2501440404,2501440406,2501440408,2501440410,2501445782,2501445783,2501445784,2501445785,2501445786,2501445787,2501445788,2501445789,2501445790,2501445791,2501445792,2501445793,2501445794,2501445795,2501445796,2501445797,2501445798,2501445799,2501445800,2501445801,2501445802,2501445803,2501445804,2501445805,2501445806,2501445807,2501445808,2501445809,2501445810,2501445811,2501445812,2501445813,2501445814,2501445815,2501445816,2501445817,2501445818,2501445819,2501445820,2501445821,2501445822,2501445823,2501445824,2501445825,2501445826,2501445827,2501445828,2501445829,2501445830,2501445831,2501445832,2501445833,2501445834,2501445835,2501445836,2501445837,2501445838,2501445839,2501445840,2501445841,2501445842,2501445843,2501445844,2501445845,2501445846,2501445847,2501445848,2501445849,2501445850,2501445851,2501445852,2501445853,2501445854,2501445855,2501445856,2501445857,2501445858,2501445859,2501445860,2501445861,2501445862,2501445863,2501445864,2501445865,2501445866,2501445867,2501445868,5297331623,2501445869,2501445870,2501445871,2501445872,2501445873,2501445874,2501445875,5297318916,2501445876,2501445877,2501445878,5297315347,2501445879,5299287511,2501445880,2501445881,5297289858,6936569630,1352898715],"geometry":[{"lat":29.134511,"lon":57.4996743},{"lat":29.1322597,"lon":57.5034764},{"lat":29.1315725,"lon":57.5044732},{"lat":29.1297657,"lon":57.5069394},{"lat":29.1283075,"lon":57.5091213},{"lat":29.1267589,"lon":57.5119962},{"lat":29.1262148,"lon":57.5127628},{"lat":29.1255869,"lon":57.5133378},{"lat":29.1196711,"lon":57.5184966},{"lat":29.118927,"lon":57.5191634},{"lat":29.1183841,"lon":57.5196499},{"lat":29.1181496,"lon":57.51986},{"lat":29.1165876,"lon":57.5212596},{"lat":29.116155,"lon":57.5218346},{"lat":29.1157085,"lon":57.5226491},{"lat":29.1153039,"lon":57.5236873},{"lat":29.1150527,"lon":57.5248532},{"lat":29.1148155,"lon":57.5261469},{"lat":29.1146062,"lon":57.5276482},{"lat":29.1145541,"lon":57.5280722},{"lat":29.1144806,"lon":57.5286704},{"lat":29.1131969,"lon":57.5326473},{"lat":29.1127515,"lon":57.5339662},{"lat":29.1123069,"lon":57.5352828},{"lat":29.1120777,"lon":57.5359618},{"lat":29.112017,"lon":57.5361414},{"lat":29.1112768,"lon":57.5380901},{"lat":29.1106534,"lon":57.5397605},{"lat":29.11015,"lon":57.5410325},{"lat":29.1100562,"lon":57.5412695},{"lat":29.1098711,"lon":57.5416269},{"lat":29.1096369,"lon":57.5419703},{"lat":29.1090805,"lon":57.5425655},{"lat":29.1086066,"lon":57.542959},{"lat":29.1060803,"lon":57.5450571},{"lat":29.1053826,"lon":57.5454564},{"lat":29.1032472,"lon":57.5461384},{"lat":29.1011821,"lon":57.546798},{"lat":29.1001076,"lon":57.5470056},{"lat":29.0997611,"lon":57.5470008},{"lat":29.098401,"lon":57.5469819},{"lat":29.0966605,"lon":57.5469577},{"lat":29.095893,"lon":57.5468618},{"lat":29.0950835,"lon":57.5465903},{"lat":29.093325,"lon":57.5457598},{"lat":29.0928645,"lon":57.5454723},{"lat":29.0922085,"lon":57.5447057},{"lat":29.0916363,"lon":57.5441307},{"lat":29.0912455,"lon":57.5439071},{"lat":29.0898499,"lon":57.5435398},{"lat":29.0894032,"lon":57.5435717},{"lat":29.088831,"lon":57.5437474},{"lat":29.0879796,"lon":57.5444981},{"lat":29.0875749,"lon":57.5446897},{"lat":29.0871003,"lon":57.5446738},{"lat":29.086556,"lon":57.5444821},{"lat":29.0856907,"lon":57.544562},{"lat":29.0850905,"lon":57.5448015},{"lat":29.0843926,"lon":57.5451689},{"lat":29.083946,"lon":57.5452807},{"lat":29.0829836,"lon":57.5452042},{"lat":29.082941,"lon":57.5452008},{"lat":29.0812242,"lon":57.5449932},{"lat":29.080624,"lon":57.545105},{"lat":29.0799959,"lon":57.5453126},{"lat":29.0793817,"lon":57.5458237},{"lat":29.0788095,"lon":57.5465105},{"lat":29.0785163,"lon":57.5470056},{"lat":29.0779859,"lon":57.5479958},{"lat":29.0775532,"lon":57.5485548},{"lat":29.0770647,"lon":57.5488583},{"lat":29.0765482,"lon":57.549002},{"lat":29.0760038,"lon":57.549002},{"lat":29.0755153,"lon":57.5491138},{"lat":29.074929,"lon":57.5494332},{"lat":29.0741857,"lon":57.5502149},{"lat":29.0738902,"lon":57.5507288},{"lat":29.0735711,"lon":57.5517025},{"lat":29.073311,"lon":57.5521488},{"lat":29.0728973,"lon":57.552514},{"lat":29.0726846,"lon":57.552825},{"lat":29.0722,"lon":57.5546913},{"lat":29.0720463,"lon":57.5550699},{"lat":29.0717154,"lon":57.5553269},{"lat":29.0713489,"lon":57.5556515},{"lat":29.0711716,"lon":57.5559625},{"lat":29.0711716,"lon":57.556233},{"lat":29.0712426,"lon":57.5564899},{"lat":29.0712426,"lon":57.5567469},{"lat":29.0712163,"lon":57.5569805},{"lat":29.0710644,"lon":57.5571891},{"lat":29.0697823,"lon":57.55835},{"lat":29.0696183,"lon":57.5585447},{"lat":29.0694725,"lon":57.5587811},{"lat":29.0692537,"lon":57.5598447},{"lat":29.0691322,"lon":57.5603313},{"lat":29.0688466,"lon":57.560672},{"lat":29.0670966,"lon":57.5616105},{"lat":29.0668475,"lon":57.5618538},{"lat":29.0666713,"lon":57.5621389},{"lat":29.0665315,"lon":57.5624865},{"lat":29.0664404,"lon":57.5628688},{"lat":29.0663796,"lon":57.5632581},{"lat":29.0662824,"lon":57.5636544},{"lat":29.0661122,"lon":57.5640506},{"lat":29.0659664,"lon":57.5643982},{"lat":29.065936,"lon":57.5646624},{"lat":29.0659664,"lon":57.5648779},{"lat":29.0660697,"lon":57.5650656},{"lat":29.0666652,"lon":57.5657678},{"lat":29.0667381,"lon":57.5659485},{"lat":29.0667442,