{"elements":[{"type":"way","id":541896941,"bounds":{"minlat":27.7851356,"minlon":57.332478,"maxlat":27.8515071,"maxlon":57.4650889},"nodes":[3796683366,5239538904,5239538903,5239538902,5239538901,5239538900,5239538899,5239538898,5239538897,5239538896,5239538895,5239538894,5239538893,5239538892,5239538891,5239538890,5239538889,5239538888,5239538887,5239538886,5239538885,5239538884,5239538883,5239538882,5239538881,5239538880,5239538879,5239538878,5239538877,5239538876,5239538875,5239538874,5239538873,5239538872,5239538871,5239538870,5239538869,5239538868,5239538867,5239538866,5239538865,5239538864,5239538863,5239538862,5239538861,5239538860,5239538859,5239538858,5239538857,5239538856,5239538855,5239538854,5239538853,5239538852,5239538851,5239538850,5239538849,5239538848,5239538847,5239538846,5239538845,5239538844,5239538843,5239538842,5239538841,5239538840,5239538839,5239538838,5239538837,5239538836,5239538835,5239538834,5239538833,5239538832,5239538831,5239538830,5239538829,5239538828,5239538827,5239538826,5239538825,5239538824,5239538823,5239538822,5239538821,5239538820,5239538819,5239538818,5239538817,5239538816,5239538815,5239538814,5239538813,5239538812,5239538811,5239538810,5239538809,5239538808,5239538807,5239538806,5239538805,5239538804,5239538803,5239538802,5239538801,5239538800,5239538799,5239538798,5239538797,5239538796,5239538795,5239538794,5239538793,5239538792,5239538791,5239538790,5239538789,5239538788,5239538787,5239538786,5239538785,5239538784,5239538783,5239538782,5239538781,5239538780,5239538779,5239538778,5239538777,5239538776,5239538775,5239538774,5239538773,5239538772,5239538771,5239538770,5239538769,5239538768,5239538767,13185589456,5239538766,5239538765,5239538764,5239538763,5239538762,5239538761,5239538760,5239538759,5239538758,5239538757,5239538756,5239538755,5239538754,5239538753,5239538752,5239538751,5239538750,5239538749,5239538748,5239538747,5239538746,5239538745,5239538744,5239538743,5239538742,5239538741,5239538740,5239538739,5239538738,5239538737,5239538736,5239538735,5239538734,5239538733,5239538732,5239538731,5239538730,5239538729,5239538728,5239538727,5239538726,5239538725,5239538724,5239538723,5239538722,5239538721,5239538720,5239538719,5239538718,5239538717,5239538716,5239538715,5239538714,5239538713,5239538712,5239538711,5239538710,5239538709,5239538708,5239538707,5239538706,5239538705,5239538704,5239538703,5239538702,5239538701,5239538700,5239538699,5239538698,5239538697,5239538696,5239538695,5239538694,5239538693,5239538692,5239538691,5239538690,5239538689,5239538688,5239538687,5239538686,5239538679,5239538685,5239538684,5239538683,5239538682,5239538681,5239538680,5239538678,5239538677,5239538676,5239538675,5239538674,5239538673,5239538672,5239538671,5239538670,5239538669,5239538668,5239538667,5239538666,5239538665,5239538664,5239538663,5239538662,5239538661,5239538660,5239538659,5239538658,5239538657,5239538656,5239538655,5239538654,5239538653,5239538652,5239538651,5239538650,5239538649,5239538648,5239538647,5239538646,5239538645,5239538644,5239538643,5239538642,5239538641,5239538640,5239538639,5239538638,5239538637,5239538636,5239538635,5239538634,5239538633,5239538632,5239538631,5239538630,5239538629,5239538628,5239538627,5239538626,5239538625,5239538624,5239538623,5239538622,5239538621,5239538620,5239538619,5239538618,5239538617,5239538616,5239538615,5239538614,5239538613,5239538605,5239538612,5239538611,5239538610,2548940028],"geometry":[{"lat":27.8033049,"lon":57.332478},{"lat":27.8023405,"lon":57.3341006},{"lat":27.8020463,"lon":57.3345834},{"lat":27.8018233,"lon":57.3349965},{"lat":27.801439,"lon":57.3358172},{"lat":27.8007936,"lon":57.3372817},{"lat":27.8002099,"lon":57.3387676},{"lat":27.7995219,"lon":57.3405325},{"lat":27.799147,"lon":57.3414499},{"lat":27.7990284,"lon":57.3419809},{"lat":27.7989192,"lon":57.3426354},{"lat":27.798905,"lon":57.3430645},{"lat":27.7989524,"lon":57.3435688},{"lat":27.7990616,"lon":57.3441535},{"lat":27.7992799,"lon":57.3449153},{"lat":27.7995266,"lon":57.3457521},{"lat":27.7999347,"lon":57.3468304},{"lat":27.8000012,"lon":57.3470986},{"lat":27.8000106,"lon":57.3473722},{"lat":27.7999632,"lon":57.3476243},{"lat":27.7997734,"lon":57.3481071},{"lat":27.7996073,"lon":57.3485684},{"lat":27.7995836,"lon":57.3489279},{"lat":27.79965,"lon":57.3492604},{"lat":27.7997591,"lon":57.3495769},{"lat":27.800115,"lon":57.3502904},{"lat":27.8014817,"lon":57.3527741},{"lat":27.8018376,"lon":57.3534447},{"lat":27.802165,"lon":57.3541635},{"lat":27.8023548,"lon":57.3546195},{"lat":27.8024639,"lon":57.3550272},{"lat":27.8025731,"lon":57.3554993},{"lat":27.8026347,"lon":57.3559338},{"lat":27.8027676,"lon":57.3571891},{"lat":27.8028815,"lon":57.3579401},{"lat":27.802955,"lon":57.3585623},{"lat":27.8030404,"lon":57.3594475},{"lat":27.8030571,"lon":57.359941},{"lat":27.8030476,"lon":57.3602682},{"lat":27.8030001,"lon":57.3605821},{"lat":27.8029432,"lon":57.360861},{"lat":27.8028151,"lon":57.3612231},{"lat":27.8027059,"lon":57.3614538},{"lat":27.802369,"lon":57.3619553},{"lat":27.8015576,"lon":57.3631087},{"lat":27.8000652,"lon":57.3649487},{"lat":27.7983759,"lon":57.3669335},{"lat":27.7976119,"lon":57.3676792},{"lat":27.7966747,"lon":57.3685321},{"lat":27.7954693,"lon":57.3694763},{"lat":27.7950849,"lon":57.369782},{"lat":27.7947409,"lon":57.3700985},{"lat":27.7942426,"lon":57.3706135},{"lat":27.7939318,"lon":57.370981},{"lat":27.7937182,"lon":57.3712867},{"lat":27.7935688,"lon":57.371563},{"lat":27.7933694,"lon":57.3719814},{"lat":27.7931298,"lon":57.3725608},{"lat":27.7926457,"lon":57.3738536},{"lat":27.7916112,"lon":57.3767906},{"lat":27.7913241,"lon":57.377606},{"lat":27.791101,"lon":57.3781881},{"lat":27.790878,"lon":57.3786816},{"lat":27.790598,"lon":57.3792154},{"lat":27.7903133,"lon":57.3797196},{"lat":27.7900309,"lon":57.380138},{"lat":27.7897319,"lon":57.3805296},{"lat":27.789376,"lon":57.3809749},{"lat":27.7890319,"lon":57.3813423},{"lat":27.7886262,"lon":57.3817232},{"lat":27.7868441,"lon":57.3833352},{"lat":27.785781,"lon":57.3842981},{"lat":27.7856102,"lon":57.3844886},{"lat":27.785482,"lon":57.3846656},{"lat":27.7853349,"lon":57.3849472},{"lat":27.7852044,"lon":57.3853308},{"lat":27.7851617,"lon":57.3855883},{"lat":27.7851356,"lon":57.3858619},{"lat":27.7851451,"lon":57.3860899},{"lat":27.7851759,"lon":57.3863688},{"lat":27.7852471,"lon":57.3865995},{"lat":27.7853587,"lon":57.3868918},{"lat":27.7855485,"lon":57.3872995},{"lat":27.7858878,"lon":57.387903},{"lat":27.7862983,"lon":57.3886058},{"lat":27.7877933,"lon":57.3907167},{"lat":27.788854,"lon":57.392098},{"lat":27.7889916,"lon":57.3923072},{"lat":27.7891055,"lon":57.3925191},{"lat":27.789198,"lon":57.3927605},{"lat":27.7892645,"lon":57.39301},{"lat":27.7892953,"lon":57.3932701},{"lat":27.789357,"lon":57.3940292},{"lat":27.7894614,"lon":57.3952362},{"lat":27.7894851,"lon":57.3955554},{"lat":27.7894804,"lon":57.3958665},{"lat":27.7894567,"lon":57.3962367},{"lat":27.7893926,"lon":57.3967436},{"lat":27.7891814,"lon":57.3986211},{"lat":27.7891055,"lon":57.3993936},{"lat":27.7890485,"lon":57.3998362},{"lat":27.7889797,"lon":57.4002144},{"lat":27.7889038,"lon":57.4004638},{"lat":27.7888207,"lon":57.4006274},{"lat":27.7887068,"lon":57.400775},{"lat":27.7883984,"lon":57.4010834},{"lat":27.7883367,"lon":57.4011853},{"lat":27.7883034,"lon":57.4012899},{"lat":27.7882963,"lon":57.4014267},{"lat":27.7883177,"lon":57.4015716},{"lat":27.788358,"lon":57.4017218},{"lat":27.7885431,"lon":57.4022931},{"lat":27.7885929,"lon":57.4025023},{"lat":27.7886285,"lon":57.4027249},{"lat":27.7886665,"lon":57.4028939},{"lat":27.7887306,"lon":57.4030468},{"lat":27.7888492,"lon":57.4032184},{"lat":27.7890319,"lon":57.4034438},{"lat":27.7894234,"lon":57.4039265},{"lat":27.7900072,"lon":57.4046561},{"lat":27.7901804,"lon":57.4049136},{"lat":27.7902729,"lon":57.4050826},{"lat":27.7903655,"lon":57.4052945},{"lat":27.7907309,"lon":57.4061555},{"lat":27.7909112,"lon":57.4066249},{"lat":27.7911058,"lon":57.4071774},{"lat":27.7914593,