{"elements":[{"type":"way","id":725025742,"bounds":{"minlat":26.1405262,"minlon":57.3605439,"maxlat":26.3092779,"maxlon":57.5205129},"nodes":[6798963466,6798963467,6798963468,6798963469,6798963470,6798963471,6798963472,6798963473,6798963474,6798963475,6798963476,6798963477,6798963478,6798963479,6798963480,6798963481,6798963482,6798963483,6798963484,6798970285,6798970286,6798970287,6798970288,6798970289,6798970290,6798970291,6798970292,6798970293,8402344603,6798970294,6798970295,6798970296,6798970297,6798970298,6798970299,6798970300,6798970301,6798970302,6798970303,6798970304,6798970305,6798970306,6798970307,6798970308,6798970309,6798970310,6798970311,6798970312,6798970313,6798970314,6798970315,6798970316,6798970317,6798970318,6798970319,6798970320,6798970321,6798970322,6798970323,6798970324,6798970325,6798970326,6798970327,6798970328,6798970329,6798970330,6798970331,6798970332,6798970333,6798970334,6798970335,6798970336,6798970337,6798970338,6798970339,6798970340,6798970341,6798970342,6798970343,6798970344,6798970345,6798970346,6798970347,6798970348,6798970349,6798970350,6798970351,6798970352,6798970353,6798970354,6798970355,6798970356,6798970357,6798970358,6798970359,6798970360,6798970361,6798970362,6798970363,6798970364,6798970365,6798970366,6798970367,6798970368,6798970369,6798970370,6798970371,6798970372,6798970373,6798970374,6798970375,6798970376,6798970377,6798970378,6798970379,6798970380,6798970381,6798970382,6798970383,6798970384,6798970385,6798970386,6798970387,6798970388,6798970389,6798970390,6798970391,6798970392,6798970393,6798970394,6798970395,6798970396,6798970397,6798970398,6798970399,6798970400,6798970401,6798970402,6798970403,6798970404,6798970405,6798970406,6798970407,6798970408,6798970409,6798970410,6798970411,6798970412,6798970413,6798970414,6798970415,6798970416,6798970417,6798970418,6798970419,6798970420,6798970421,6798970422,6798970423,6798970424,6798970425,6798970426,6798970427,6798970428,6798970429,6798970430,6798970431,6798970432,6798970433,6798970434,6798970435,6798970436,6798970437,6798970438,6798970439,6798970440,6798970441,6798970442,6798970443,6798970444,6798970445,6798970446,6798970447,6798970448,6798970449,6798970450,6798970451,6798970452,6798970453,6798970454,6798970455,6798970456,6798970457,6798970458,6798970459,6798970460,6798970461,6798970462,6798970463,6798970464,6798970465,6798970466,6798970467,6798970468,6798970469,6798970470,6798970471,6798970472,6798970473,6798970474,6798970475,6798970476,6798970477,6798970478,6798970479,6798970480,6798970481,6798970482,6798970483,6798970484,6798970485,6798970486,6798970487,6798970488,6798970489,6798970490,6798970491,6798970492,6798970493,6798970494,6798970495,13290120760,6798970496,6798970497,6798970498,6798970499,6798970500,6798970501,6798970502,6798970503,6798970504,6798970505,6798970506,6798970507,6798970508,6798970509,6798970510,6798970511,6798970512,6798970513,6798970514,6798970515,6798970516,6798970517,6798970518,6798970519,6798970520,6798970521,6798970522,6798970523,6798970524,6798970525,6798970526,6798970527,6798970528,6798970529,6798970530,6798970531,6798970532,6798970533,6798970534,6798970535,6798970536,6798970537,6798970538,6798970539,6798970540,6798970541,6798970542,6798970543,6798970544,6798970545,6798970546,6798970547,6798970548,6798970549,6798970550,6798970551,6798970552,6798970553,6798970554,6798970555,6798970556,6798970557,6798970558,6798970559,6798970560,6798970561,6798970562,6798970563,6798970564,6798970565,6798970566,6798970567,6798970568,6798970569,6798970570,6798970571,6798970572,6798970573,6798970574,6798970575,6798970576,6798970577,6798970578,6798970579,6798970580,6798970581,6798970582,6798970583,6798970584,6798970585,6798970586,6798970587,6798970588,6798970589,6798970590,6798970591,6798970592,6798970593,6798970594,6798970595,6798970596,6798970597,6798970598,6798970599,6798970600,6798970601,6798970602,6798970603,6798970604,6798970605,6798970606,6798970607,6798970608,6798970609,6798970610,6798970611,6798970612,6798970613,6798970614,6798970615,6798970616,6798970617,6798970618,6798970619,6798970620,6798970621,6798970622,6798970623,6798970624,6798970625,6798970626,6798970627,6798970628,6798970629,6798970630,6798970631,6798970632,6798970633,6798970634,6798970635,6798970636,6798970637,6798970638,6798970639],"geometry":[{"lat":26.3092779,"lon":57.5192743},{"lat":26.3082387,"lon":57.5195919},{"lat":26.3080109,"lon":57.5194489},{"lat":26.3075127,"lon":57.5187343},{"lat":26.307228,"lon":57.5187343},{"lat":26.3069433,"lon":57.5187978},{"lat":26.3058328,"lon":57.5190678},{"lat":26.3051068,"lon":57.5194648},{"lat":26.304637,"lon":57.5199889},{"lat":26.3040533,"lon":57.5204812},{"lat":26.3038398,"lon":57.5205129},{"lat":26.3037686,"lon":57.5201159},{"lat":26.3039394,"lon":57.518115},{"lat":26.3037401,"lon":57.5173845},{"lat":26.3039679,"lon":57.5167969},{"lat":26.3036405,"lon":57.5152406},{"lat":26.3033558,"lon":57.5147324},{"lat":26.3035266,"lon":57.5136366},{"lat":26.303854,"lon":57.5132237},{"lat":26.3037686,"lon":57.5124138},{"lat":26.3037259,"lon":57.5118898},{"lat":26.3039252,"lon":57.5115563},{"lat":26.3044804,"lon":57.5115245},{"lat":26.3046797,"lon":57.511461},{"lat":26.3050926,"lon":57.5106511},{"lat":26.3052349,"lon":57.5103494},{"lat":26.3051495,"lon":57.5100953},{"lat":26.3048933,"lon":57.5099523},{"lat":26.3049329,"lon":57.5096998},{"lat":26.3049929,"lon":57.5093171},{"lat":26.3055481,"lon":57.5089201},{"lat":26.3056051,"lon":57.508396},{"lat":26.3052776,"lon":57.5073797},{"lat":26.3043096,"lon":57.5072685},{"lat":26.3030995,"lon":57.5068239},{"lat":26.3026297,"lon":57.5066333},{"lat":26.3020033,"lon":57.506808},{"lat":26.3017043,"lon":57.507205},{"lat":26.3015335,"lon":57.5075702},{"lat":26.3010067,"lon":57.5075385},{"lat":26.3004657,"lon":57.5078243},{"lat":26.300238,"lon":57.5076655},{"lat":26.2999817,"lon":57.5075544},{"lat":26.2994976,"lon":57.5079355},{"lat":26.2990705,"lon":57.5080625},{"lat":26.2982163,"lon":57.5077132},{"lat":26.2978177,"lon":57.507332},{"lat":26.2972909,"lon":57.5068715},{"lat":26.2965506,"lon":57.5063157},{"lat":26.2959669,"lon":57.5056487},{"lat":26.2959526,"lon":57.5047117},{"lat":26.2954686,"lon":57.5042036},{"lat":26.2952265,"lon":57.5036319},{"lat":26.2945289,"lon":57.5033142},{"lat":26.2944577,"lon":57.5031396},{"lat":26.2947994,"lon":57.5026155},{"lat":26.2947994,"lon":57.5021708},{"lat":26.2940306,"lon":57.5016785},{"lat":26.2939309,"lon":57.5014562},{"lat":26.293817,"lon":57.5010116},{"lat":26.2936604,"lon":57.5007098},{"lat":26.2932333,"lon":57.5006304},{"lat":26.2923221,"lon":57.5002652},{"lat":26.291482,"lon":57.4999158},{"lat":26.2908129,"lon":57.5000111},{"lat":26.2905139,"lon":57.4999793},{"lat":26.2903857,"lon":57.4999158},{"lat":26.2904,"lon":57.4998205},{"lat":26.290699,"lon":57.4996935},{"lat":26.2909695,"lon":57.4995664},{"lat":26.2911688,"lon":57.4985342},{"lat":26.2914109,"lon":57.4979466},{"lat":26.2912258,"lon":57.4976131},{"lat":26.2906847,"lon":57.497756},{"lat":26.2902576,"lon":57.4980419},{"lat":26.2898589,"lon":57.4985024},{"lat":26.2895742,"lon":57.4986454},{"lat":26.2890474,"lon":57.4985501},{"lat":26.2887911,"lon":57.4988994},{"lat":26.2885063,"lon":57.4990582},{"lat":26.2883354,"lon":57.4991694},{"lat":26.2878798,"lon":57.4990106},{"lat":26.2875666,"lon":57.498963},{"lat":26.28741,"lon":57.49936},{"lat":26.2871252,"lon":57.4996776},{"lat":26.2869259,"lon":57.4996617},{"lat":26.2867692,"lon":57.4991535},{"lat":26.2867408,"lon":57.4984389},{"lat":26.2869401,"lon":57.497756},{"lat":26.2876663,"lon":57.4968985},{"lat":26.2880364,"lon":57.496565},{"lat":26.2882215,"lon":57.4962315},{"lat":26.2882073,"lon":57.4950881},{"lat":26.2884209,"lon":57.4943735},{"lat":26.2884351,"lon":57.4935},{"lat":26.2881504,"lon":57.4928807},{"lat":26.2877659,"lon":57.4917373},{"lat":26.2871394,"lon":57.4915626},{"lat":26.2862282,"lon":57.4909115},{"lat":26.2858153,"lon":57.4900539},{"lat":26.2861143,"lon":57.4887835},{"lat":26.2862139,"lon":57.4882753},{"lat":26.2854878,"lon":57.4862426},{"lat":26.2851461,