{"elements":[{"type":"way","id":378025948,"bounds":{"minlat":28.8711322,"minlon":54.4706886,"maxlat":29.0989,"maxlon":54.7920653},"nodes":[3814415858,3814415859,3814415860,3814415861,3814415862,3814415863,3814415864,3814415865,3814415866,3814415867,3814415868,3814415869,6226130687,3814415870,6226130686,6226130685,6226130684,3814415871,6226130683,6226130682,3814415872,3814415873,3814415874,3814415875,3814415876,3814415877,3814415878,10873193538,3814415879,3814415880,3814415881,3814415882,3814415883,3814415884,3814415885,3814415886,3814415887,3814415888,3814415889,3814415890,3814415891,3814415892,3814415893,3935401810,3814415894,3814415895,3935401797,3814415896,3814415897,3814415898,3814415899,3814415900,3814415901,3814415902,3814415903,3814415904,3814415905,3814415906,3814415907,3935401709,3814415908,3814415909,3814415910,3814415911,3814415912,6226130483,6226130482,6226130481,6226130484,6226130486,6226130485,6226130487,6226130488,6226130489,3814415913,6226130492,6226130491,6226130490,6226130493,6226130494,6226130495,3814415914,6226130496,3814415915,6225966884,6225966885,3814415916,6225966883,6225966882,3814415917,6225966881,6225966880,3814415918,6225966879,6225966878,6225966877,3814415919,6225966876,6225966875,3814415920,6225966869,3814415921,6225966866,3935401706,6225966865,3814415922,6225966864,6225966863,3814415923,6225966862,6225966861,6225966860,3814415924,6225966859,6225966858,3814415925,6225966857,6225966856,6225966855,3814415926,6225966854,3814415927,3814415928,6225966853,3935401642,6225966852,3814415929,6225966851,3935401643,3814415930,6225966850,6225966849,6225966848,3814415931,3814415932,6225966847,6225966845,6225966846,3814415933,4030359572,6225966844,3814415934,6225966843,6225966842,3814415935,3814415936,3814415937,3935401640,3935401639,3935401638,3814415938,3814415939,3935401636,3814415940,3935401637,3814415941,3814415942,3814415943,3814415944,3814415945,13202968195,3814415946,13202968194,3814415947,13202968179,13202968178,13202968177,13202968180,3814415948,13202971504,13202971510,13202971506,13202971503,13202968189,3935401635,3814415949,3814415950,3935401626,3935401622,3935401623,3814415951,3935401620,3935401621,3814415952,3814415953,3814415954,3814415955,3814415956,3814415957,3935401515,3814415958,3814415959,3935401617,3814415960,3814415961,3814415962,6225966796,3924077861,3814415963,3814415964,3924077860,3814415965,3814415966,3814415967,6225966837,6225966835,3814415968,6225966836,3814415969,6225966817,6225966819,3814415970,4099430985,3814415971,13202968130,4099430984,13202968129,4099430983,13202968128,13202968127,13202968126,13202968125,3814415972,13202968124,4099430982,13202968123,3814415973,13202968122,13202968121,13202968120,3814415974],"geometry":[{"lat":28.8711322,"lon":54.7920653},{"lat":28.8726552,"lon":54.7902846},{"lat":28.8755489,"lon":54.7882676},{"lat":28.8762441,"lon":54.7880316},{"lat":28.8768078,"lon":54.7870231},{"lat":28.8766387,"lon":54.7856927},{"lat":28.8779728,"lon":54.7834826},{"lat":28.8792692,"lon":54.7838473},{"lat":28.8812233,"lon":54.7830534},{"lat":28.8815051,"lon":54.7818732},{"lat":28.8809978,"lon":54.7798991},{"lat":28.8837222,"lon":54.777453},{"lat":28.8848894,"lon":54.7770372},{"lat":28.8858311,"lon":54.7765249},{"lat":28.8864405,"lon":54.7764572},{"lat":28.8868245,"lon":54.7764753},{"lat":28.8874093,"lon":54.7765276},{"lat":28.8882688,"lon":54.7765034},{"lat":28.8884849,"lon":54.7762996},{"lat":28.8887197,"lon":54.7763157},{"lat":28.8900912,"lon":54.7761869},{"lat":28.8920639,"lon":54.7767663},{"lat":28.8943183,"lon":54.7755861},{"lat":28.8969296,"lon":54.7747707},{"lat":28.9042934,"lon":54.7726893},{"lat":28.9048945,"lon":54.7720242},{"lat":28.9054205,"lon":54.7716165},{"lat":28.9091652,"lon":54.7686487},{"lat":28.9093464,"lon":54.7685051},{"lat":28.9118633,"lon":54.7639132},{"lat":28.9136102,"lon":54.7625613},{"lat":28.9158078,"lon":54.7594285},{"lat":28.9189068,"lon":54.7575617},{"lat":28.9206535,"lon":54.756918},{"lat":28.9239591,"lon":54.7529912},{"lat":28.9278091,"lon":54.7474551},{"lat":28.9284289,"lon":54.7459531},{"lat":28.9299876,"lon":54.744494},{"lat":28.9315276,"lon":54.7424126},{"lat":28.9329924,"lon":54.7401381},{"lat":28.9349079,"lon":54.735589},{"lat":28.9350018,"lon":54.7334647},{"lat":28.9402973,"lon":54.7213841},{"lat":28.9415934,"lon":54.7172532},{"lat":28.9430577,"lon":54.7125864},{"lat":28.9437149,"lon":54.7119856},{"lat":28.9457844,"lon":54.7064949},{"lat":28.9464,"lon":54.7048616},{"lat":28.947414,"lon":54.7042823},{"lat":28.9488035,"lon":54.7014284},{"lat":28.951113,"lon":54.6985102},{"lat":28.9532534,"lon":54.6928883},{"lat":28.9543049,"lon":54.6908498},{"lat":28.9559196,"lon":54.688983},{"lat":28.9557694,"lon":54.6838975},{"lat":28.9561636,"lon":54.6834254},{"lat":28.9562387,"lon":54.682653},{"lat":28.9579473,"lon":54.678061},{"lat":28.9579097,"lon":54.6762157},{"lat":28.9582604,"lon":54.6732099},{"lat":28.9583228,"lon":54.6726751},{"lat":28.9608761,"lon":54.6679974},{"lat":28.9639551,"lon":54.6663022},{"lat":28.969925,"lon":54.6644354},{"lat":28.9719314,"lon":54.6628529},{"lat":28.9722965,"lon":54.6622889},{"lat":28.9725749,"lon":54.6619824},{"lat":28.9728359,"lon":54.6616751},{"lat":28.9732713,"lon":54.6610945},{"lat":28.9744299,"lon":54.6604384},{"lat":28.9754461,"lon":54.6594105},{"lat":28.9761535,"lon":54.6586708},{"lat":28.9764868,"lon":54.6581383},{"lat":28.9765478,"lon":54.6578906},{"lat":28.9772389,"lon":54.6572294},{"lat":28.9773491,"lon":54.6570249},{"lat":28.9774919,"lon":54.6562815},{"lat":28.9778344,"lon":54.6558354},{"lat":28.9790275,"lon":54.6525293},{"lat":28.9794533,"lon":54.650802},{"lat":28.9798654,"lon":54.6499429},{"lat":28.980115,"lon":54.6489724},{"lat":28.9800245,"lon":54.6478894},{"lat":28.9798812,"lon":54.6467229},{"lat":28.9821124,"lon":54.6410143},{"lat":28.9826803,"lon":54.6402499},{"lat":28.9834029,"lon":54.6387398},{"lat":28.9841713,"lon":54.6380438},{"lat":28.9845737,"lon":54.6378413},{"lat":28.9848904,"lon":54.6374256},{"lat":28.9852752,"lon":54.6372378},{"lat":28.9860683,"lon":54.6371305},{"lat":28.9871757,"lon":54.636991},{"lat":28.987862,"lon":54.6356351},{"lat":28.9887547,"lon":54.6349659},{"lat":28.9903337,"lon":54.6335953},{"lat":28.9905636,"lon":54.6332252},{"lat":28.9918926,"lon":54.6323267},{"lat":28.9926305,"lon":54.6315676},{"lat":28.9950352,"lon":54.6284616},{"lat":28.995617,"lon":54.6274209},{"lat":28.9965226,"lon":54.6265626},{"lat":28.9966914,"lon":54.6261382},{"lat":28.9969211,"lon":54.6249521},{"lat":28.9969916,"lon":54.6242231},{"lat":28.9971794,"lon":54.6237516},{"lat":28.9974199,"lon":54.6227739},{"lat":28.997285,"lon":54.6211633},{"lat":28.9974657,"lon":54.6205813},{"lat":28.9974774,"lon":54.6192375},{"lat":28.9977096,"lon":54.6176952},{"lat":28.9980522,"lon":54.6169818},{"lat":28.998268,"lon":54.6160913},{"lat":28.9986281,"lon":54.6157091},{"lat":28.9991008,"lon":54.6156916},{"lat":28.9993236,"lon":54.6155494},{"lat":28.9996849,"lon":54.6149714},{"lat":29.0001353,"lon":54.6146241},{"lat":29.0008203,"lon":54.6145195},{"lat":29.0015147,"lon":54.6141815},{"lat":29.0017305,"lon":54.6134734},{"lat":29.0017211,"lon":54.6126687},{"lat":29.0010268,"lon":54.6113491},{"lat":29.0010396,"lon":54.6108572},{"lat":29.0012776,"lon":54.6100005},{"lat":29.0016284,"lon":54.6094678},{"lat":29.002181,"lon":54.60886},{"lat":29.002944,"lon":54.6082466},{"lat":29.0034067,"lon":54.6074078},{"lat":29.0038184,"lon":54.6071595},{"lat":29.0042999,"lon":54.6068229},{"lat":29.0044201,"lon":54.6065131},{"lat":29.0046981,"lon":54.6062046},{"lat":29.0055074,"lon":54.6053088},{"lat":29.0063002,"lon":54.602766},{"lat":29.0072514,"lon":54.6018795},{"lat":29.0079117,"lon":54.6008107},{"lat":29.0086518,"lon":54.6002085},{"lat":29.0090166,"lon":54.59966},{"lat":29.0100368,"lon":54.5988602},{"lat":29.0101999,"lon":54.5987264},{"lat":29.0108228,"lon":54.5976591},{"lat":29.0114795,"lon":54.5967954},{"lat":29.0115171,"lon":54.5963609},{"lat":29.0116015,"lon":54.5959425},{"lat":29.0123052,"lon":54.5948267},{"lat":29.0162083,"lon":54.5911574},{"lat":29.0199102,