{"elements":[{"type":"way","id":1353676568,"bounds":{"minlat":27.9514553,"minlon":54.4066572,"maxlat":27.9791658,"maxlon":54.5316851},"nodes":[12526455230,12526455231,12526455232,12526455233,12526455234,12526455235,12526455236,13673848092,12526455237,12526455238,12526455239,12526455240,12526455241,12526455242,12526455243,12526455244,12526455245,12526455246,12526455247,12526455248,12526455249,12526455250,12526455251,12526455252,12526455253,12526455254,12526455255,12526455256,12526455257,12526455258,12526455259,12526455260,12526455261,12526455262,12526455263,12526455264,12526455265,12526455266,12526455267,12526455268,12526455269,12526455270,12526455271,12526455272,12526455273,12526455274,12526455275,12526455276,12526455277,12526455278,12526455279,12526455280,12526455281,12526455282,12526455283,12526455284,13673848159,12526455285,12526455286,12526455287,12526455288,12526455289,12526455290,12526455291,12526455292,12526455293,12526455294,12526455295,12526455296,12526455297,12526455298,12526455299,12526455300,12526455301,12526455302,12526455303,12526455304,12526455305,12526455306,12526455307,12526455308,12526455309,12526455310,12526455311,12526455312,12526455313,12526455314,12526455315,12526455316,12526455317,12526455318,12526455319,12526455320,12526455321,12526455322,12526455323,12526455324,12526455325,12526455326,12526455327,12526455328,12526455329,12526455330,12526455331,12526455332,12526455333,12526455334,12526455335,12526455336,12526455337,12526455338,12526455339,12526455340,12526455341,12526455342,12526455343,12526455344,12526455345,12526455346,12526455347,12526455348,12526455349,12526455350,12526455351,12526455352,12526455353,12526455354,12526455355,12526455356,12526455357,12526455358,12526455359,12526455360,12526455361,12526455362,12526455363,12526455364,12526455365,12526455366,12526455367,12526455368,12526455369,12526455370,12526455371,12526455372,12526455373,12526455374,12526455375,12526455376,12526455377,12526455378,12526455379,12526455380,12526455381,12526455382,12526455383,12526455384,12526455385,12526455386,12526455387,12526455388,12526455389,12526455390,12526455391,12526455392,12526455393,12526455394,12526455395,12526455396,12526455397,12526455398,12526455399,12526455400,12526455401,12526455402,12526455403,12526455404,12526455405,12526455406,12526455407,12526455408,12526455409,12526455410,12526455411,12526455412,12526455413,12526455414,12526455415,12526455416,12526455417,12526455418,12526455419,12526455420,12526455421,13673848369,12526455422,12526455423,12526455424,12526455425],"geometry":[{"lat":27.9520358,"lon":54.5316851},{"lat":27.9518796,"lon":54.5313217},{"lat":27.9517603,"lon":54.5310934},{"lat":27.9518019,"lon":54.5308402},{"lat":27.9518313,"lon":54.5298425},{"lat":27.9517107,"lon":54.5286828},{"lat":27.9514553,"lon":54.5277189},{"lat":27.9514755,"lon":54.52752},{"lat":27.9515085,"lon":54.5271948},{"lat":27.9522694,"lon":54.5257731},{"lat":27.9525993,"lon":54.5251406},{"lat":27.9526047,"lon":54.5245924},{"lat":27.9523386,"lon":54.5233575},{"lat":27.952296,"lon":54.5228515},{"lat":27.9524237,"lon":54.5222009},{"lat":27.9525781,"lon":54.5205081},{"lat":27.9527217,"lon":54.5202129},{"lat":27.9535306,"lon":54.5189418},{"lat":27.9535146,"lon":54.5182972},{"lat":27.9532006,"lon":54.5167671},{"lat":27.9532166,"lon":54.5160442},{"lat":27.9530676,"lon":54.5155744},{"lat":27.9524557,"lon":54.5145864},{"lat":27.9522535,"lon":54.5140683},{"lat":27.9523173,"lon":54.513243},{"lat":27.9529293,"lon":54.5122732},{"lat":27.9532539,"lon":54.5116346},{"lat":27.9534827,"lon":54.5111226},{"lat":27.9535731,"lon":54.5093635},{"lat":27.9536636,"lon":54.5087973},{"lat":27.9537966,"lon":54.5082189},{"lat":27.9535678,"lon":54.5077732},{"lat":27.9529239,"lon":54.5066165},{"lat":27.9520885,"lon":54.5046105},{"lat":27.9519768,"lon":54.5041587},{"lat":27.9520885,"lon":54.5035804},{"lat":27.9526619,"lon":54.50281},{"lat":27.9531102,"lon":54.5018997},{"lat":27.9530357,"lon":54.5011949},{"lat":27.9526951,"lon":54.5003575},{"lat":27.9525674,"lon":54.5000563},{"lat":27.9526579,"lon":54.4996888},{"lat":27.9528069,"lon":54.4993093},{"lat":27.953206,"lon":54.498984},{"lat":27.9539563,"lon":54.4986045},{"lat":27.9543713,"lon":54.4982732},{"lat":27.9543554,"lon":54.497737},{"lat":27.95435,"lon":54.4965141},{"lat":27.9543979,"lon":54.4955985},{"lat":27.9543234,"lon":54.4946648},{"lat":27.9543021,"lon":54.4941407},{"lat":27.9541212,"lon":54.4938515},{"lat":27.9538286,"lon":54.4932672},{"lat":27.9537328,"lon":54.4924901},{"lat":27.953786,"lon":54.4913696},{"lat":27.9538019,"lon":54.4903154},{"lat":27.9538099,"lon":54.4899963},{"lat":27.9538286,"lon":54.4892491},{"lat":27.9540361,"lon":54.4880985},{"lat":27.9544245,"lon":54.4876587},{"lat":27.954962,"lon":54.4868636},{"lat":27.9552121,"lon":54.4862491},{"lat":27.9550631,"lon":54.4855985},{"lat":27.9550205,"lon":54.4850021},{"lat":27.9552174,"lon":54.483966},{"lat":27.9552972,"lon":54.4831527},{"lat":27.9557548,"lon":54.4825563},{"lat":27.9558772,"lon":54.4822792},{"lat":27.9561858,"lon":54.4815142},{"lat":27.9565956,"lon":54.4809298},{"lat":27.9566754,"lon":54.4807672},{"lat":27.9566434,"lon":54.4805202},{"lat":27.9564891,"lon":54.480213},{"lat":27.9563135,"lon":54.4796587},{"lat":27.9562603,"lon":54.4791166},{"lat":27.9560262,"lon":54.4788515},{"lat":27.9559304,"lon":54.4785925},{"lat":27.9559623,"lon":54.4783033},{"lat":27.9562444,"lon":54.4776467},{"lat":27.9563029,"lon":54.4773455},{"lat":27.9564998,"lon":54.476719},{"lat":27.9567978,"lon":54.4759539},{"lat":27.9571968,"lon":54.4749238},{"lat":27.9573086,"lon":54.4743576},{"lat":27.9575267,"lon":54.4736407},{"lat":27.9576917,"lon":54.4730624},{"lat":27.9578141,"lon":54.4727009},{"lat":27.9580535,"lon":54.4724238},{"lat":27.9583089,"lon":54.4722973},{"lat":27.9586495,"lon":54.4721527},{"lat":27.9587931,"lon":54.4717913},{"lat":27.9590911,"lon":54.4713937},{"lat":27.959719,"lon":54.4713033},{"lat":27.9600436,"lon":54.4711949},{"lat":27.9601553,"lon":54.470978},{"lat":27.9603894,"lon":54.4704178},{"lat":27.9612461,"lon":54.4692371},{"lat":27.9615334,"lon":54.4689299},{"lat":27.9618314,"lon":54.4685383},{"lat":27.9619378,"lon":54.4682732},{"lat":27.9621772,"lon":54.4668214},{"lat":27.9623422,"lon":54.4663395},{"lat":27.9625018,"lon":54.4659058},{"lat":27.9627891,"lon":54.4652913},{"lat":27.9628423,"lon":54.4648214},{"lat":27.9631403,"lon":54.4642853},{"lat":27.9632786,"lon":54.4639359},{"lat":27.9630765,"lon":54.4633034},{"lat":27.9629754,"lon":54.4630323},{"lat":27.9627891,"lon":54.4626287},{"lat":27.9628956,"lon":54.4622973},{"lat":27.9631297,"lon":54.4618395},{"lat":27.9632042,"lon":54.4615323},{"lat":27.9635074,"lon":54.461207},{"lat":27.9639118,"lon":54.4605142},{"lat":27.9639225,"lon":54.4602491},{"lat":27.9640236,"lon":54.4596287},{"lat":27.9639278,"lon":54.4593516},{"lat":27.9635979,"lon":54.4591166},{"lat":27.9633106,"lon":54.4587612},{"lat":27.9630977,"lon":54.4585564},{"lat":27.9630232,"lon":54.4583455},{"lat":27.9631829,"lon":54.4581347},{"lat":27.9637149,"lon":54.4578997},{"lat":27.9639278,"lon":54.4576889},{"lat":27.9641406,"lon":54.4574359},{"lat":27.9642045,"lon":54.4571106},{"lat":27.964529,"lon":54.4567311},{"lat":27.9647791,"lon":54.4564299},{"lat":27.9648323,"lon":54.4562371},{"lat":27.965093,"lon":54.4557552},{"lat":27.9648589,"lon":54.4553877},{"lat":27.9646142,"lon":54.4551347},{"lat":27.9642736,"lon":54.4548455},{"lat":27.9641566,"lon":54.4544841},{"lat":27.96438,"lon":54.4539178},{"lat":27.9644599,"lon":54.4536648},{"lat":27.9646408,"lon":54.4531528},{"lat":27.9649866,"lon":54.4527371},{"lat":27.9650717,"lon":54.4525082},{"lat":27.9651675,"lon":54.4515745},{"lat":27.9653218,"lon":54.4509841},{"lat":27.9654921,"lon":54.4504299},{"lat":27.9654921,"lon":54.4501407},{"lat":27.9653112,"lon":54.4495202},{"lat":27.9654123,"lon":54.4491467},{"lat":27.9654974,"lon":54.4486407},{"lat":27.9657262,"lon":54.4475564},{"lat":27.9658592,"lon":54.4465986},{"lat":27.965923,"lon":54.4461648},{"lat":27.9658326,"lon":54.44546},{"lat":27.965806,