{"elements":[{"type":"way","id":629998012,"bounds":{"minlat":26.5180584,"minlon":54.2384149,"maxlat":26.8050342,"maxlon":54.7083253},"nodes":[5949478398,5949478397,5949478396,1351901409,1351901191,5949478395,4772067903,5949478394,4772067904,1351901733,5949478392,5949478391,5949478393,5949478389,5949478390,5949478388,1351901361,4772067902,1351901133,1351901453,5949478387,4772067900,4772067901,4008124449,5949478386,5949478385,11349761598,1351901422,5949478284,5949478283,4008124448,5949478282,4772067899,5949478281,1351901197,5949478278,5949478279,5949478280,5949478276,5949478277,5949478275,5949478274,4772067898,5949478273,1351901581,5949478268,5949478269,5949478271,5949478270,5949478272,5949478264,5949478266,5949478265,5949478267,5949478263,5949478262,4772067897,5949478261,1351901281,5949478258,5949478259,5949478257,5949478260,5949478255,5949478256,5949478253,1351901374,5949478254,4772067895,5949478252,4772067894,5949478251,4772067896,5949478246,1351901149,5949478247,5949478249,5949478248,5949478250,5949478243,5949478245,5949478244,2082577061,5949478241,5949478242,5949478240,2082577062,5949478233,5949478234,2082577093,2082577060,5949478224,5949478225,5949478226,5949478223,5949478222,5949478221,4772062451,5949478220,4772062452,1351901710,5949478216,5949478217,5949478215,5949478218,5949478214,5949478213,5949478219,5949478211,5949478212,1351901351,4772062449,4772062450,1351901327,1351901824,5949478210,1351901402,4772062448,4008124447,1351901185,4772062447,4772062445,4772062446,1351901714,4772062444,1351901353,4772062443,4008124446,4772062442,1351901125,4772062441,4772062440,1351901434,1351901406,4772062439,4772062438,4772062437,1351901188,4772062436,4772062435,1351901555,1351901269,4772062434,4772062433,1351901368,4772062432,4772062431,1351901141,4772062430,12506307422,4772062427,4772062429,4772062426,4772062428,1351901466,12506307419,10098951440,2752329270,10098951474,1351901222,4772062425,4772062424,4772062423,1351901207,4772062422,1351901604,4772062421,1351901293,4772062320,1351901751,1351901480,3223573740,1351901228,1351901637,1351901310,4772062319,1351901298,4772062318,4772062317,1351901760,4772062316,4772062315,13431128420,13431128414,13431128415,1351901706,4772062314,1351901136,5949477463,4772062313,1351901730,5949477462,1351901129,1351901159,1351901267,1351901244,1351901667,1351901329,1351901826,10098997325,1351901206,1351901601,1351901292,1351901749,1351901712,5949477460,5949477461,5949477459,1351901352,5949477453,5949477454,5949477455,5949477456,5949477457,5949477458,5949477451,5949477452,5949477450,1351901645,5949477448,5949477449,5949477447,11349755868,1351901317,1351901802,2203807218,10099014714,1351901769,2203807217,1351901377,4949303752,4949303741,4949303754,2203807214,4949303765,4949303755,1351901152,2203807213,10099014703,2203807215,10099014683,1351901487,1351901683,1351901339,1351901851,1351901418,1351901393,1351901174,1351901528,1351901255,1351901862,1351901427,1351901202,5379467162,1351901588,5379466740,5379467166,5379467038,1351901547,5379467167,5379467168,1351901264,8584322964,1351901703,11349755843,1351901348,11349755847,1351901458,5379467191,1351901217,5949477424,5949477426,5949477425,5379467194,5949477427,5949477428,5379467193,5949477429,5949477430,5949477432,5949477431,5379467192,5949477435,5949477437,5949477436,1351901405,5949477438,5949477439,5949477434,1863150424,5949477433,5949477441,5949477442,5949477440,1863150425,5949477443,1863150426,5949477445,5949477444,5949477446,2203807188,1863150427,8584332231,2203807187,8584332233,7580799434,10099053073,2203807186,10099053050,1863150428,7033491190,1863150429,7033491213,7033491215,7033491189,2203807171,7033491237,1863150431,7033491238,1863150445,10032775125,10032775124],"geometry":[{"lat":26.8050342,"lon":54.2384149},{"lat":26.8049849,"lon":54.2393846},{"lat":26.8049027,"lon":54.2403973},{"lat":26.8048051,"lon":54.2413885},{"lat":26.8042317,"lon":54.2452638},{"lat":26.8040947,"lon":54.2458475},{"lat":26.8038596,"lon":54.2464075},{"lat":26.8037201,"lon":54.246647},{"lat":26.8035269,"lon":54.2468633},{"lat":26.8032435,"lon":54.2471659},{"lat":26.8028676,"lon":54.2474556},{"lat":26.8026019,"lon":54.2475998},{"lat":26.8023307,"lon":54.2477379},{"lat":26.802113,"lon":54.24783},{"lat":26.8018637,"lon":54.2479389},{"lat":26.8016254,"lon":54.2480862},{"lat":26.8013993,"lon":54.2482502},{"lat":26.800939,"lon":54.2486357},{"lat":26.8001483,"lon":54.2494102},{"lat":26.7994978,"lon":54.2500265},{"lat":26.7992218,"lon":54.2503464},{"lat":26.799031,"lon":54.2505975},{"lat":26.798909,"lon":54.2508795},{"lat":26.7988188,"lon":54.2511981},{"lat":26.7983809,"lon":54.2534213},{"lat":26.7981179,"lon":54.2550631},{"lat":26.7979829,"lon":54.25592},{"lat":26.7978615,"lon":54.2566906},{"lat":26.797707,"lon":54.2575857},{"lat":26.7976358,"lon":54.2580491},{"lat":26.7975877,"lon":54.2584676},{"lat":26.7975783,"lon":54.2587856},{"lat":26.7975758,"lon":54.2591031},{"lat":26.797592,"lon":54.2593901},{"lat":26.7976248,"lon":54.2596968},{"lat":26.7978604,"lon":54.2609522},{"lat":26.7981042,"lon":54.2623362},{"lat":26.7985808,"lon":54.2651196},{"lat":26.7988383,"lon":54.2665098},{"lat":26.7990821,"lon":54.2678876},{"lat":26.7993314,"lon":54.2692932},{"lat":26.7994615,"lon":54.2699974},{"lat":26.7995829,"lon":54.2706683},{"lat":26.7996381,"lon":54.2712158},{"lat":26.7996849,"lon":54.2717077},{"lat":26.7997231,"lon":54.2722914},{"lat":26.7997669,"lon":54.272945},{"lat":26.7998381,"lon":54.2742309},{"lat":26.7999066,"lon":54.2755136},{"lat":26.7999751,"lon":54.276692},{"lat":26.8000175,"lon":54.2773073},{"lat":26.8000586,"lon":54.2779579},{"lat":26.800097,"lon":54.2785993},{"lat":26.8001346,"lon":54.2791931},{"lat":26.8002079,"lon":54.2804467},{"lat":26.8002394,"lon":54.2810359},{"lat":26.8002573,"lon":54.2816781},{"lat":26.8002586,"lon":54.2822251},{"lat":26.800245,"lon":54.2827466},{"lat":26.8001915,"lon":54.2839099},{"lat":26.8001202,"lon":54.2850453},{"lat":26.8000435,"lon":54.2861547},{"lat":26.7999778,"lon":54.2872272},{"lat":26.7999162,"lon":54.2884102},{"lat":26.799834,"lon":54.2895273},{"lat":26.7997833,"lon":54.2905722},{"lat":26.7997243,"lon":54.2915366},{"lat":26.7996669,"lon":54.2924074},{"lat":26.7996021,"lon":54.293028},{"lat":26.7995039,"lon":54.293575},{"lat":26.7993814,"lon":54.2939925},{"lat":26.7992245,"lon":54.2944236},{"lat":26.7990077,"lon":54.2948614},{"lat":26.7987835,"lon":54.2952429},{"lat":26.7985456,"lon":54.2956354},{"lat":26.7982576,"lon":54.2961083},{"lat":26.7979508,"lon":54.2966055},{"lat":26.797644,"lon":54.2971118},{"lat":26.7973482,"lon":54.2975967},{"lat":26.7970359,"lon":54.2981031},{"lat":26.7967538,"lon":54.2985695},{"lat":26.7964552,"lon":54.2990574},{"lat":26.7961441,"lon":54.2995659},{"lat":26.7956553,"lon":54.3003617},{"lat":26.7951485,"lon":54.3011964},{"lat":26.7946473,"lon":54.3020557},{"lat":26.7941422,"lon":54.302869},{"lat":26.7937665,"lon":54.3034907},{"lat":26.793679,"lon":54.3036392},{"lat":26.7931512,"lon":54.3045042},{"lat":26.7928719,"lon":54.304965},{"lat":26.7922312,"lon":54.3060589},{"lat":26.7915546,"lon":54.3071652},{"lat":26.7901931,"lon":54.3094423},{"lat":26.7887152,"lon":54.3118497},{"lat":26.7879687,"lon":54.3130803},{"lat":26.787592,"lon":54.3136972},{"lat":26.7872057,"lon":54.3142671},{"lat":26.7869783,"lon":54.314558},{"lat":26.7867312,"lon":54.3148328},{"lat":26.7862688,"lon":54.3152767},{"lat":26.7857826,"lon":54.3156689},{"lat":26.7852566,"lon":54.3160831},{"lat":26.7847443,"lon":54.316476},{"lat":26.7841936,"lon":54.3169025},{"lat":26.7831197,"lon":54.3177403},{"lat":26.7825718,"lon":54.3181515},{"lat":26.7820759,"lon":54.3185566},{"lat":26.7810376,"lon":54.3193453},{"lat":26.7799746,"lon":54.3201739},{"lat":26.7778383,"lon":54.321838},{"lat":26.7775381,"lon":54.3221707},{"lat":26.7772866,"lon":54.3225588},{"lat":26.7770997,"lon":54.322981},{"lat":26.7752258,"lon":54.327158},{"lat":26.7745884,"lon":54.3286499},{"lat":26.7738888,"lon":54.3302117},{"lat":26.7734042,"lon":54.3311145},{"lat":26.7728815,"lon":54.3317703},{"lat":26.7710197,