{"elements":[{"type":"way","id":1100884882,"bounds":{"minlat":28.7438117,"minlon":58.0399327,"maxlat":28.7805313,"maxlon":58.0455091},"nodes":[10075382238,10075382256,10075382257,10075382258,10075382259,10075382260,10075382261,10075382262,10075382263,10075382264,10075382265,10075382266,10075382267,10075382268,10075382269,10075382270,10075382271,10075382272,10075382273,10075382274,10075382275,10075382276,10075382277,10075382278,10075382279,10075382280,10075382281,10075382282,10075382283,10075382284,10075382285,10075382286,10075382287,10075382288,10075382289,10075382290,10075382291,10075382292,10075382293,10075382294,10075382295,10075382296,10075382297,10075382298,10075382299,10075382300,10075382301,10075382302,10075382303,10075382304,10075382305,10075382306,10075382307,10216030374,10216030375,10216030376,10216030377,10216030378,10216030379,10216030380,10216030381,10216030382,10216030383,10216030384,10216030385,10216030386,10216030387,10216030388,10216030389,10216030390,10216030391,10216030392,10216030393,10216030394,10216030395,10216030396,10216030397,10216030398,10216030399,10216030400,10216030401,10216030402,10216030403,10216030404,10216030405,10216030406,10216030407,10216030408,10216030409,10216030410,10216030411,10216030412,10216030413,10216030414,10216030415,10216030416,10216030373,10216030417,10216030418,10216030419,10216030420,10216030421,10216030422,10216030423,10216030424,10216030425,10216030426,10216030447,10216030427,10216030428,10216030429,10216030430,10216030431,10216030432,10216030433,10216030434,10216030435,10216030436,10216030437,10216030438,10216030439,10216030440,10216030441,10216030442,10216030443,10216030444,10216030445,10216030446,10218751666,10218751667,10218751668,10218751669,10218751670,10218751671,10218751672,10218751673,10218751674,10218751675,10218751676,10218751677,10218751678,10218751679,10218751680,10218751681,10218751682,10218751683,10218751684,10218751685,10218751686,10218751687,10218751688,10218751689,10218751690,10218751691,10218751692,10218751693,10218751694,10218751695,10218751696,10218751697,10218751698,10218751699,10218751700,10218751701,10218751702,10218751703,10218751704,10218751705,10218751706,10218751707,10218751708,10218751709,10218751710,10218751711,10218751712,10218751713,10218751714,10218751715,10218751716,10218790017,10218790018,10218790019,10218790020,10218790021,10218790022,10218790023,10218790024,10218790025,10218790026,10218790027,10218790028,10218790029,10218790030,10218790031,10218790032,10218790033,10218790034,10218790035,10218790036,10218790037,10218790038,10218790039,10218790040,10218790041,10218790042,10218790043,10218790044,10218790045,10218790046,10218790047,10218790048,10218790049,10218790050,10218790051,10218790052,10218790053,10218790054,10218790055,10218790056,10218790057,10218790058,10218790059,10218790060],"geometry":[{"lat":28.7805313,"lon":58.0402317},{"lat":28.7805153,"lon":58.0401711},{"lat":28.7804654,"lon":58.0401205},{"lat":28.7804194,"lon":58.0400965},{"lat":28.779972,"lon":58.0399327},{"lat":28.7799047,"lon":58.0399327},{"lat":28.7798696,"lon":58.0399374},{"lat":28.7797858,"lon":58.0399775},{"lat":28.7796866,"lon":58.0400306},{"lat":28.7796307,"lon":58.0400554},{"lat":28.779579,"lon":58.0400672},{"lat":28.7795025,"lon":58.0400801},{"lat":28.7794384,"lon":58.0401014},{"lat":28.7793919,"lon":58.040125},{"lat":28.7792874,"lon":58.0401922},{"lat":28.7791944,"lon":58.0402323},{"lat":28.7790682,"lon":58.0402347},{"lat":28.7788842,"lon":58.0402005},{"lat":28.7783113,"lon":58.040191},{"lat":28.7781128,"lon":58.0401686},{"lat":28.777421,"lon":58.0402866},{"lat":28.7760168,"lon":58.0404801},{"lat":28.774869,"lon":58.0403597},{"lat":28.7742455,"lon":58.0403633},{"lat":28.773898,"lon":58.0404612},{"lat":28.7728485,"lon":58.0405815},{"lat":28.7724369,"lon":58.0406087},{"lat":28.7718371,"lon":58.0404612},{"lat":28.7710915,"lon":58.0404317},{"lat":28.7706283,"lon":58.0404659},{"lat":28.7703718,"lon":58.0404978},{"lat":28.7700254,"lon":58.0406028},{"lat":28.7699302,"lon":58.0406075},{"lat":28.7695466,"lon":58.0405709},{"lat":28.7693501,"lon":58.040598},{"lat":28.7691826,"lon":58.0406936},{"lat":28.7690523,"lon":58.0407313},{"lat":28.7689458,"lon":58.0407431},{"lat":28.7688362,"lon":58.040716},{"lat":28.76862,"lon":58.0405544},{"lat":28.7685156,"lon":58.0405261},{"lat":28.7682271,"lon":58.0404966},{"lat":28.768164,"lon":58.0405001},{"lat":28.7681061,"lon":58.0405119},{"lat":28.7677917,"lon":58.040657},{"lat":28.7677162,"lon":58.0406712},{"lat":28.767528,"lon":58.0406016},{"lat":28.7673718,"lon":58.0406028},{"lat":28.7672829,"lon":58.040644},{"lat":28.7671433,"lon":58.0407951},{"lat":28.7669644,"lon":58.0409284},{"lat":28.7668589,"lon":58.040985},{"lat":28.7661805,"lon":58.0411266},{"lat":28.7659991,"lon":58.0411376},{"lat":28.7657506,"lon":58.0411188},{"lat":28.7655484,"lon":58.0411636},{"lat":28.765394,"lon":58.0411394},{"lat":28.7653274,"lon":58.0411287},{"lat":28.765137,"lon":58.0410008},{"lat":28.7650312,"lon":58.0410017},{"lat":28.7648125,"lon":58.0410384},{"lat":28.764731,"lon":58.0410473},{"lat":28.7645625,"lon":58.0409758},{"lat":28.7644959,"lon":58.040974},{"lat":28.7644535,"lon":58.0409749},{"lat":28.7643752,"lon":58.0410098},{"lat":28.7642302,"lon":58.0410232},{"lat":28.7641087,"lon":58.0410321},{"lat":28.7640342,"lon":58.0410232},{"lat":28.7639668,"lon":58.0410554},{"lat":28.7638391,"lon":58.0411421},{"lat":28.7636729,"lon":58.0412199},{"lat":28.7635734,"lon":58.0412521},{"lat":28.7628124,"lon":58.0416133},{"lat":28.7626799,"lon":58.0417009},{"lat":28.7626321,"lon":58.0417232},{"lat":28.7625482,"lon":58.0417536},{"lat":28.7624244,"lon":58.0417662},{"lat":28.7621407,"lon":58.0418118},{"lat":28.7618421,"lon":58.0418171},{"lat":28.76148,"lon":58.0418569},{"lat":28.7611094,"lon":58.0419741},{"lat":28.7609743,"lon":58.0419763},{"lat":28.7608923,"lon":58.0420303},{"lat":28.7607891,"lon":58.042169},{"lat":28.7606414,"lon":58.0423715},{"lat":28.7605652,"lon":58.0424761},{"lat":28.7603587,"lon":58.042683},{"lat":28.7602699,"lon":58.0427788},{"lat":28.7602198,"lon":58.0428745},{"lat":28.7601947,"lon":58.0429703},{"lat":28.7601725,"lon":58.0430374},{"lat":28.7601406,"lon":58.0430771},{"lat":28.7600963,"lon":58.0430815},{"lat":28.76002,"lon":58.0430837},{"lat":28.7598328,"lon":58.0430561},{"lat":28.7597195,"lon":58.0430662},{"lat":28.7594739,"lon":58.0431343},{"lat":28.7589248,"lon":58.0434084},{"lat":28.758726,"lon":58.0435405},{"lat":28.7585658,"lon":58.0437012},{"lat":28.7585398,"lon":58.0437177},{"lat":28.7584983,"lon":58.0437111},{"lat":28.7584047,"lon":58.0437012},{"lat":28.758122,"lon":58.0438013},{"lat":28.757653,"lon":58.0439676},{"lat":28.7575719,"lon":58.0439841},{"lat":28.7574967,"lon":58.0439742},{"lat":28.7573027,"lon":58.0439488},{"lat":28.757158,"lon":58.0439521},{"lat":28.7571145,"lon":58.0439753},{"lat":28.7570537,"lon":58.0440325},{"lat":28.7570219,"lon":58.0441404},{"lat":28.7569756,"lon":58.0443682},{"lat":28.756963,"lon":58.0444651},{"lat":28.7569929,"lon":58.0445553},{"lat":28.7570286,"lon":58.0447205},{"lat":28.7570325,"lon":58.0448239},{"lat":28.7569968,"lon":58.0448514},{"lat":28.7569669,"lon":58.0448448},{"lat":28.756467,"lon":58.0444288},{"lat":28.7563618,"lon":58.0444177},{"lat":28.7561669,"lon":58.0444596},{"lat":28.7559392,"lon":58.0444475},{"lat":28.7555937,"lon":58.0444937},{"lat":28.7554075,"lon":58.0444255},{"lat":28.755366,"lon":58.0444222},{"lat":28.7553226,"lon":58.0444354},{"lat":28.7550962,"lon":58.0446696},{"lat":28.7550458,"lon":58.0447252},{"lat":28.7549837,"lon":58.0447482},{"lat":28.7548072,"lon":58.0447597},{"lat":28.7547568,"lon":58.0447731},{"lat":28.7546879,"lon":58.0448019},{"lat":28.7545771,"lon":58.0448632},{"lat":28.7544846,"lon":58.0448977},{"lat":28.7542629,"lon":58.044892},{"lat":28.7540377,"lon":58.0448153},{"lat":28.753947,"lon":58.0447348},{"lat":28.7539067,"lon":58.0446946},{"lat":28.7537538,"lon":58.0444952},{"lat":28.7537118,"lon":58.0444167},{"lat":28.7536227,"lon":58.0444071},{"lat":28.7535169,"lon":58.0444397},{"lat":28.7534446,