{"elements":[{"type":"way","id":1042353442,"bounds":{"minlat":28.0512526,"minlon":58.0330307,"maxlat":28.3450444,"maxlon":58.0794344},"nodes":[9595213958,9595213957,9595213956,9595213955,9595213954,9595213953,9595213952,9595213951,9595213950,9595213949,9595213948,9595213947,9595213946,9595213945,9595213944,9595213943,9595213942,9595213941,9595213940,9595213939,9595213938,9595213937,9595213936,9595213935,9595213934,9595213933,9595213932,9595213931,9595213930,9595213929,9595213928,9595213927,9595213926,9595213925,9595213924,9595213923,9595213922,9595213921,9595213920,9595213919,9595213918,9595213917,9595213916,9595213915,9595213914,9595213913,9595213912,9595213911,9595213910,9595213909,9595213908,9595213907,9595213906,9595213905,9595213904,9595213903,9595213902,9595213901,9595213900,9595213899,9595213898,9595213897,9595213896,9595213895,9595213894,9595213893,9595213892,9595213891,9595213890,9595213889,9595213888,9595213887,9595213886,9595213885,9595213884,9595213883,9595213882,9595213881,9595213880,9595213879,9595213878,9595213877,9595213876,9595213875,9595213874,9595213873,9595213872,9595213871,9595213870,9595213869,9595213868,9595213867,9595213866,9595213865,9595213864,9595213863,9595213862,9595213861,9595213860,9595213859,9595213858,9595213857,9595213856,9595213855,9595213854,9595213853,9595213852,9595213851,9595213850,9595213849,9595213848,9595213847,9595213846,9595213845,9595213844,9595213843,9595213842,9595213841,9595213840,9595213839,9595213838,9595213837,9595213836,9595213835,9595213834,9595213833,9595213832,9595213831,9595213830,9595213829,9595213828,9595213827,9595213826,9595213825,9595213824,9595213823,9595213822,9595213821,9595213820,9595213819,9595213818,9595213817,9595213816,9595213815,9595213814,9595213813,9595213812,9595213811,9595213810,9595213809,9595213808,9595213807,9595213806,9595213805,9595213804,9595213803,9595213802,9595213801,9595213800,9595213799,9595213798,10123982269,9595213797,9595213796,9595213795,9595213794,9595213793,9595213792,9595213791,9595213790,9595213759,9595213760,9595213761,9595213762,9595213763,9595213764,9595213765,9595213766,9595213767,9595213768,9595213769,9595213770,9595213771,9595213772,9595214304,9595214305,9595214306,9595214307,9595214308,9595214309,9595214310,9595214311,9595214312,9595214313,9595214314,9595214315,9595214316,9595214317,9595214318,9595214319,9595214320,9595214321,9595214322,9595214411,9595214323,9595214324,9595214325,9595214326,9595214327,9595214328,9595214329,9595214330,9595214331,9595214332,9595214333,9595214334,9595214335,9595214336,9595214337,9595214338,9595214339,9595214340,9595214341,9595214342,9595214343,9595214344,9595214345,9595214346,9595214347,9595214348,9595214349,9595214350,9595214386,9595214351,9595214352,9595214353,9595214354,9595214355,9595214356,9595214357,9595214358,9595214359,9595214360,9595214361,9595214362,9595214363,9595214364,9595214365,9595214366,9595214367,9595214368,9595214369,9595214370,9595214371,9595214372],"geometry":[{"lat":28.0512526,"lon":58.051038},{"lat":28.0536008,"lon":58.0506432},{"lat":28.056979,"lon":58.0499565},{"lat":28.0573728,"lon":58.0495789},{"lat":28.0581454,"lon":58.0494931},{"lat":28.0595845,"lon":58.0491669},{"lat":28.0603268,"lon":58.0489266},{"lat":28.0608721,"lon":58.0490124},{"lat":28.0619325,"lon":58.0493729},{"lat":28.0635382,"lon":58.0495446},{"lat":28.0645531,"lon":58.0497162},{"lat":28.0653862,"lon":58.0499565},{"lat":28.0683551,"lon":58.0494244},{"lat":28.0687489,"lon":58.0497505},{"lat":28.0696275,"lon":58.0496819},{"lat":28.0699153,"lon":58.0494931},{"lat":28.0701273,"lon":58.0490982},{"lat":28.0708998,"lon":58.0487206},{"lat":28.0723236,"lon":58.0483601},{"lat":28.0735353,"lon":58.0476734},{"lat":28.0740957,"lon":58.0471756},{"lat":28.0748833,"lon":58.0471241},{"lat":28.0769432,"lon":58.0463517},{"lat":28.0778368,"lon":58.0456478},{"lat":28.0794271,"lon":58.0456135},{"lat":28.0807599,"lon":58.0455963},{"lat":28.0819867,"lon":58.0454418},{"lat":28.0833498,"lon":58.0453389},{"lat":28.0851217,"lon":58.044944},{"lat":28.0880295,"lon":58.0444119},{"lat":28.089347,"lon":58.0442402},{"lat":28.0913915,"lon":58.0445835},{"lat":28.0926484,"lon":58.0447552},{"lat":28.0946928,"lon":58.0446007},{"lat":28.0954046,"lon":58.0444805},{"lat":28.0968129,"lon":58.0437939},{"lat":28.0980243,"lon":58.0437596},{"lat":28.0997203,"lon":58.0439484},{"lat":28.1018857,"lon":58.0427811},{"lat":28.1038391,"lon":58.0421974},{"lat":28.1051262,"lon":58.0421974},{"lat":28.1068069,"lon":58.0417683},{"lat":28.1083059,"lon":58.0417683},{"lat":28.1099866,"lon":58.0413735},{"lat":28.1118036,"lon":58.0407555},{"lat":28.1135902,"lon":58.0408585},{"lat":28.1153314,"lon":58.0404465},{"lat":28.1166032,"lon":58.0402062},{"lat":28.1172391,"lon":58.0402748},{"lat":28.1193133,"lon":58.0410816},{"lat":28.1206153,"lon":58.0416825},{"lat":28.121236,"lon":58.0418026},{"lat":28.1238249,"lon":58.0416653},{"lat":28.1248089,"lon":58.0419571},{"lat":28.1255356,"lon":58.0424206},{"lat":28.1263077,"lon":58.0430214},{"lat":28.1268224,"lon":58.0432617},{"lat":28.1274734,"lon":58.0428326},{"lat":28.1282303,"lon":58.0420945},{"lat":28.1286845,"lon":58.0416481},{"lat":28.1286996,"lon":58.0408242},{"lat":28.1288813,"lon":58.0396054},{"lat":28.1291538,"lon":58.0386612},{"lat":28.1295928,"lon":58.0383694},{"lat":28.1317273,"lon":58.0367729},{"lat":28.1330292,"lon":58.0349705},{"lat":28.1344068,"lon":58.0337517},{"lat":28.1360871,"lon":58.0330307},{"lat":28.1374494,"lon":58.0330307},{"lat":28.1379792,"lon":58.0333569},{"lat":28.1397503,"lon":58.0342152},{"lat":28.1409461,"lon":58.0351078},{"lat":28.142702,"lon":58.0360176},{"lat":28.1437313,"lon":58.0362408},{"lat":28.1442156,"lon":58.0359833},{"lat":28.1457293,"lon":58.036155},{"lat":28.1476062,"lon":58.0365155},{"lat":28.1486354,"lon":58.0365326},{"lat":28.14971,"lon":58.0362923},{"lat":28.1507393,"lon":58.0362236},{"lat":28.1519501,"lon":58.0363266},{"lat":28.1533577,"lon":58.0367901},{"lat":28.1555523,"lon":58.0385754},{"lat":28.1591392,"lon":58.041734},{"lat":28.159911,"lon":58.0423004},{"lat":28.160244,"lon":58.0421631},{"lat":28.1607131,"lon":58.0422661},{"lat":28.1619541,"lon":58.0432274},{"lat":28.1632405,"lon":58.0436909},{"lat":28.163982,"lon":58.0444805},{"lat":28.1644512,"lon":58.044738},{"lat":28.1647539,"lon":58.044429},{"lat":28.1650414,"lon":58.0434334},{"lat":28.165223,"lon":58.0424034},{"lat":28.1657981,"lon":58.0421803},{"lat":28.1670541,"lon":58.0418885},{"lat":28.1684313,"lon":58.0424549},{"lat":28.1693998,"lon":58.0424721},{"lat":28.1714578,"lon":58.0424206},{"lat":28.1726533,"lon":58.0429528},{"lat":28.1737126,"lon":58.0440686},{"lat":28.1754528,"lon":58.0456993},{"lat":28.1785245,"lon":58.0488922},{"lat":28.1795232,"lon":58.0504544},{"lat":28.1800831,"lon":58.0510037},{"lat":28.181233,"lon":58.0515702},{"lat":28.1833988,"lon":58.0527812},{"lat":28.1846453,"lon":58.0538721},{"lat":28.185963,"lon":58.0550304},{"lat":28.1873044,"lon":58.0553536},{"lat":28.1881473,"lon":58.0555287},{"lat":28.1888476,"lon":58.0553132},{"lat":28.18937,"lon":58.0555556},{"lat":28.1899991,"lon":58.055596},{"lat":28.1901891,"lon":58.0557442},{"lat":28.1905927,"lon":58.0560944},{"lat":28.1918391,"lon":58.0563368},{"lat":28.1954833,"lon":58.056458},{"lat":28.1963617,"lon":58.0565388},{"lat":28.1975724,"lon":58.0563907},{"lat":28.2012164,"lon":58.0565523},{"lat":28.2026645,"lon":58.0565523},{"lat":28.2048484,"lon":58.0570237},{"lat":28.2065338,"lon":58.0578183},{"lat":28.2076139,"lon":58.0580338},{"lat":28.2086702,"lon":58.0581819},{"lat":28.209228,"lon":58.0584378},{"lat":28.2102724,"lon":58.0587341},{"lat":28.2107947,"lon":58.0585725},{"lat":28.2112575,"lon":58.0587341},{"lat":28.2115186,"lon":58.0587341},{"lat":28.2116729,"lon":58.0585995},{"lat":28.2119815,"lon":58.0585456},{"lat":28.2138211,"lon":58.0598116},{"lat":28.2142008,"lon":58.0605119},{"lat":28.21464,"lon":58.0608756},{"lat":28.2160048,"lon":58.0613604},{"lat":28.2164914,"lon":58.0619531},{"lat":28.2168593,"lon":58.0621955},{"lat":28.2172984,"lon":58.0621551},{"lat":28.2177375,