{"elements":[{"type":"way","id":71502163,"bounds":{"minlat":27.6974447,"minlon":57.9685989,"maxlat":27.9226118,"maxlon":58.1327823},"nodes":[13185518323,13185518322,13185518321,13185518320,13185518319,13185518318,13185518317,13185518316,13185518315,13185518314,13185518313,13185518312,13185518311,13185518310,13185518309,13185518308,13185518307,13185518306,13185518305,13185518304,13185518303,13185518302,13185518301,13185503700,13185503699,13185503698,13185503697,13185503696,13185503695,13185503694,13185503693,13185503692,13185503691,13185503690,13185503689,13185503688,13185503687,13185503686,13185503685,13185503684,13185503683,13185503682,13185503681,13185503680,13185503679,13185503678,13185503677,13185503676,13185503675,13185503674,13185503673,13185503672,13185503671,13185503670,13185503669,13185503668,13185503667,13185503666,13185503665,13185503664,13185503663,13185503662,13185503661,13185503660,13185503659,13185503658,13185503657,13185503656,13185503655,13185503654,13185503653,13185503652,13185503651,13185503650,13185503649,13185503648,13185503647,13185503646,13185503645,13185503644,13185503643,13185503642,13185503641,13185503640,13185503639,13185503638,13185503637,13185503636,13185503635,13185503634,13185503633,13185503632,13185503631,13185503630,13185503629,13185503628,13185503627,13185503626,13185503625,13185503624,13185501673,13185501672,13185501671,13185501670,13185501669,13185501668,13185501667,13185501666,13185501665,13185501664,13185501663,13185501662,13185501661,13185501660,13185501659,13185501658,13185501657,13185501656,13185501655,13185501654,13185501653,13185501652,13185501651,13185501650,13185501649,13185501648,13185501647,13185501646,13185501645,13185501644,13185501643,13185501642,13185501641,13185501640,13185501639,13185501638,13185501637,13185501636,13185501635,13185501634,13185501633,13185501632,13185501631,13185501630,13185501629,13185501628,13185501627,13185501626,13185501625,13185501624,13185501623,13185501622,13185501621,13185501620,13185501619,13185501618,13185501617,13185501616,13185501615,13185501614,13185501613,13185501612,13185501611,13185501610,13185501609,13185501608,13185501607,13185518330,13185501606,13185518324,13185501605,13185501604,13185501603,13185501602,13185501601,13185501600,13185501599,13185501598,13185501597,13185501596,13185501595,13185501594,13185501593,13185501592,13185501591,13185501590,13185501589,13185501588,13185501587,13185501586,850562833,850562834,5678374338,5678374332,850562836,5678374335,5678374344,5678374346,850562837,5678374327,5678374349,5678374336,5678406229,850562838,5678406296,5678406351,850562839,5678406256,5678406276,10682544631,5678406360,5678406257,5678406258,5678406293,5678406287,5678406237,5678406322,5678406342,5678406281,5678406273,5678406279,5678406309,5678406333,5678406280,5678406350,5678406294,5678406246,5678406271,5678406284,5678406310,5678406278,5678406230,5678406254,5678406338,5678406356,5678406347,5678406245,10823699360,5678406231,5678406359,5678406354,5678406357,5678406312,5678406323,5678406288,5678406233,5678406334,5678406300,5678406346,5678406339,850562854],"geometry":[{"lat":27.6974447,"lon":58.1327823},{"lat":27.6978398,"lon":58.1326366},{"lat":27.6985164,"lon":58.1324894},{"lat":27.6989193,"lon":58.1323922},{"lat":27.6994513,"lon":58.1322553},{"lat":27.7001632,"lon":58.1320653},{"lat":27.7006483,"lon":58.1319416},{"lat":27.7012781,"lon":58.1318267},{"lat":27.7019704,"lon":58.1316809},{"lat":27.7025728,"lon":58.1316146},{"lat":27.7034647,"lon":58.1315439},{"lat":27.7045873,"lon":58.1314777},{"lat":27.7051662,"lon":58.1314291},{"lat":27.7057882,"lon":58.1313849},{"lat":27.7064727,"lon":58.1313584},{"lat":27.7075601,"lon":58.1312877},{"lat":27.7085028,"lon":58.1312126},{"lat":27.7096801,"lon":58.1311463},{"lat":27.7103646,"lon":58.1311242},{"lat":27.7111899,"lon":58.131027},{"lat":27.712375,"lon":58.1308636},{"lat":27.712817,"lon":58.1308017},{"lat":27.7130047,"lon":58.1307443},{"lat":27.7131729,"lon":58.1305896},{"lat":27.7133607,"lon":58.1303378},{"lat":27.7136305,"lon":58.1298297},{"lat":27.7138808,"lon":58.1293702},{"lat":27.7146357,"lon":58.1278814},{"lat":27.7149995,"lon":58.1272496},{"lat":27.7155666,"lon":58.1261716},{"lat":27.7160242,"lon":58.1253277},{"lat":27.7163997,"lon":58.1245899},{"lat":27.7169394,"lon":58.123587},{"lat":27.7176982,"lon":58.1221157},{"lat":27.7182105,"lon":58.1210952},{"lat":27.7187815,"lon":58.1200658},{"lat":27.7195285,"lon":58.1187006},{"lat":27.7201074,"lon":58.117543},{"lat":27.7207058,"lon":58.1164253},{"lat":27.7211946,"lon":58.1155019},{"lat":27.7217891,"lon":58.1144062},{"lat":27.722145,"lon":58.1137744},{"lat":27.72254,"lon":58.1130896},{"lat":27.7229663,"lon":58.1124004},{"lat":27.7233809,"lon":58.1117553},{"lat":27.7237759,"lon":58.1111766},{"lat":27.7242217,"lon":58.1105094},{"lat":27.7246323,"lon":58.1098865},{"lat":27.7251016,"lon":58.1091531},{"lat":27.7256883,"lon":58.108243},{"lat":27.7261106,"lon":58.1075935},{"lat":27.7265721,"lon":58.1068866},{"lat":27.7269749,"lon":58.1062769},{"lat":27.727804,"lon":58.1049957},{"lat":27.728418,"lon":58.1041076},{"lat":27.7290789,"lon":58.1031047},{"lat":27.7297476,"lon":58.1020576},{"lat":27.7302717,"lon":58.1012712},{"lat":27.7307097,"lon":58.1006173},{"lat":27.7310381,"lon":58.1000916},{"lat":27.7312962,"lon":58.0996895},{"lat":27.7315465,"lon":58.0993449},{"lat":27.7318281,"lon":58.0988899},{"lat":27.7320745,"lon":58.098479},{"lat":27.7325124,"lon":58.0978472},{"lat":27.7330325,"lon":58.0971182},{"lat":27.7337599,"lon":58.0960932},{"lat":27.7343387,"lon":58.0952405},{"lat":27.7348158,"lon":58.0945292},{"lat":27.7353046,"lon":58.0938267},{"lat":27.7355939,"lon":58.0934159},{"lat":27.7359185,"lon":58.092952},{"lat":27.7361531,"lon":58.0925941},{"lat":27.7365207,"lon":58.0920772},{"lat":27.7368766,"lon":58.0915735},{"lat":27.7373536,"lon":58.0908534},{"lat":27.7377955,"lon":58.0902127},{"lat":27.738167,"lon":58.0896737},{"lat":27.7385033,"lon":58.0890685},{"lat":27.7388239,"lon":58.0885029},{"lat":27.7390977,"lon":58.0880567},{"lat":27.7395825,"lon":58.0872394},{"lat":27.7400244,"lon":58.0864839},{"lat":27.7408808,"lon":58.0850082},{"lat":27.7411428,"lon":58.0845222},{"lat":27.7414321,"lon":58.0840451},{"lat":27.7417097,"lon":58.0836563},{"lat":27.7420929,"lon":58.0831526},{"lat":27.7427068,"lon":58.0823486},{"lat":27.7431057,"lon":58.0818272},{"lat":27.7436179,"lon":58.0812043},{"lat":27.7445173,"lon":58.08006},{"lat":27.7451468,"lon":58.0792382},{"lat":27.7457607,"lon":58.0784253},{"lat":27.7463628,"lon":58.0776212},{"lat":27.7466835,"lon":58.077228},{"lat":27.7471605,"lon":58.0766448},{"lat":27.7473873,"lon":58.0763046},{"lat":27.7475437,"lon":58.0759335},{"lat":27.7477118,"lon":58.075421},{"lat":27.7478252,"lon":58.0750499},{"lat":27.7480676,"lon":58.074153},{"lat":27.7483139,"lon":58.0732296},{"lat":27.7487558,"lon":58.0717098},{"lat":27.7491507,"lon":58.0703932},{"lat":27.7494518,"lon":58.0695405},{"lat":27.7497528,"lon":58.068922},{"lat":27.7503237,"lon":58.0679986},{"lat":27.7507029,"lon":58.0674949},{"lat":27.7511252,"lon":58.066872},{"lat":27.7518759,"lon":58.0659177},{"lat":27.7525758,"lon":58.0650517},{"lat":27.7530137,"lon":58.0645923},{"lat":27.7536041,"lon":58.0640312},{"lat":27.7538738,"lon":58.0638103},{"lat":27.7541944,"lon":58.0636114},{"lat":27.754605,"lon":58.0634038},{"lat":27.7550663,"lon":58.0632271},{"lat":27.7556723,"lon":58.063015},{"lat":27.7564973,"lon":58.0627322},{"lat":27.7577523,"lon":58.0623081},{"lat":27.7588236,"lon":58.0619591},{"lat":27.7597306,"lon":58.0617338},{"lat":27.7605672,"lon":58.0614731},{"lat":27.7612671,"lon":58.0613052},{"lat":27.761744,"lon":58.0611771},{"lat":27.7625259,"lon":58.0610004},{"lat":27.7629286,"lon":58.0609252},{"lat":27.7635385,"lon":58.0608855},{"lat":27.7641992,"lon":58.060912},{"lat":27.7647739,"lon":58.0609076},{"lat":27.7655792,"lon":58.0609827},{"lat":27.7668849,"lon":58.0610799},{"lat":27.7674088,"lon":58.061102},{"lat":27.767831,"lon":58.0610136},{"lat":27.7683353,"lon":58.0608457},{"lat":27.7686715,