{"elements":[{"type":"way","id":543120364,"bounds":{"minlat":26.5346815,"minlon":58.0351871,"maxlat":26.5561614,"maxlon":58.089556},"nodes":[5250506450,5250506449,5250506448,5250506447,5250506446,5250506445,5250506444,5250506443,5250506442,5250506441,5250506440,5250506439,5250506438,5250506437,5250506436,5250506435,5250506434,5250506433,5250506432,5250506431,5250506430,5250506429,5250506428,5250506427,5250506426,5250506425,5250506424,5250506423,5250506422,5250506421,5250506420,5250506419,5250506418,5250506417,5250506416,5250506415,5250506414,5250506413,5250506412,5250506411,5250506410,5250506409,5250506408,5250506407,5250506406,5250506405,5250506404,5250506403,5250506402,5250506401,5250506400,5250506399,5250506398,5250506397,5250506396,5250506395,5250506394,5250506393,5250506392,5250506391,5250506390,5250506389,5250506388,5250506387,5250506386,5250506385,5250506384,5250506383,5250506382,5250506381,5250506380,5250506379,5250506378,5250506377,5250506376,5250506375,5250506374,5250506373,5250506372,5250506371,5250506370,5250506369,5250506368,5250506367,5250506366,5250506365,5250506364,5250506363,5250506362,5250506361,5250506360,5250506359,5250506358,5250506357,5250506356,5250506355,5250506354,5250506353,5250506352,5250506351,5250506350,5250506349,5250506348,5250506347,5250506346,5250506345,5250506344,5250506343,5250506342,5250506341,5250506340,5250506339,5250506338,5250506337,5250506336,5250506335,5250506334,5250506333,5250506332,5250506331,5250506330,5250506329,5250506328,5250506327,5250506326,5250506325,5250506324,5250506323,5250506322,5250506321,5250506320,5250506319,5250506318,5250506317,5250506316,5250506315,5250506314,5250506313,5250506312,5250506311,5250506310,5250506309,5250506308,5250506307,5250506306,5250506305,5250506304,5250506303,5250506302,5250506301,5250506300,5250506299,5250506298,5250506297,5250506296,5250506295,5250506294,5250506293,5250506292,5250506291,5250506290,5250506289,5250506288,5250506287,5250506286,5250506285,5250506284,5250506283,5250506282,5250506281,5250506280,5250506279,5250506278,5250506277,5250506276,5250506275,5250506274,5250506273,5250506272,5250506271,5250506270,5250506269,5250506268,5250506267,5250506266,5250506265,5250506264,5250506263,5250506262,5250506261,5250506260,5250506259,5250506258,5250506257,5250506256,5250506255,5250506254,5250506253,5250506252,5250506251,5250506250,5250506249,5250506248,5250506247,5250506246,5250506245,5250506244,5250506243,5250506242,5250506241,5250506240,5250506239,5250506238,5250506237,5250506236,5250506235,5250506234,5250506233,5250506232,5250506231,5250506230,5250506229,5250506228,5250506227,5250506226,5250506225,5250506224,5250506223,5250506222,5250506221,5250506220,5250506219,5250506218,5250506217,5250506216,5250506215,5250506214,5250506213,5250506212,5250506211,5250506210,5250506209,5250506208,5250506207,5250506206,5250506205,5250506204,5250506203,5250506202,5250506201,5250506200,5250506199,5250506198,5250506197,5250506196,5250506195,5250506194,5250506193,5250506192,5250506191,5250506190,5250506189,5250506188,5250506187,5250506186,5250506185,5250506184,5250506183,5250506182,5250506181,5250506180,5250506179,5250506178,5250506177,5250506176,5250506175,5250506174,5250506173,5250506172,5250506171,5001240828],"geometry":[{"lat":26.5561374,"lon":58.0351871},{"lat":26.5558159,"lon":58.0354392},{"lat":26.5554896,"lon":58.0356646},{"lat":26.5553792,"lon":58.0357772},{"lat":26.5553696,"lon":58.0359542},{"lat":26.5554608,"lon":58.0360991},{"lat":26.5557007,"lon":58.0362225},{"lat":26.5559406,"lon":58.0363458},{"lat":26.5560606,"lon":58.0365068},{"lat":26.5561326,"lon":58.036657},{"lat":26.5561614,"lon":58.0369466},{"lat":26.5561398,"lon":58.0371237},{"lat":26.5560702,"lon":58.0372953},{"lat":26.5559406,"lon":58.0375046},{"lat":26.5557871,"lon":58.0378345},{"lat":26.5557343,"lon":58.0380008},{"lat":26.5556911,"lon":58.0382422},{"lat":26.5555879,"lon":58.0385989},{"lat":26.5554032,"lon":58.03913},{"lat":26.5552257,"lon":58.0394679},{"lat":26.5551009,"lon":58.0397576},{"lat":26.5549881,"lon":58.0400714},{"lat":26.5548706,"lon":58.0405381},{"lat":26.5547626,"lon":58.0409244},{"lat":26.5546402,"lon":58.041198},{"lat":26.5544675,"lon":58.041501},{"lat":26.554266,"lon":58.0418819},{"lat":26.55405,"lon":58.0421877},{"lat":26.5538821,"lon":58.0425417},{"lat":26.5537333,"lon":58.0429655},{"lat":26.5536205,"lon":58.0432472},{"lat":26.5535894,"lon":58.0434215},{"lat":26.5535774,"lon":58.0436093},{"lat":26.5535486,"lon":58.0437621},{"lat":26.5534934,"lon":58.043974},{"lat":26.5534406,"lon":58.0443335},{"lat":26.5534166,"lon":58.0447224},{"lat":26.5533566,"lon":58.0450201},{"lat":26.5531743,"lon":58.0456477},{"lat":26.5530063,"lon":58.0460367},{"lat":26.5527952,"lon":58.0465355},{"lat":26.5525745,"lon":58.0471122},{"lat":26.5523873,"lon":58.047646},{"lat":26.5522146,"lon":58.0480403},{"lat":26.5521786,"lon":58.0482575},{"lat":26.5521186,"lon":58.048448},{"lat":26.5520298,"lon":58.0485848},{"lat":26.5519146,"lon":58.0486625},{"lat":26.5517131,"lon":58.048735},{"lat":26.5514228,"lon":58.0488074},{"lat":26.5513076,"lon":58.0488744},{"lat":26.5512068,"lon":58.0490246},{"lat":26.5511397,"lon":58.0492473},{"lat":26.5511493,"lon":58.0494484},{"lat":26.5511133,"lon":58.0495396},{"lat":26.5510245,"lon":58.049612},{"lat":26.5507462,"lon":58.0496952},{"lat":26.5505374,"lon":58.0497703},{"lat":26.5503527,"lon":58.0498159},{"lat":26.5502255,"lon":58.0499205},{"lat":26.5501511,"lon":58.0500251},{"lat":26.5501247,"lon":58.0501726},{"lat":26.5500959,"lon":58.0503765},{"lat":26.5500384,"lon":58.0505428},{"lat":26.5498488,"lon":58.050862},{"lat":26.5497312,"lon":58.0511141},{"lat":26.5495369,"lon":58.0513984},{"lat":26.5494361,"lon":58.0516157},{"lat":26.5492826,"lon":58.0518946},{"lat":26.5492274,"lon":58.0520931},{"lat":26.5491986,"lon":58.0524418},{"lat":26.5491506,"lon":58.0526429},{"lat":26.5490618,"lon":58.052879},{"lat":26.5489826,"lon":58.0532545},{"lat":26.5488315,"lon":58.0537158},{"lat":26.5487355,"lon":58.0541101},{"lat":26.5487139,"lon":58.0543381},{"lat":26.5486659,"lon":58.0544695},{"lat":26.5485915,"lon":58.0546546},{"lat":26.5485675,"lon":58.0547968},{"lat":26.5485412,"lon":58.0550247},{"lat":26.5484812,"lon":58.0553466},{"lat":26.5484548,"lon":58.055537},{"lat":26.5484308,"lon":58.0557355},{"lat":26.5483996,"lon":58.0558482},{"lat":26.5483348,"lon":58.0559313},{"lat":26.5482364,"lon":58.0559823},{"lat":26.5480613,"lon":58.0560333},{"lat":26.5479365,"lon":58.0560949},{"lat":26.5477518,"lon":58.0562291},{"lat":26.547639,"lon":58.0562586},{"lat":26.5474998,"lon":58.056272},{"lat":26.5474014,"lon":58.0562961},{"lat":26.5473031,"lon":58.0563524},{"lat":26.5471903,"lon":58.0563846},{"lat":26.5471063,"lon":58.0564275},{"lat":26.5470007,"lon":58.0565402},{"lat":26.546864,"lon":58.0566636},{"lat":26.546684,"lon":58.0567574},{"lat":26.5465137,"lon":58.0568808},{"lat":26.5463913,"lon":58.0570042},{"lat":26.5463073,"lon":58.0571437},{"lat":26.5461993,"lon":58.0574414},{"lat":26.5461705,"lon":58.0576023},{"lat":26.5461825,"lon":58.0577901},{"lat":26.5462569,"lon":58.058069},{"lat":26.5462761,"lon":58.0581656},{"lat":26.5462545,"lon":58.0582434},{"lat":26.5461873,"lon":58.0582997},{"lat":26.5461273,"lon":58.0583721},{"lat":26.5460986,"lon":58.058466},{"lat":26.5461106,"lon":58.0585599},{"lat":26.5461609,"lon":58.0586269},{"lat":26.5462425,"lon":58.058694},{"lat":26.5463409,"lon":58.0588281},{"lat":26.5464633,"lon":58.0590266},{"lat":26.5465017,"lon":58.05915},{"lat":26.5465137,"lon":58.0592465},{"lat":26.5465688,"lon":58.0593538},{"lat":26.5466384,"lon":58.0594397},{"lat":26.5466888,"lon":58.0595416},{"lat":26.546732,"lon":58.0598044},{"lat":26.5467368,"lon":58.0599788},{"lat":26.5467128,"lon":58.0601022},{"lat":26.5466504,"lon":58.0602309},{"lat":26.5464969,"lon":58.0604723},{"lat":26.5464153,"lon":58.0606225},{"lat":26.5463073,"lon":58.0607164},{"lat":26.5461753,"lon":58.0608022},{"lat":26.5461345,"lon":58.0608693},{"lat":26.5461082,"lon":58.0610114},{"lat":26.5460458,"lon":58.061808},{"lat":26.5460506,