{"elements":[{"type":"way","id":543120369,"bounds":{"minlat":26.3420038,"minlon":58.0031776,"maxlat":26.3699554,"maxlon":58.053343},"nodes":[5251986503,11971562128,11971562129,11971562130,11971562131,11971562132,11971562133,11971562134,11971562135,11971562136,11971562137,11971562138,11971562139,11971562140,11971562141,11971562142,11971562143,11971562144,11971562145,11971562146,11971562147,11971562148,11971562149,11971562150,11971562151,11971562152,11971562153,11971562154,11971562155,11971562156,11971562157,11971562158,11971562159,11971562160,11971562161,11971562162,11971562163,11971562164,11971562165,11971562166,11971562167,11971562168,11971562169,11971562170,11971562171,11971562172,11971562173,11971562174,11971562175,11971562176,11971562177,11971562178,11971562179,11971562180,11971562181,11971562182,11971562183,11971562184,11971562185,11971562186,11971562187,11971562188,11971562189,11971562190,11971562191,11971562192,11971562193,11971562194,11971562195,11971562196,11971562197,5250509722,5250509723,5250509724,5250509725,5250509729,5250509730,5250509731,5250509732,5250509733,5250509734,5250509735,5250509736,5250509737,5250509738,5250509739,5250509740,5250509741,5250509742,5250509743,5250509744,5250509745,5250509746,5250509747,5250509748,5250509749,5250509750,5250509751,5250509752,5250509753,5250509754,5250509755,5250509756,5250509757,5250509758,5250509759,5250509760,5250509761,5250509762,5250509763,5250509764,5250509765,5250509766,5250509767,5250509768,5250509769,5250509770,5250509771,5250509772,5250509773,5250509774,5250509775,5250509776,5250509777,5250509778,5250509779,5250509780,5250509781,5250509782,5250509783,5250509784,5250509785,5250509786,5250509787,5250509788,5250509789,5250509790,5250509791,5250509792,5250509793,5250509794,5250509795,5250509796,5250509797,5250509798,5250509799,5250509800,5250509801,5250509802,5250509803,5250509804,5250509805,5250509806,5250509807,5250509808,5250509809,5250509810,5250509811,5250509812,5250509813,5250509814,5250509815,5250509816,5250509817,5250509818,5250509819,5250509820,5250509821,5250509822,5250509823,5250509824,5250509825,5250509826,5250509827,5250509828,5250509829,5250509830,5250509831,5250509832,5250509833,5250509834,5250509835,5250509836,5250509837,5250509838,5250509839,5250509840,5250509841,5250509842,5250509843,5250509844,5250509845,5250509846,5250509847,5250509848,5250509849,5250509850,5250509851,5250509852,5250509853,5250509854,5250509855,5250509856,5250509857,5250509858,5250509859,5250509860,5250509861,5250509862,5250509863,5250509864,5250509865,5250509866,5250509867,5250509868,5250509869,5250509870,5250509871,5250509872,5250509873,5250509874,5250509875,5250509876,5250509877,5250509878,5250509879,5250509880,5250509881,5250509882,5250509883,5250509884,5250509885,5250509886,5250509887,5250509888,5250509889,5250509890,5250509891,5250509892,5250509893,5250509894,5250509895,5250509896,5250509897,5250509898,5250509899,5250509900,5250509901,5250509902,5250509903,5250509904,5250509905,5250509906,5250509907,5250509908,5250509909,5250509910,5250509911,5250509912,5250509913,5250509914,5250509915,5250509916,5250509917,5250509918,5250509919,5250509920,5250509921,5250509922,5250509923,5250509924,5250509925,5250509926,5250509927,5250509928,5250509929,5250509930,5250509931,5250509932,5250509933,5250509934,5250509935,5250509936,5250509937,5250509938,5250509939,5250509940,5250509941,5250509942,5250509943,5250509944,5250509945,5250509946,5250509947,5250509948,5250509949,5250509950,5250509951,5250509952,5250509953,5250509954,5250509955,5250509956,5250509957,5250509958,5250509959,5250509960,5250509961,5250509962,5250509963,5250509964,5250509965,5250509966,5250509967,11971562198,11971562199,5250509978,5250509979,5250509980,5250509981,5250509982,5250509983,5250509984,5250509985,5250509986,5250509987,5250509988,5250509989,5250509990,5250509991,5250509992,5250509993,5250509994,5250509995,5250509996,5250509997,5250509998,5250509999,5250510000,5250510001,5250510002,5250510003,5250510004,5250510005,5250510006,5250510007,5250510008,5250510009,5250510010,5250510011,5250510012,5250510015,5250510014,5250510013],"geometry":[{"lat":26.3438018,"lon":58.0031776},{"lat":26.3438114,"lon":58.0035478},{"lat":26.3438258,"lon":58.0037945},{"lat":26.3438931,"lon":58.004213},{"lat":26.3439412,"lon":58.004728},{"lat":26.3439748,"lon":58.0051786},{"lat":26.3439652,"lon":58.0059242},{"lat":26.3439412,"lon":58.0062783},{"lat":26.3438595,"lon":58.0065143},{"lat":26.3437008,"lon":58.006686},{"lat":26.3435614,"lon":58.006804},{"lat":26.3434797,"lon":58.006922},{"lat":26.343273,"lon":58.0076408},{"lat":26.3432009,"lon":58.007791},{"lat":26.3430326,"lon":58.0080163},{"lat":26.342922,"lon":58.0081612},{"lat":26.3428115,"lon":58.0082846},{"lat":26.3427105,"lon":58.0084455},{"lat":26.3426576,"lon":58.0086172},{"lat":26.3426432,"lon":58.0088156},{"lat":26.3426144,"lon":58.0089766},{"lat":26.3424797,"lon":58.0091643},{"lat":26.3424028,"lon":58.0093467},{"lat":26.3423788,"lon":58.009631},{"lat":26.3424221,"lon":58.0099904},{"lat":26.3424221,"lon":58.0102158},{"lat":26.3424173,"lon":58.0104196},{"lat":26.342499,"lon":58.0105805},{"lat":26.342624,"lon":58.0108005},{"lat":26.3426865,"lon":58.0109292},{"lat":26.3426672,"lon":58.0111653},{"lat":26.3425855,"lon":58.0113316},{"lat":26.3423403,"lon":58.0115837},{"lat":26.3422202,"lon":58.0117017},{"lat":26.3421721,"lon":58.0119216},{"lat":26.3421144,"lon":58.0124474},{"lat":26.3420038,"lon":58.0128068},{"lat":26.3420038,"lon":58.0130106},{"lat":26.3420567,"lon":58.0132198},{"lat":26.3421625,"lon":58.0135095},{"lat":26.3422875,"lon":58.0137992},{"lat":26.3423692,"lon":58.0140299},{"lat":26.3425519,"lon":58.0144912},{"lat":26.3430278,"lon":58.015725},{"lat":26.3431624,"lon":58.0159503},{"lat":26.3432345,"lon":58.016181},{"lat":26.3433018,"lon":58.0163205},{"lat":26.3434412,"lon":58.0163956},{"lat":26.3436431,"lon":58.0165726},{"lat":26.3438595,"lon":58.0167282},{"lat":26.3439412,"lon":58.0168354},{"lat":26.3439796,"lon":58.0169588},{"lat":26.3440469,"lon":58.0172217},{"lat":26.3441527,"lon":58.0176347},{"lat":26.3441671,"lon":58.0178118},{"lat":26.3441575,"lon":58.0179727},{"lat":26.3440854,"lon":58.0183643},{"lat":26.3440181,"lon":58.0185145},{"lat":26.3438787,"lon":58.0186057},{"lat":26.34372,"lon":58.018654},{"lat":26.3431311,"lon":58.0189839},{"lat":26.3428115,"lon":58.0192468},{"lat":26.342487,"lon":58.0195659},{"lat":26.3422634,"lon":58.0198315},{"lat":26.3421601,"lon":58.0200139},{"lat":26.3420663,"lon":58.0202553},{"lat":26.3420327,"lon":58.0203813},{"lat":26.3420327,"lon":58.0204779},{"lat":26.3421072,"lon":58.0205691},{"lat":26.3421961,"lon":58.0206817},{"lat":26.3422923,"lon":58.0208454},{"lat":26.342386,"lon":58.0209285},{"lat":26.3427177,"lon":58.0211672},{"lat":26.3429941,"lon":58.0213523},{"lat":26.343184,"lon":58.0214649},{"lat":26.3436383,"lon":58.0218432},{"lat":26.3438498,"lon":58.0219745},{"lat":26.3441142,"lon":58.0223367},{"lat":26.3443859,"lon":58.0226585},{"lat":26.3445829,"lon":58.0228651},{"lat":26.3447031,"lon":58.0230609},{"lat":26.344857,"lon":58.0232379},{"lat":26.3451238,"lon":58.023482},{"lat":26.3453545,"lon":58.0236188},{"lat":26.3455901,"lon":58.0237019},{"lat":26.3458833,"lon":58.0237395},{"lat":26.3459891,"lon":58.0237529},{"lat":26.3460876,"lon":58.0238065},{"lat":26.3461573,"lon":58.0239138},{"lat":26.3462126,"lon":58.0239943},{"lat":26.346316,"lon":58.024056},{"lat":26.3464554,"lon":58.0242732},{"lat":26.3465683,"lon":58.0243939},{"lat":26.3466284,"lon":58.0244932},{"lat":26.346638,"lon":58.0246192},{"lat":26.3466044,"lon":58.0248418},{"lat":26.346638,"lon":58.0251208},{"lat":26.3466909,"lon":58.0252925},{"lat":26.346775,"lon":58.0254158},{"lat":26.3468135,"lon":58.0255419},{"lat":26.3468015,"lon":58.025853},{"lat":26.3467991,"lon":58.0260649},{"lat":26.3467823,"lon":58.0262285},{"lat":26.3468207,"lon":58.0263251},{"lat":26.3469072,"lon":58.0263841},{"lat":26.3469986,"lon":58.0264646},{"lat":26.347025,"lon":58.0265558},{"lat":26.3469794,"lon":58.0266631},{"lat":26.3468856,