{"elements":[{"type":"way","id":1351528569,"bounds":{"minlat":28.1607034,"minlon":56.8367219,"maxlat":28.2941272,"maxlon":57.0128549},"nodes":[6798791742,12504133931,12504133932,12504133933,12504133934,12504133935,12504133936,12504133937,12504133938,12504133939,12504133940,12504133941,12504133942,12504133943,12504133944,12504133945,12504133946,12504133947,12504133948,12504133949,12504133950,12504133951,12504133952,12504133953,12504133954,12504133955,12504133956,12504133957,12504133958,12504133959,12504133960,12504133961,12504133962,12504133963,12504133964,12504133965,12504133966,12504133967,12504133968,12504133969,12504133970,12504133971,12504133972,12504133973,12504133974,12504133975,12504133976,12504133977,12504133978,12504133979,12504133980,12504133981,12504133982,12504133983,12504133984,12504133985,12504133986,12504133987,12504133988,12504133989,12504133990,12504133991,12504133992,12504133993,12504133994,12504133995,12504133996,12504133997,12504133998,12504133999,12504134000,12504139801,12504139802,12504139803,12504139804,12504139805,12504139806,12504139807,12504139808,12504139809,12504139810,12504139811,12504139812,12504139813,12504139814,12504139815,12504139816,12504139817,12504139818,12504139819,12504139820,12504139821,12504139822,12504139823,12504139824,12504139825,12504139826,12504139827,12504139828,12504139829,12504139830,12504139831,12504139832,12504139833,12504139834,12504139835,12504139836,12504139837,12504139838,12504139839,12504139840,12504139841,12504139842,12504139843,12504139844,12504139845,12504139846,12504139847,12504139848,12504139849,12504139850,12504139851,12504139852,12504139853,12504139854,12504139855,12504139856,12504139857,12504139858,12504139859,12504139860,12504139861,12504139862,12504139863,12504139864,12504139865,12504139866,12504139867,12504139868,12504139869,12504139870,12504139871,12504139872,12504139873,12504139874,12504139875,12504139876,12504139877,12504139878,12504139879,12504139880,12504139881,12504139882,12504139883,12504139884,12504139885,12504139886,12504139887,12504139888,12504139889,12504139890,12504139891,12504139892,12504139893,12504139894,12504139895,12504139896,12504139897,12504139898,12504139899,12504139900,12504139901,12504139902,12504139903,12504139904,12504139905,12504139906,12504139907,12504139908,12504139909,12504139910,12504139911,12504139912,12504139913,12504139914,12504139915,12504139916,12504139917,12504139918,12504139919,12504139920,12504139921,12504139922,12504139923,12504140042,12504139924,12504139925,12504139926,12504139927,12504139928,12504139929,12504139930,12504139973,12504139931,12504139932,12504139933,12504139934,12504139935,12504139936,12504139937,12504139938,12504139939,12504140014,12504139940,12504139941,12504139942,12504139943,12504139944,12504139945,12504139946,12504139947,12504139948,12504139949,12504139950,12504139951,12504139952,12504139953,12504139954,12504139955,12504139956,12504139957,12504139958,12504139959,12504139960,12504139961,12504139962,12504139963,12504139964,12504139965,12504139966,12504139967,12504139968,12504139969,12504139970,12504139971,12504139972,13192043523,13192043524,13192043525,13192043526,13192043527,13192043528,13192043529,13192043530,13192043531,13192043532,13192043533,13192043534,13192043535,13192043536,13192043537,13192043538,13192043539,13192043540,13192043541,13192043542,13192043543,13192043544,13192043545,13192043546,13192043547,13192043548],"geometry":[{"lat":28.2938147,"lon":56.8367219},{"lat":28.2941272,"lon":56.8371756},{"lat":28.2914584,"lon":56.8406763},{"lat":28.2905621,"lon":56.8420632},{"lat":28.2903258,"lon":56.8428573},{"lat":28.2899712,"lon":56.8434613},{"lat":28.2883856,"lon":56.8447698},{"lat":28.2876075,"lon":56.8455975},{"lat":28.2861598,"lon":56.8467719},{"lat":28.2859529,"lon":56.8471745},{"lat":28.2853029,"lon":56.8477673},{"lat":28.2824073,"lon":56.8493219},{"lat":28.2809299,"lon":56.8501831},{"lat":28.2803881,"lon":56.8501831},{"lat":28.2785167,"lon":56.851447},{"lat":28.2775416,"lon":56.8522075},{"lat":28.2767832,"lon":56.8526996},{"lat":28.2762119,"lon":56.8534378},{"lat":28.2747639,"lon":56.8565694},{"lat":28.2745275,"lon":56.8572964},{"lat":28.2735425,"lon":56.8582806},{"lat":28.2725575,"lon":56.8599248},{"lat":28.2719074,"lon":56.8613787},{"lat":28.2715429,"lon":56.862307},{"lat":28.2698782,"lon":56.8627432},{"lat":28.2689523,"lon":56.8629446},{"lat":28.2684696,"lon":56.8631906},{"lat":28.268312,"lon":56.863638},{"lat":28.2682234,"lon":56.8639847},{"lat":28.2681938,"lon":56.8644992},{"lat":28.268046,"lon":56.8647453},{"lat":28.2678392,"lon":56.8649018},{"lat":28.2672875,"lon":56.8645439},{"lat":28.2663813,"lon":56.8639064},{"lat":28.2660858,"lon":56.8638617},{"lat":28.265475,"lon":56.8642196},{"lat":28.2648741,"lon":56.8646222},{"lat":28.264618,"lon":56.8649689},{"lat":28.2645786,"lon":56.8654946},{"lat":28.2647362,"lon":56.8659084},{"lat":28.2647559,"lon":56.8661657},{"lat":28.2646475,"lon":56.8664565},{"lat":28.2641451,"lon":56.8672729},{"lat":28.2638102,"lon":56.8680559},{"lat":28.2635836,"lon":56.8681789},{"lat":28.2633472,"lon":56.8683578},{"lat":28.2631108,"lon":56.8685256},{"lat":28.2628448,"lon":56.8685256},{"lat":28.262697,"lon":56.868671},{"lat":28.2625591,"lon":56.8688388},{"lat":28.2623522,"lon":56.8690625},{"lat":28.2619188,"lon":56.8691072},{"lat":28.2617021,"lon":56.8690513},{"lat":28.2614558,"lon":56.8687828},{"lat":28.2611701,"lon":56.8687046},{"lat":28.2607169,"lon":56.8685256},{"lat":28.2605002,"lon":56.868492},{"lat":28.2601357,"lon":56.8684809},{"lat":28.2598993,"lon":56.8685703},{"lat":28.2591309,"lon":56.8689506},{"lat":28.2587565,"lon":56.8693197},{"lat":28.2581556,"lon":56.8702927},{"lat":28.2578699,"lon":56.8710085},{"lat":28.2577418,"lon":56.8715007},{"lat":28.2575645,"lon":56.8719145},{"lat":28.256865,"lon":56.8725744},{"lat":28.2566089,"lon":56.8729099},{"lat":28.2563429,"lon":56.8732678},{"lat":28.255801,"lon":56.8737935},{"lat":28.2554661,"lon":56.8745205},{"lat":28.2554464,"lon":56.875885},{"lat":28.2556927,"lon":56.8765896},{"lat":28.255673,"lon":56.8771824},{"lat":28.2558109,"lon":56.8777975},{"lat":28.2559291,"lon":56.8787929},{"lat":28.2559488,"lon":56.8791396},{"lat":28.2561064,"lon":56.8795423},{"lat":28.2566187,"lon":56.880191},{"lat":28.2570719,"lon":56.880862},{"lat":28.2571803,"lon":56.8813542},{"lat":28.257062,"lon":56.8819469},{"lat":28.2569734,"lon":56.8824838},{"lat":28.2570029,"lon":56.883166},{"lat":28.2561853,"lon":56.8855595},{"lat":28.2560178,"lon":56.8858168},{"lat":28.2551213,"lon":56.8865437},{"lat":28.2549242,"lon":56.8867562},{"lat":28.2544809,"lon":56.8868793},{"lat":28.2539883,"lon":56.8878188},{"lat":28.2532396,"lon":56.8896642},{"lat":28.252747,"lon":56.89038},{"lat":28.2526386,"lon":56.8909616},{"lat":28.2526386,"lon":56.8912859},{"lat":28.2524317,"lon":56.8920689},{"lat":28.2524021,"lon":56.8924044},{"lat":28.2522248,"lon":56.892561},{"lat":28.2518898,"lon":56.892863},{"lat":28.2517026,"lon":56.8935564},{"lat":28.2515154,"lon":56.8947084},{"lat":28.2515351,"lon":56.8951893},{"lat":28.2514366,"lon":56.8957374},{"lat":28.2515154,"lon":56.8962183},{"lat":28.2514366,"lon":56.8965203},{"lat":28.2513381,"lon":56.8969229},{"lat":28.2513381,"lon":56.8975492},{"lat":28.2512396,"lon":56.8982427},{"lat":28.2508159,"lon":56.8989808},{"lat":28.2507076,"lon":56.8993499},{"lat":28.250747,"lon":56.8999651},{"lat":28.2505204,"lon":56.9003118},{"lat":28.2499194,"lon":56.9013184},{"lat":28.2494662,"lon":56.9015085},{"lat":28.2489046,"lon":56.9020454},{"lat":28.2483923,"lon":56.9027053},{"lat":28.2480868,"lon":56.9036448},{"lat":28.247811,"lon":56.9042263},{"lat":28.2465006,"lon":56.9058369},{"lat":28.2457419,"lon":56.9069665},{"lat":28.2454365,"lon":56.9073692},{"lat":28.2451606,"lon":56.9078277},{"lat":28.2446877,"lon":56.9081745},{"lat":28.2445005,"lon":56.908633},{"lat":28.2439487,"lon":56.9088791},{"lat":28.243594,"lon":56.9093153},{"lat":28.2432393,"lon":56.9100423},{"lat":28.2428551,"lon":56.9112949},{"lat":28.242924,"lon":56.9117535},{"lat":28.2425792,