{"elements":[{"type":"way","id":543288100,"bounds":{"minlat":26.2421042,"minlon":58.0172834,"maxlat":26.3243185,"maxlon":58.207975},"nodes":[5250509635,11971562127,5251986251,5251986250,5251986235,5251986234,5251986233,5251986232,5251986231,5251986230,11971562126,5251986221,5251986220,5251986219,5251986218,5251986215,5251986211,5251986210,5251986209,11971562125,5251986203,5251986202,5251986201,5251986200,5251986199,5251986198,5251986197,5251986196,5251986191,5251986190,5251986189,5251986188,5251986180,5251986179,5251986171,5251986170,11971562124,11971562123,11971562122,11971562121,11971562120,11971562119,11971562118,11971562117,5251986127,5251986122,5251986120,5251986119,5251986118,5251986117,5251986116,5251986115,5251986114,5251986113,5251986112,5251986111,5251986110,5251986109,5251986108,5251986107,5251986106,5251986105,5251986104,5251986103,5251986102,5251986101,5251986100,5251986099,5251986098,5251986097,5251986096,5251986095,5251986094,5251986093,5251986092,5251986091,5251986090,5251986089,5251986088,5251986087,5251986086,5251986085,5251986084,5251986083,5251986082,5251986081,5251986080,5251986079,5251986078,5251986077,5251986076,5251986075,5251986074,5251986073,5251986072,5251986071,5251986070,5251986069,5251986068,5251986067,5251986042,11971562116,5251986020,11971562115,5251986019,5251986018,5251986017,5251986016,5251986015,5251986014,5251986013,5251986012,5251986011,11971562114,5251985984,5251985983,5251985973,5251985972,5251985971,5251985970,5251985969,5251985968,5251985967,5251985966,5251985965,5251985964,5251985963,5251985962,11971562113,11971562112,5251985949,5251985948,5251985947,5251985946,5251985945,5251985944,5251985943,5251985942,5251985941,5251985940,5251985939,5251985938,5251985937,5251985936,5251985931,5251985930,5251985918,5251985917,5251985916,5251985910,5251985909,5251985908,5251985907,5251985906,5251985905,5251985904,5251985903,5251985902,5251985901,5251985900,5251985899,5251985898,5251985897,5251985896,5251985895,5251985894,5251985893,5251985892,5251985891,5251985890,5251985878,5251985877,5251985876,5251985871,5251985870,5251985848,5251985847,5251985846,5251985845,5251985844,5251985843,5251985842,5251985841,11971562111,11971562110,11971562109,5251985825,11971562108,11971562106,11971562107,11971562105,5251985802,5251985801,11971562104,5251985780,5251985779,5251985760,5251985749,5251985740,11971562103,11971562102,11971562101,11971562100,5251985739,5251985738,5251985737,5251985736,5251985735,5251985734,11971562099,11971562098,11971562097,5251985721,5251985720,5251985719,5251985717,5251985716,5251985715,5251985714,5251985702,5251985701,5251985700,5251985699,5251985698,5251985697,5251985696,5251985695,5251985694,5251985683,5251985682,11971562096,11971562095,5251985665,5251985664,5251985663,5251985662,11971562094,5251985648,11971562093,5251985647,5251985634,11971562092,11971562091,5250511662,5251985628,5251985627,5251985626,5251985625,5251985622,5251985621,5251985520,5251985474,11971562080,5251985445,5251985444,5251985443,11971562079,11971562078,11971562077,5251985364,13294033036,5251985352,13294033037,11971562076,5251985334,5251985207,5251985198,5251985181,11971562075,5251985130,5251985006,11971562074,5251984987,5251984986,11971562073,11971562072,5251984929,5251984917,11971562071,11971562070,11971562069,11971504668,5251984848,5251984847,5251984846,5251984845,5251984716,11971504667,5251984700,5265700780],"geometry":[{"lat":26.3232775,"lon":58.0172834},{"lat":26.3232295,"lon":58.0179995},{"lat":26.3234987,"lon":58.0193594},{"lat":26.3235853,"lon":58.0197161},{"lat":26.3241935,"lon":58.0226129},{"lat":26.3242656,"lon":58.0230501},{"lat":26.3242825,"lon":58.0236644},{"lat":26.3243136,"lon":58.024064},{"lat":26.3243185,"lon":58.0242705},{"lat":26.3243089,"lon":58.0244744},{"lat":26.3241214,"lon":58.0254024},{"lat":26.3238593,"lon":58.025786},{"lat":26.3238016,"lon":58.025963},{"lat":26.3237199,"lon":58.0260837},{"lat":26.3236358,"lon":58.0262044},{"lat":26.322828,"lon":58.0268481},{"lat":26.3221644,"lon":58.0272719},{"lat":26.3219649,"lon":58.0274516},{"lat":26.3218639,"lon":58.0275133},{"lat":26.3214504,"lon":58.0278057},{"lat":26.3210033,"lon":58.0284011},{"lat":26.3209071,"lon":58.0284709},{"lat":26.320835,"lon":58.0285433},{"lat":26.320758,"lon":58.028672},{"lat":26.3206811,"lon":58.028892},{"lat":26.3206162,"lon":58.0291361},{"lat":26.3205825,"lon":58.0293238},{"lat":26.3205609,"lon":58.029525},{"lat":26.3205946,"lon":58.030225},{"lat":26.320734,"lon":58.0310566},{"lat":26.3208734,"lon":58.0315205},{"lat":26.3210369,"lon":58.0318022},{"lat":26.3212076,"lon":58.0323225},{"lat":26.3212533,"lon":58.0327168},{"lat":26.3211667,"lon":58.0339426},{"lat":26.3211162,"lon":58.0347338},{"lat":26.3210465,"lon":58.0355036},{"lat":26.3208879,"lon":58.036437},{"lat":26.3208927,"lon":58.0372202},{"lat":26.320835,"lon":58.0377245},{"lat":26.32071,"lon":58.0382878},{"lat":26.3207773,"lon":58.0387545},{"lat":26.3207484,"lon":58.0391782},{"lat":26.3206811,"lon":58.039484},{"lat":26.3206594,"lon":58.0414769},{"lat":26.320395,"lon":58.0425176},{"lat":26.3202628,"lon":58.0427617},{"lat":26.3202387,"lon":58.0429414},{"lat":26.3201065,"lon":58.043333},{"lat":26.3198901,"lon":58.0438614},{"lat":26.3198565,"lon":58.0440223},{"lat":26.3198589,"lon":58.0441377},{"lat":26.3199046,"lon":58.0443308},{"lat":26.3200128,"lon":58.0446875},{"lat":26.3200608,"lon":58.0448082},{"lat":26.3201402,"lon":58.0449048},{"lat":26.3202051,"lon":58.045004},{"lat":26.3203445,"lon":58.0453205},{"lat":26.3203758,"lon":58.0454251},{"lat":26.3203758,"lon":58.045527},{"lat":26.3203325,"lon":58.0457818},{"lat":26.3202628,"lon":58.046034},{"lat":26.3202027,"lon":58.046152},{"lat":26.3201474,"lon":58.04627},{"lat":26.3200031,"lon":58.0468279},{"lat":26.3199478,"lon":58.0470908},{"lat":26.319919,"lon":58.0473429},{"lat":26.3198949,"lon":58.0474958},{"lat":26.3198156,"lon":58.0477801},{"lat":26.3197916,"lon":58.047933},{"lat":26.3197964,"lon":58.0481529},{"lat":26.3197507,"lon":58.0483648},{"lat":26.3197363,"lon":58.0485553},{"lat":26.3196858,"lon":58.0486974},{"lat":26.3196569,"lon":58.0487993},{"lat":26.3196473,"lon":58.0489254},{"lat":26.3196257,"lon":58.0490595},{"lat":26.3195439,"lon":58.049207},{"lat":26.3195175,"lon":58.0493331},{"lat":26.3195151,"lon":58.0494806},{"lat":26.3194935,"lon":58.0496067},{"lat":26.3194766,"lon":58.0497891},{"lat":26.3195151,"lon":58.0500251},{"lat":26.3195367,"lon":58.0501136},{"lat":26.3195584,"lon":58.0503255},{"lat":26.3195752,"lon":58.0506286},{"lat":26.3196161,"lon":58.0507949},{"lat":26.3196858,"lon":58.0509183},{"lat":26.3197795,"lon":58.051047},{"lat":26.3198998,"lon":58.051165},{"lat":26.3200128,"lon":58.0512536},{"lat":26.3200945,"lon":58.0513313},{"lat":26.320133,"lon":58.0514359},{"lat":26.3201282,"lon":58.0515271},{"lat":26.3200632,"lon":58.0515996},{"lat":26.3198757,"lon":58.0516452},{"lat":26.3197194,"lon":58.0516827},{"lat":26.3196137,"lon":58.0517471},{"lat":26.3195175,"lon":58.0518463},{"lat":26.3194478,"lon":58.0520126},{"lat":26.3182313,"lon":58.0546171},{"lat":26.3174018,"lon":58.0564409},{"lat":26.3169306,"lon":58.0571705},{"lat":26.3164257,"lon":58.0582273},{"lat":26.3161757,"lon":58.0589622},{"lat":26.3161372,"lon":58.0590856},{"lat":26.3160891,"lon":58.0594772},{"lat":26.3160386,"lon":58.0598313},{"lat":26.3160362,"lon":58.060011},{"lat":26.3160506,"lon":58.0601504},{"lat":26.3160458,"lon":58.0602604},{"lat":26.3160074,"lon":58.0603784},{"lat":26.3159929,"lon":58.0605286},{"lat":26.3159112,"lon":58.0621326},{"lat":26.3161059,"lon":58.0627978},{"lat":26.3168465,"lon":58.0643427},{"lat":26.317748,"lon":58.0665985},{"lat":26.317873,"lon":58.0668721},{"lat":26.3179139,"lon":58.0670249},{"lat":26.3179452,"lon":58.0672342},{"lat":26.3180125,"lon":58.0674943},{"lat":26.3180702,"lon":58.0677921},{"lat":26.3181159,"lon":58.0679423},{"lat":26.3182168,"lon":58.0681354},{"lat":26.3183034,"lon":58.0682963},{"lat":26.3183635,"lon":58.068468},{"lat":26.3184068,"lon":58.0687121},{"lat":26.3183827,"lon":58.0689695},{"lat":26.3182385,