{"elements":[{"type":"way","id":31240184,"bounds":{"minlat":25.8454143,"minlon":57.2235702,"maxlat":26.4198001,"maxlon":57.5538312},"nodes":[9057059905,13169297517,13169297524,5431534498,5431534497,5431534496,5431534495,5431534494,13169297516,5431534493,5431534492,5431534491,347333412,5431534490,5431534489,5431534488,5431534487,3858547816,5431534486,5431534485,5431534484,5431534483,347333413,5431534482,5431534481,5431534480,347333414,5431534479,5431534478,5431534477,5431534476,3858547806,5431534475,5431534474,5431534473,3858547802,5431534472,5431534471,347333416,5431534470,5431534469,5431534468,5431534467,347333420,5431534466,5431534464,5431534465,5431534463,5431534462,5431534461,5431534460,5431534459,347333429,5431534458,5431534457,5431534456,5431534455,5431534454,3858547798,347333433,347333434,347333435,7010203967,347333436,347333437,10581484534,3858547790,3858547791,10581484525,347333438,347333439,347333440,347333441,11879186140,3858547789,347333443,3858547788,347333444,3864620743,11404950889,11404950890,347333445,11404950892,11404950891,11404950888,11404950887,347333446,3858547787,11079936442,11079936456,347333447,3858547786,347333448,8941711433,347333449,347333450,3858547773,347333451,347333452,3858547752,347333453,3858547751,12441277855,347333454,12441277856,347333455,347333456,11079960435,12441277857,347333457,347333458,347333459,11079960434,11079960433,11079960432,11079960431,11079960430,347333460,11079960428,11079960429,6403356723,3858547741,347333461,3858547734,347333462,3858547733,347333463,11079957870,3858547711,11079957896,347333464,11080007105,11079957888,11079957895,347333465,347333466,3858547710,347333467,347333468,347333469,347333470,347333471,6798970640,6798970645,347333472,347333473,4560630501,3858547616,347333474,4560630496,6798970641,347333478,3858547709,347333483,3858547588,347333491,347333495,347333496,347333497,347333499,3858547586,13290120794,3858547587,13290120793,347333503,13290120795,13290120796,13290120792,3858547564,347333504,9716997216,347333505,347333506,347333507,1605565423,1605565437,1605565443,347333508,3858547563,347333509,3858547562,6991660594,347333510,9716997215,3858547561,347333511,347333512,347333513,3858547557,347333514,8185482632,347333515,3858547550,9716997213,9716997212,347333516,9716997214,347333518,3858547540,347333524,9716997211,9716997210,9716997209,347333538,347333546,5300328641,347333555,3858547472,347333562,12511826903,3858547471,347333572,3858547470,347333582,3858547468,3858547469,347333591,3858545887,347333599,347333607,347333618,347333627,3858490132,347333636,3858489711,10574251533,347333638],"geometry":[{"lat":25.8454143,"lon":57.5538312},{"lat":25.8454316,"lon":57.5536102},{"lat":25.8454694,"lon":57.553126},{"lat":25.845513,"lon":57.5525691},{"lat":25.8455842,"lon":57.5518251},{"lat":25.8456592,"lon":57.5512905},{"lat":25.8457334,"lon":57.5507884},{"lat":25.8459017,"lon":57.5495668},{"lat":25.8459476,"lon":57.5492347},{"lat":25.8460419,"lon":57.5485524},{"lat":25.8461956,"lon":57.5473511},{"lat":25.8463144,"lon":57.5464252},{"lat":25.8464743,"lon":57.545204},{"lat":25.8465833,"lon":57.5445025},{"lat":25.8466959,"lon":57.5440408},{"lat":25.8468478,"lon":57.543517},{"lat":25.8469557,"lon":57.5431919},{"lat":25.8470785,"lon":57.5428874},{"lat":25.8472439,"lon":57.5425314},{"lat":25.8473989,"lon":57.5421539},{"lat":25.8474809,"lon":57.5420191},{"lat":25.8480584,"lon":57.5411886},{"lat":25.8485903,"lon":57.5404581},{"lat":25.8513302,"lon":57.5368848},{"lat":25.8540975,"lon":57.5333258},{"lat":25.8595956,"lon":57.5262199},{"lat":25.8604438,"lon":57.5250759},{"lat":25.860771,"lon":57.5246445},{"lat":25.8610506,"lon":57.5242294},{"lat":25.8615476,"lon":57.5234886},{"lat":25.8625855,"lon":57.5219623},{"lat":25.8645772,"lon":57.5190195},{"lat":25.864968,"lon":57.5184252},{"lat":25.8653972,"lon":57.5177964},{"lat":25.8662226,"lon":57.516563},{"lat":25.8670196,"lon":57.5153959},{"lat":25.8676728,"lon":57.5144155},{"lat":25.8683278,"lon":57.5134555},{"lat":25.8690247,"lon":57.5124132},{"lat":25.8696584,"lon":57.5114657},{"lat":25.8703123,"lon":57.5105079},{"lat":25.8715688,"lon":57.5086453},{"lat":25.8740709,"lon":57.504924},{"lat":25.8753638,"lon":57.5030118},{"lat":25.8755727,"lon":57.502702},{"lat":25.8757857,"lon":57.5023799},{"lat":25.8760112,"lon":57.5019838},{"lat":25.8761841,"lon":57.5016432},{"lat":25.876257,"lon":57.5014703},{"lat":25.8763943,"lon":57.5010759},{"lat":25.8764661,"lon":57.5008033},{"lat":25.876543,"lon":57.5004505},{"lat":25.8765902,"lon":57.5001282},{"lat":25.8766231,"lon":57.4996508},{"lat":25.8766212,"lon":57.4991565},{"lat":25.8765871,"lon":57.4988365},{"lat":25.8765057,"lon":57.4982458},{"lat":25.8762406,"lon":57.4963406},{"lat":25.8756957,"lon":57.4928554},{"lat":25.8754226,"lon":57.49082},{"lat":25.8734042,"lon":57.4764545},{"lat":25.8709434,"lon":57.4593442},{"lat":25.8706178,"lon":57.4568948},{"lat":25.86896,"lon":57.4423267},{"lat":25.8679515,"lon":57.4309786},{"lat":25.8666613,"lon":57.427025},{"lat":25.8665312,"lon":57.4266262},{"lat":25.8664943,"lon":57.4265207},{"lat":25.8653064,"lon":57.4231284},{"lat":25.8606733,"lon":57.4098982},{"lat":25.8590932,"lon":57.404481},{"lat":25.8582696,"lon":57.3972145},{"lat":25.8565802,"lon":57.3945807},{"lat":25.855766,"lon":57.3934419},{"lat":25.8543697,"lon":57.3914891},{"lat":25.8539326,"lon":57.3903777},{"lat":25.8527979,"lon":57.3871367},{"lat":25.8519153,"lon":57.3818409},{"lat":25.8517649,"lon":57.3806386},{"lat":25.8515782,"lon":57.3789836},{"lat":25.8515806,"lon":57.3780198},{"lat":25.8516597,"lon":57.3773371},{"lat":25.8517746,"lon":57.3768393},{"lat":25.8519202,"lon":57.3763756},{"lat":25.8524105,"lon":57.3754396},{"lat":25.8531307,"lon":57.374368},{"lat":25.8555212,"lon":57.3710158},{"lat":25.8574123,"lon":57.3684193},{"lat":25.8582634,"lon":57.3672671},{"lat":25.8589878,"lon":57.3662921},{"lat":25.8641108,"lon":57.3593502},{"lat":25.868439,"lon":57.3538676},{"lat":25.8730864,"lon":57.348852},{"lat":25.8785692,"lon":57.3433873},{"lat":25.8834814,"lon":57.338466},{"lat":25.8945897,"lon":57.3338987},{"lat":25.8961982,"lon":57.3332658},{"lat":25.9012897,"lon":57.3311206},{"lat":25.911813,"lon":57.3268377},{"lat":25.9173732,"lon":57.324596},{"lat":25.9175676,"lon":57.3245027},{"lat":25.9185841,"lon":57.3240637},{"lat":25.920764,"lon":57.3233676},{"lat":25.9220392,"lon":57.3232215},{"lat":25.9243146,"lon":57.3229643},{"lat":25.9260351,"lon":57.3225693},{"lat":25.9351332,"lon":57.3197152},{"lat":25.9381978,"lon":57.3183802},{"lat":25.9407001,"lon":57.317398},{"lat":25.9424687,"lon":57.3171298},{"lat":25.9516212,"lon":57.3166378},{"lat":25.9611814,"lon":57.3161881},{"lat":25.9618598,"lon":57.3160735},{"lat":25.9624217,"lon":57.3158723},{"lat":25.9627882,"lon":57.3157328},{"lat":25.9631403,"lon":57.315596},{"lat":25.9641146,"lon":57.3149738},{"lat":25.9647886,"lon":57.314502},{"lat":25.9658725,"lon":57.3139867},{"lat":25.9670372,"lon":57.3135066},{"lat":25.9692834,"lon":57.3126638},{"lat":25.9734583,"lon":57.3110456},{"lat":25.9749127,"lon":57.3104881},{"lat":25.9776849,"lon":57.3093685},{"lat":25.9875491,"lon":57.3054771},{"lat":25.9905547,"lon":57.3042069},{"lat":25.9937077,"lon":57.3022463},{"lat":25.9945192,"lon":57.3018524},{"lat":25.9957287,"lon":57.3016201},{"lat":25.9980781,"lon":57.3014039},{"lat":25.9982195,"lon":57.3013955},{"lat":25.9984709,"lon":57.3013728},{"lat":25.9986152,"lon":57.3013574},{"lat":25.9993053,"lon":57.3012908},{"lat":26.0107187,"lon":57.3001907},{"lat":26.0209411,"lon":57.2993188},{"lat":26.0255499,"lon":57.298771},{"lat":26.0297631,"lon":57.2985562},{"lat":26.0429407,"lon":57.2991018},{"lat":26.0480947,"lon":57.2995087},{"lat":26.0573799,"lon":57.3020213},{"lat":26.0650613,"lon":57.3041854},{"lat":26.0660873,"lon":57.3044437},{"lat":26.0667067,"lon":57.3044793},{"lat":26.0676739,"lon":57.3044296},{"lat":26.0686566,"lon":57.3041455},{"lat":26.0695895,"lon":57.3036619},{"lat":26.0705325,"lon":57.3031406},{"lat":26.0719407,"lon":57.3023909},{"lat":26.0728306,"lon":57.3019318},{"lat":26.0746068,