{"elements":[{"type":"way","id":884063624,"bounds":{"minlat":27.9738388,"minlon":54.3062462,"maxlat":28.2529052,"maxlon":54.4080888},"nodes":[8221824112,9423155935,8221824110,8221824028,8221824031,8221824099,8221824017,8221824115,8221824033,8221824021,11096418455,8221824027,8221824062,11096418438,8221824067,8221824045,8221824043,8221824029,11096418454,11096418453,8221781916,8221824058,11096418437,8221824084,8221824101,11096418451,11096418452,8221824095,8221824079,8221824078,8221824068,8221824053,11096418436,8221824069,11096418450,11096418449,8221824119,8221824072,11096418448,11096418444,8221824024,11096418445,11096418447,11096418446,8221824063,11096418443,8221824073,8221781913,8221824037,8221824116,11096418442,8221824089,8221824035,8221824124,8221824077,11096418441,11096418440,11096418439,8221824107,8221824105,8221824055,8221824088,8221824040,8221824046,8221824130,8221824086,11096418435,8221824080,11096418434,8221824038,8221824054,8221824129,11096418432,11096418433,8221824075,8221824104,8221824117,8221824121,11096418431,8221824022,11096418430,8221824057,11096418429,8221824122,8221824018,8221824102,8221824030,8221824023,8221824036,11096418428,8221824118,8221824083,8221824108,11096418427,8221824106,11096418425,11096418426,8221824032,11096418424,8221824126,11096418423,8221824082,11096418422,8221824103,11096418421,8221824087,8221824051,8221824071,11096418420,8221824060,11096418419,8221824096,8221824081,11096418418,8221824091,11096418417,8221824074,11096418416,11096418415,8221824047,8221824034,11096418414,8221824044,8221824065,11096418413,8221824019,8221824070,8221824059,11096418411,8221824020,11096418412,8221824066,11096418410,8221824061,8221824085,11096418409,8221824048,11096418408,8221824111,11096418407,8221824042,8221824056,11096418406,8221824052,11096418405,8221824094,8221824093,11096414204,11096414203,8221781915,11096414202,11096414201,8221824098,11096414200,11096414199,8221824041,8221824050,8221824120,11096414198,8221824097,11096414197,11096414196,8221824114,8221781914,8221824092,8221824127,11096414195,8221824064,8221824113,8221824039,11096414194,8221824090,11096414192,11096414193,8221807629,8221807644,8221807650,11096414191,8221807653,11096414190,11096414189,11096414188,8221756703,11096414187,11096414186,8221807619,11096414185,8221807654,8221756700,8221756705,11096414184,8221756704,8221756708,11096414183,11096414182,8221807651,8221807632,11096414181,8221807646,11096414180,8221807645,11096414179,8221756706,11096414178,11096414177,8221807655,11096414176,8221807631,11096414175,8221807643,8221807634,11096414174,8221756716,11096414173,8221807627,12526455425,8221807621,11096421436,8221807640,8221807630],"geometry":[{"lat":28.2529052,"lon":54.4003704},{"lat":28.2525282,"lon":54.4000764},{"lat":28.2516102,"lon":54.3991545},{"lat":28.2458269,"lon":54.3930363},{"lat":28.2405454,"lon":54.3874965},{"lat":28.2374246,"lon":54.3841543},{"lat":28.2332244,"lon":54.3797253},{"lat":28.2265593,"lon":54.3726944},{"lat":28.2214171,"lon":54.3672439},{"lat":28.2199349,"lon":54.3656855},{"lat":28.218156,"lon":54.3638022},{"lat":28.2162853,"lon":54.3620016},{"lat":28.2144519,"lon":54.3603975},{"lat":28.2135602,"lon":54.3595764},{"lat":28.2123991,"lon":54.3583856},{"lat":28.2093884,"lon":54.3553133},{"lat":28.205924,"lon":54.3517341},{"lat":28.202902,"lon":54.3486234},{"lat":28.2022075,"lon":54.3479651},{"lat":28.2018269,"lon":54.3476446},{"lat":28.2014388,"lon":54.3473471},{"lat":28.2004283,"lon":54.3467543},{"lat":28.1997326,"lon":54.3463947},{"lat":28.1986905,"lon":54.3459691},{"lat":28.1968646,"lon":54.3453307},{"lat":28.1959763,"lon":54.3451796},{"lat":28.1950473,"lon":54.3450925},{"lat":28.1928819,"lon":54.3450015},{"lat":28.1866083,"lon":54.3446403},{"lat":28.186016,"lon":54.3446288},{"lat":28.1804391,"lon":54.3443341},{"lat":28.1776109,"lon":54.3441833},{"lat":28.1768351,"lon":54.3440773},{"lat":28.176062,"lon":54.3438823},{"lat":28.1751942,"lon":54.3435878},{"lat":28.1747911,"lon":54.3434161},{"lat":28.1743992,"lon":54.3432102},{"lat":28.170202,"lon":54.3405298},{"lat":28.1683006,"lon":54.3392801},{"lat":28.1672791,"lon":54.3386297},{"lat":28.1662709,"lon":54.3379731},{"lat":28.1656996,"lon":54.3375809},{"lat":28.1650919,"lon":54.3371987},{"lat":28.1645019,"lon":54.3368447},{"lat":28.1638976,"lon":54.3365342},{"lat":28.1625191,"lon":54.3360642},{"lat":28.1609856,"lon":54.3356464},{"lat":28.1566799,"lon":54.3344453},{"lat":28.1548675,"lon":54.3340048},{"lat":28.1535601,"lon":54.3333779},{"lat":28.1515808,"lon":54.3320543},{"lat":28.1496149,"lon":54.3307147},{"lat":28.1466481,"lon":54.3286837},{"lat":28.141447,"lon":54.3251814},{"lat":28.1356843,"lon":54.3212495},{"lat":28.1317031,"lon":54.3185493},{"lat":28.1297091,"lon":54.3171841},{"lat":28.1286848,"lon":54.3164974},{"lat":28.1276557,"lon":54.315787},{"lat":28.1199674,"lon":54.3105731},{"lat":28.1180944,"lon":54.3092629},{"lat":28.1154197,"lon":54.307512},{"lat":28.1143238,"lon":54.306727},{"lat":28.1129641,"lon":54.3062462},{"lat":28.1081569,"lon":54.3065914},{"lat":28.106802,"lon":54.3067891},{"lat":28.1064346,"lon":54.3069072},{"lat":28.1060811,"lon":54.3070557},{"lat":28.1057237,"lon":54.3073457},{"lat":28.1054218,"lon":54.3076818},{"lat":28.1014119,"lon":54.3126851},{"lat":28.0985822,"lon":54.31626},{"lat":28.0974876,"lon":54.3176186},{"lat":28.0964512,"lon":54.3191448},{"lat":28.0944096,"lon":54.3220584},{"lat":28.0918567,"lon":54.3256177},{"lat":28.0870798,"lon":54.3319373},{"lat":28.0849563,"lon":54.3347217},{"lat":28.084459,"lon":54.335281},{"lat":28.083985,"lon":54.3357772},{"lat":28.083245,"lon":54.3364182},{"lat":28.0817725,"lon":54.3373881},{"lat":28.0800787,"lon":54.3384701},{"lat":28.0784128,"lon":54.3395103},{"lat":28.0759627,"lon":54.3410806},{"lat":28.0757285,"lon":54.3412557},{"lat":28.0752651,"lon":54.3415211},{"lat":28.0709001,"lon":54.3442036},{"lat":28.0655779,"lon":54.3474623},{"lat":28.063041,"lon":54.3491131},{"lat":28.0604748,"lon":54.3507323},{"lat":28.0552083,"lon":54.3540072},{"lat":28.0546528,"lon":54.354217},{"lat":28.054217,"lon":54.3543246},{"lat":28.0537368,"lon":54.3544145},{"lat":28.0530003,"lon":54.354381},{"lat":28.0522405,"lon":54.3543139},{"lat":28.0507166,"lon":54.354094},{"lat":28.050335,"lon":54.3540645},{"lat":28.0499441,"lon":54.3540657},{"lat":28.0496532,"lon":54.3541101},{"lat":28.0493564,"lon":54.3542178},{"lat":28.0488034,"lon":54.3545312},{"lat":28.0482875,"lon":54.354893},{"lat":28.0478116,"lon":54.3553466},{"lat":28.0474026,"lon":54.3558162},{"lat":28.0466904,"lon":54.3568249},{"lat":28.0460374,"lon":54.3577142},{"lat":28.0457544,"lon":54.3581656},{"lat":28.0454983,"lon":54.3584413},{"lat":28.0452644,"lon":54.3586189},{"lat":28.0448894,"lon":54.3587833},{"lat":28.0426053,"lon":54.3590824},{"lat":28.042258,"lon":54.359048},{"lat":28.0419645,"lon":54.358972},{"lat":28.0416117,"lon":54.3588844},{"lat":28.0413048,"lon":54.3588572},{"lat":28.0409583,"lon":54.3589434},{"lat":28.0402931,"lon":54.3591741},{"lat":28.039676,"lon":54.3594042},{"lat":28.0391731,"lon":54.3595031},{"lat":28.0388916,"lon":54.3595389},{"lat":28.038555,"lon":54.3595201},{"lat":28.0376954,"lon":54.3592281},{"lat":28.037116,"lon":54.3589568},{"lat":28.036601,"lon":54.3586334},{"lat":28.0356324,"lon":54.3578646},{"lat":28.0350016,"lon":54.3575636},{"lat":28.0347462,"lon":54.3574601},{"lat":28.0344374,"lon":54.3573578},{"lat":28.0341756,"lon":54.3573743},{"lat":28.0339525,"lon":54.3574286},{"lat":28.0336027,"lon":54.357613},{"lat":28.0332734,"lon":54.3579231},{"lat":28.0324884,"lon":54.3586215},{"lat":28.0323313,"lon":54.3586886},{"lat":28.0321538,"lon":54.3587326},{"lat":28.0309025,"lon":54.3587409},{"lat":28.0296643,"lon":54.358819},{"lat":28.0287989,"lon":54.3590882},{"lat":28.0280893,"lon":54.3594787},{"lat":28.027489,"lon":54.3598986},{"lat":28.0266799,"lon":54.3603301},{"lat":28.0259026,"lon":54.3607863},{"lat":28.0240186,"lon":54.3619528},{"lat":28.0221284,"lon":54.3631328},{"lat":28.0207418,"lon":54.3639883},{"lat":28.020184,"lon":54.364332},{"lat":28.0199152,