{"elements":[{"type":"way","id":1077643479,"bounds":{"minlat":26.9633136,"minlon":54.7465821,"maxlat":26.9973786,"maxlon":54.8020324},"nodes":[9880601810,9880714469,9880601811,9880601812,9880601813,9880601814,9880601815,9880601816,9880667617,9880667618,9880667619,9880667620,9880667621,9880667622,9880667623,9880667624,9880667625,9880667626,9880667627,9880667628,9880667629,9880667630,9880667631,9880667632,9880667633,9880667634,9880667635,9880667636,9880667637,9880667638,9880667639,9880667640,9880667641,9880667642,9880667643,9880667644,9880667645,9880667646,9880667647,9880667648,9880667649,9880667650,9880667651,9880667652,9880667653,9880667654,9880667655,9880667656,9880667657,9880667658,9880667659,9880667660,9880667661,9880667662,9880667663,9880667664,9880667665,9880667666,9880667667,9880667668,9880667669,9880667670,9880667671,9880667672,9880667673,9880667674,9880667675,9880667676,9880667677,9880667678,9880667679,9880667680,9880667681,9880667682,9880667683,9880667684,9880667685,9880667686,9880667687,9880667688,9880667689,9880667690,9880667691,9880667692,9880667693,9880667694,9880667695,9880667696,9880667697,9880667698,9880667699,9880667700,9880667701,9880667702,9880667703,9880667704,9880667705,9880667706,9880667707,9880667708,9880667709,9880667710,9880667711,9880667712,9880667713,9880667714,9880667715,9880667716,9880667717,9880667718,9880667719,9880667720,9880667721,9880667722,9880667723,9880667724,9880667725,9880667726,9880667727,9880667728,9880667729,9880667730,9880667731,9880667732,9880667733,9880667734,9880667735,9880667736,9880667737,9880667738,9880667739,9880667740,9880667741,9880667742,9880667743,9880667744,9880667745,9880667746,9880667747,9880667748,9880667749,9880667750,9880667751,9880667752,9880667753,9880667754,9880667755,9880667756,9880667757,9880667758,9880667759,9880667760,9880667761,9880667762,9880667763,9880667764,9880667765,9880667766,9880667767,9880667768,9880667769,9880667770,9880667771,9880667772,9880667773,9880667774,9880667775,9880667776,9880667777,9880667778,9880667779,9880667780,9880667781,9880667782,9880667783,9880667784,9880667785,9880667786,9880667787,9880667788,9880667789,9880667790,9880667791,9880667792,9880667793,9880667794,9880667795,9880667796,9880667797,9880667798,9880667799,9880667800,9880667801,9880667802,9880667803,9880667804,9880667805,9880667806,9880667807,9880667808,9880667809,9880667810,9880667811,9880667812,9880667813,9880667814,9880667815,9880667816,9880667817,9880667818,9880667819,9880667820,9880667821,9880667822,9880667823,9880667824,9880667825,9880667826,9880667827,9880687667,9880667828,9880667829,9880667830,9880667831,9880667832,9880667833,9880667834,9880667835,9880667836,9880667837,9880667838,9880667839,9880667840,9880667841,9880667842,9880667843,9880667844,9880667845,9880667846,9880667847,9880667848,9880667849,9880667850,9880667851,9880667852,9880667853,9880667854,9880667855,9880667856,9880667857,9880667858,9880667859,9880667860,9880667861,9880667862,9880667863,9880667864,9880667865,9880667866,9880641833],"geometry":[{"lat":26.9642105,"lon":54.7465821},{"lat":26.9643887,"lon":54.7475503},{"lat":26.96439,"lon":54.7477637},{"lat":26.9642027,"lon":54.7486014},{"lat":26.963992,"lon":54.7495558},{"lat":26.9638853,"lon":54.749871},{"lat":26.9636352,"lon":54.7505028},{"lat":26.963386,"lon":54.7510212},{"lat":26.9633136,"lon":54.7512651},{"lat":26.9633543,"lon":54.7514887},{"lat":26.9635672,"lon":54.7519613},{"lat":26.9638209,"lon":54.7525864},{"lat":26.9640857,"lon":54.7535401},{"lat":26.9642352,"lon":54.7557194},{"lat":26.9642531,"lon":54.7564168},{"lat":26.9643487,"lon":54.7583279},{"lat":26.9642172,"lon":54.7600981},{"lat":26.9640081,"lon":54.7621299},{"lat":26.9637212,"lon":54.7635313},{"lat":26.9635897,"lon":54.764564},{"lat":26.9635837,"lon":54.7652211},{"lat":26.9638407,"lon":54.7658313},{"lat":26.9642889,"lon":54.766978},{"lat":26.9644503,"lon":54.7676418},{"lat":26.964779,"lon":54.769506},{"lat":26.9651914,"lon":54.771464},{"lat":26.9657472,"lon":54.7735427},{"lat":26.9662433,"lon":54.7753197},{"lat":26.9668529,"lon":54.7773715},{"lat":26.96708,"lon":54.7783036},{"lat":26.9672533,"lon":54.7795039},{"lat":26.9673489,"lon":54.7804427},{"lat":26.9674804,"lon":54.7807779},{"lat":26.9676836,"lon":54.7809858},{"lat":26.9680003,"lon":54.7811803},{"lat":26.9687871,"lon":54.7814965},{"lat":26.9693638,"lon":54.7818316},{"lat":26.9701533,"lon":54.7822514},{"lat":26.9712757,"lon":54.7828368},{"lat":26.9721372,"lon":54.7833875},{"lat":26.9724049,"lon":54.7836725},{"lat":26.9725559,"lon":54.7839614},{"lat":26.9730639,"lon":54.7849319},{"lat":26.9735376,"lon":54.7859063},{"lat":26.9739838,"lon":54.7868306},{"lat":26.9742756,"lon":54.7874507},{"lat":26.9744746,"lon":54.7880053},{"lat":26.9747904,"lon":54.7890143},{"lat":26.9750307,"lon":54.7898346},{"lat":26.9751439,"lon":54.7904701},{"lat":26.9752297,"lon":54.790628},{"lat":26.9753979,"lon":54.7906935},{"lat":26.9756004,"lon":54.7906935},{"lat":26.9759437,"lon":54.790809},{"lat":26.9764345,"lon":54.7910748},{"lat":26.9767399,"lon":54.7912173},{"lat":26.9768772,"lon":54.7913598},{"lat":26.9770008,"lon":54.7916948},{"lat":26.9771072,"lon":54.791845},{"lat":26.9773131,"lon":54.7920722},{"lat":26.9773955,"lon":54.792207},{"lat":26.9775705,"lon":54.7926538},{"lat":26.9777387,"lon":54.7930389},{"lat":26.9778966,"lon":54.7934395},{"lat":26.9780442,"lon":54.7937668},{"lat":26.9781918,"lon":54.7940942},{"lat":26.9782227,"lon":54.794437},{"lat":26.9781794,"lon":54.7949116},{"lat":26.9781704,"lon":54.7953436},{"lat":26.9781587,"lon":54.7958248},{"lat":26.9781433,"lon":54.7962484},{"lat":26.978121,"lon":54.7965276},{"lat":26.9780781,"lon":54.7967279},{"lat":26.9780249,"lon":54.7968723},{"lat":26.9779699,"lon":54.7970476},{"lat":26.9779957,"lon":54.7971535},{"lat":26.9780472,"lon":54.7972016},{"lat":26.9781278,"lon":54.7972093},{"lat":26.9782291,"lon":54.7971496},{"lat":26.97832,"lon":54.7970379},{"lat":26.9784264,"lon":54.7968685},{"lat":26.9785174,"lon":54.796674},{"lat":26.9786512,"lon":54.7962831},{"lat":26.9788331,"lon":54.7958344},{"lat":26.9789121,"lon":54.7956842},{"lat":26.9789636,"lon":54.7956361},{"lat":26.9790253,"lon":54.7956361},{"lat":26.9790648,"lon":54.7956842},{"lat":26.9790614,"lon":54.7958036},{"lat":26.9790614,"lon":54.7959461},{"lat":26.9790803,"lon":54.7960655},{"lat":26.9791283,"lon":54.7960924},{"lat":26.9791746,"lon":54.7960867},{"lat":26.9792587,"lon":54.7959519},{"lat":26.9793617,"lon":54.7958248},{"lat":26.9794492,"lon":54.7957651},{"lat":26.9795144,"lon":54.7957882},{"lat":26.9795196,"lon":54.7958556},{"lat":26.9794887,"lon":54.7960404},{"lat":26.9794578,"lon":54.7962465},{"lat":26.9794664,"lon":54.7963928},{"lat":26.979499,"lon":54.7965738},{"lat":26.9795385,"lon":54.7967086},{"lat":26.9796294,"lon":54.796907},{"lat":26.9797667,"lon":54.7971939},{"lat":26.9798645,"lon":54.7974481},{"lat":26.9799417,"lon":54.7977061},{"lat":26.9800447,"lon":54.798047},{"lat":26.9801494,"lon":54.7985265},{"lat":26.9801923,"lon":54.7986189},{"lat":26.9802455,"lon":54.7986362},{"lat":26.9802953,"lon":54.7986016},{"lat":26.980357,"lon":54.7984571},{"lat":26.9803811,"lon":54.7982954},{"lat":26.9803914,"lon":54.7980739},{"lat":26.9803862,"lon":54.797787},{"lat":26.9803896,"lon":54.797633},{"lat":26.9804291,"lon":54.7974597},{"lat":26.9805561,"lon":54.7971111},{"lat":26.9805921,"lon":54.7969725},{"lat":26.9805767,"lon":54.7966817},{"lat":26.9805767,"lon":54.7965296},{"lat":26.9806007,"lon":54.7963601},{"lat":26.9806608,"lon":54.7960462},{"lat":26.9807277,"lon":54.7957246},{"lat":26.9807843,"lon":54.795507},{"lat":26.9808804,"lon":54.7952471},{"lat":26.9810057,"lon":54.7950102},{"lat":26.981119,"lon":54.7948177},{"lat":26.9812082,"lon":54.7946155},{"lat":26.9812717,"lon":54.7944556},{"lat":26.9813867,"lon":54.794084},{"lat":26.9814605,"lon":54.7938433},{"lat":26.9815634,"lon":54.7935159},{"lat":26.9817007,"lon":54.7931443},{"lat":26.9818397,"lon":54.7928092},{"lat":26.9818946,"lon":54.7927245},{"lat":26.9819907,"lon":54.7926667},{"lat":26.9821126,