{"elements":[{"type":"way","id":1461785557,"bounds":{"minlat":26.7223478,"minlon":54.7553745,"maxlat":26.7679128,"maxlon":54.8892711},"nodes":[13408226774,5230318450,5230318007,5230318006,5230318449,5230318448,5230318447,5230318446,5230318445,5230318444,5230318443,5230318442,5230318441,5230318440,5230318439,5230318438,5230318437,5230318436,5230318005,5230318004,5230318435,5230318434,5230318433,5230318432,5230318431,5230318430,5230318429,5230318428,5230318427,5230318426,5230318425,5230318424,5230318423,5230318422,5230318003,5230318002,5230318421,5230318420,5230318419,5230318418,5230318417,5230318416,5230318415,5230318414,5230318413,5230318412,5230318411,5230318410,5230318409,5230318408,5230318001,5230318000,5230318407,5230318406,5230318405,5230318404,5230318403,5230318402,5230318401,5230318400,5230318399,5230318398,5230318397,5230318396,5230318395,5230318394,5230317999,5230317998,5230318393,5230318392,5230318391,5230318390,5230318389,5230318388,5230318387,5230318386,5230318385,5230318384,5230318383,5230318382,5230318381,5230318380,5230317997,5230317996,5230318379,5230318378,5230318377,5230318376,5230318375,5230318374,6656797929,5230318373,6656797926,6656797922,5230318372,11308825861,5230318371,5230318370,5230318369,5230318368,5230318367,5230318366,5230317995,5230317994,5230318365,5230318364,5230318363,5230318362,5230318361,5230318360,5230318359,5230318358,5230318357,5230318356,5230318355,5230318354,5230318353,5230318352,5230317993,5230317992,5230318351,5230318350,8223042724,5230318349,5230318348,5230318347,5230318346,5230318345,5230318344,5230318343,5230318342,5230318341,5230318340,5230318339,5230318338,5230317991,5230317990,5230318337,5230318336,5230318335,5230318334,5230318333,5230318332,5230318331,5230318330,5230318329,5230318328,5230318327,5230318326,5230318325,5230318324,5230317989,5230317988,5230318323,5230318322,5230318321,5230318320,5230318319,5230318318,5230318317,5230318316,5230318315,5230318314,5230318313,5230318312,5230318311,5230318310,5230317987,5230317986,5230318309,5230318308,5230318307,5230318306,5230318305,5230318304,5230318303,5230318302,5230318301,5230318300,5230318299,5230318298,5230318297,5230318296,5230317985,5230317984,5230318295,5230318294,5230318293,5230318292,5230318291,5230318290,5230318289,5230318288,5230318287,5230318286,5230318285,5230318284,5230318283,5230318282,5230317983,5230317982,5230318281,5230318280,5230318279,5230318278,5230318277,5230318276,5230318275,5230318274,5230318273,5230318272,5230318271,5230318270,5230318269,5230318268,5230317981,5230317980,5230318267,5230318266,5230318265,5230318264,5230318263,5230318262,5230318261,5230318260],"geometry":[{"lat":26.7657126,"lon":54.7553745},{"lat":26.7677595,"lon":54.7674331},{"lat":26.7678385,"lon":54.7679615},{"lat":26.7678912,"lon":54.768447},{"lat":26.7679056,"lon":54.7687018},{"lat":26.7679128,"lon":54.7690076},{"lat":26.7679008,"lon":54.7693241},{"lat":26.767872,"lon":54.7696701},{"lat":26.7678146,"lon":54.7700509},{"lat":26.7677355,"lon":54.7704238},{"lat":26.7676254,"lon":54.7708234},{"lat":26.7674865,"lon":54.7712606},{"lat":26.767259,"lon":54.7718534},{"lat":26.7670985,"lon":54.7722557},{"lat":26.7665669,"lon":54.7735217},{"lat":26.7661358,"lon":54.7745839},{"lat":26.7660209,"lon":54.7748896},{"lat":26.7658748,"lon":54.7753537},{"lat":26.7657167,"lon":54.7759089},{"lat":26.765597,"lon":54.7764024},{"lat":26.7655108,"lon":54.7768718},{"lat":26.7654677,"lon":54.7772017},{"lat":26.7654174,"lon":54.7777757},{"lat":26.7653551,"lon":54.7787815},{"lat":26.7652593,"lon":54.7803318},{"lat":26.7652066,"lon":54.7809997},{"lat":26.7650055,"lon":54.7842211},{"lat":26.7649384,"lon":54.785243},{"lat":26.7649001,"lon":54.785648},{"lat":26.7648618,"lon":54.785935},{"lat":26.7647875,"lon":54.7864419},{"lat":26.764675,"lon":54.787083},{"lat":26.7640882,"lon":54.7902641},{"lat":26.7638679,"lon":54.7913477},{"lat":26.7637338,"lon":54.7918841},{"lat":26.7635925,"lon":54.7923508},{"lat":26.763444,"lon":54.7927988},{"lat":26.7632357,"lon":54.7932762},{"lat":26.7630441,"lon":54.7937053},{"lat":26.7627926,"lon":54.7941908},{"lat":26.7623639,"lon":54.794974},{"lat":26.7607186,"lon":54.7978359},{"lat":26.7605653,"lon":54.7981203},{"lat":26.7602803,"lon":54.798646},{"lat":26.760072,"lon":54.7990054},{"lat":26.7597798,"lon":54.7994748},{"lat":26.7595116,"lon":54.7999442},{"lat":26.7592529,"lon":54.8004672},{"lat":26.7590278,"lon":54.8009875},{"lat":26.7588793,"lon":54.801414},{"lat":26.7587667,"lon":54.8018432},{"lat":26.7586949,"lon":54.802224},{"lat":26.7586422,"lon":54.8025888},{"lat":26.7586063,"lon":54.8030314},{"lat":26.7586087,"lon":54.803431},{"lat":26.7586326,"lon":54.8038763},{"lat":26.7586949,"lon":54.8043698},{"lat":26.7588362,"lon":54.8051262},{"lat":26.7592888,"lon":54.8073176},{"lat":26.7612623,"lon":54.8171318},{"lat":26.761406,"lon":54.8177889},{"lat":26.7615041,"lon":54.8181403},{"lat":26.7616167,"lon":54.8184112},{"lat":26.7617891,"lon":54.8187089},{"lat":26.7619616,"lon":54.8189154},{"lat":26.7621939,"lon":54.8191407},{"lat":26.7625435,"lon":54.8194706},{"lat":26.762795,"lon":54.8197255},{"lat":26.7630273,"lon":54.8199883},{"lat":26.7632716,"lon":54.8203102},{"lat":26.7634871,"lon":54.8206267},{"lat":26.7636619,"lon":54.820911},{"lat":26.7638248,"lon":54.8212382},{"lat":26.764002,"lon":54.8216513},{"lat":26.7641505,"lon":54.8220777},{"lat":26.7642774,"lon":54.8225284},{"lat":26.7643756,"lon":54.8230353},{"lat":26.7644187,"lon":54.8233491},{"lat":26.7644451,"lon":54.8236334},{"lat":26.764457,"lon":54.8239285},{"lat":26.7644522,"lon":54.8243067},{"lat":26.7644427,"lon":54.8247814},{"lat":26.7644115,"lon":54.8258275},{"lat":26.7643588,"lon":54.8276567},{"lat":26.7643109,"lon":54.8297113},{"lat":26.7642894,"lon":54.8303416},{"lat":26.7642511,"lon":54.8309693},{"lat":26.7641912,"lon":54.8317632},{"lat":26.7641098,"lon":54.8324874},{"lat":26.7640523,"lon":54.8329219},{"lat":26.7639698,"lon":54.8333422},{"lat":26.7639254,"lon":54.8335683},{"lat":26.7638978,"lon":54.8337009},{"lat":26.7636115,"lon":54.8350735},{"lat":26.7635159,"lon":54.8355317},{"lat":26.763142,"lon":54.8371819},{"lat":26.7629698,"lon":54.8379967},{"lat":26.7628549,"lon":54.8386055},{"lat":26.7627878,"lon":54.8390132},{"lat":26.76268,"lon":54.8397186},{"lat":26.7626082,"lon":54.8402846},{"lat":26.7625507,"lon":54.8408452},{"lat":26.7624789,"lon":54.8416203},{"lat":26.7624118,"lon":54.8422801},{"lat":26.7622537,"lon":54.8437473},{"lat":26.7621819,"lon":54.8446137},{"lat":26.7620789,"lon":54.8456383},{"lat":26.7619328,"lon":54.8471805},{"lat":26.7618777,"lon":54.8476902},{"lat":26.7618514,"lon":54.8480201},{"lat":26.761837,"lon":54.8484975},{"lat":26.7618466,"lon":54.8491788},{"lat":26.761873,"lon":54.8498252},{"lat":26.7619496,"lon":54.8508766},{"lat":26.7619472,"lon":54.8512629},{"lat":26.7619304,"lon":54.8515204},{"lat":26.7618849,"lon":54.8518369},{"lat":26.7617939,"lon":54.8522392},{"lat":26.761667,"lon":54.8526308},{"lat":26.7615281,"lon":54.8529419},{"lat":26.7612168,"lon":54.8534891},{"lat":26.7608264,"lon":54.8540658},{"lat":26.7597912,"lon":54.8554705},{"lat":26.759672,"lon":54.8556322},{"lat":26.7592002,"lon":54.8562786},{"lat":26.7588769,"lon":54.8567748},{"lat":26.7586446,"lon":54.8571503},{"lat":26.7584578,"lon":54.8575231},{"lat":26.7583021,"lon":54.8578745},{"lat":26.7581464,"lon":54.8582688},{"lat":26.7580099,"lon":54.8586845},{"lat":26.7578351,"lon":54.8593524},{"lat":26.7575453,"lon":54.8604199},{"lat":26.7574662,"lon":54.8607284},{"lat":26.7569322,"lon":54.862791},{"lat":26.7566663,"lon":54.8639336},{"lat":26.756264,"lon":54.8655054},{"lat":26.7561322,"lon":54.8661008},{"lat":26.7560292,"lon":54.8664656},{"lat":26.755876,"lon":54.8669618},{"lat":26.7557442,"lon":54.8675224},{"lat":26.7555023,"lon":54.8684612},{"lat":26.754815,"lon":54.8712185},{"lat":26.7545778,"lon":54.8720634},{"lat":26.7544964,"lon":54.8724416},{"lat":26.7543671,"lon":54.8730263},{"lat":26.7541755,"lon":54.8737988},{"lat":26.7539551,"lon":54.8745391},{"lat":26.7538378,"lon":54.8750111},{"lat":26.7536749,